0,-0.96984,-0.96965,-0.1,0.2,0.01,0.01,143.56
0.1,0.002955,-0.1551,-0.1,0.2,0,0.02,84.741
0.2,0.17511,0.001949,-0.1,0.2,-0.01,0.03,84.722
0.3,0.12804,0.036464,-0.1,0.2,-0.02,0.04,84.741
0.4,0.042974,0.049553,-0.1,0.2,-0.03,0.05,84.722
0.5,-0.034457,0.058081,-0.1,0.2,-0.04,0.06,84.722
0.6,-0.097065,0.069563,-0.1,0.2,-0.044413,0.07,84.537
0.7,-0.13849,0.082066,-0.1,0.2,-0.036324,0.08,84.13
0.8,-0.13149,0.10951,-0.1,0.2,-0.035207,0.09,84.13
0.9,-0.11865,0.13291,-0.1,0.2,-0.036721,0.1,84.537
1,-0.11427,0.15024,-0.1,0.2,-0.037121,0.11,84.537
1.1,-0.10769,0.16981,-0.1,0.2,-0.037816,0.12,86.963
1.2,-0.098642,0.19105,-0.1,0.2,-0.039227,0.12182,84.278
1.3,-0.099238,0.19794,-0.1,0.2,-0.039114,0.12162,84.019
1.4,-0.097553,0.20017,-0.1,0.2,-0.039694,0.12141,84.019
1.5,-0.1013,0.19993,-0.1,0.2,-0.038865,0.12119,84.019
1.6,-0.10336,0.19856,-0.1,0.2,-0.038032,0.12166,83.87
1.7,-0.10004,0.19959,-0.1,0.2,-0.038573,0.12191,84.278
1.8,-0.099096,0.20185,-0.1,0.2,-0.038744,0.12102,84
1.9,-0.099316,0.19981,-0.1,0.2,-0.038895,0.12133,84.296
2,-0.10199,0.19795,-0.1,0.2,-0.038271,0.12212,83.889
2.1,-0.099766,0.20051,-0.1,0.2,-0.038543,0.12176,143.31
2.2,-0.095751,0.20435,-0.1,0.2,-0.039597,0.12,86.611
2.3,-0.1015,0.19773,-0.1,0.2,-0.038734,0.12127,83.87
2.4,-0.098979,0.19974,-0.1,0.2,-0.039272,0.12136,84.296
2.5,-0.099868,0.19976,-0.1,0.2,-0.03917,0.1214,83.87
2.6,-0.10183,0.19856,-0.1,0.2,-0.038653,0.12191,83.889
2.7,-0.099609,0.19953,-0.1,0.2,-0.039093,0.12213,84.278
2.8,-0.1012,0.20083,-0.1,0.2,-0.038539,0.12151,84.019
2.9,-0.1003,0.20094,-0.1,0.2,-0.038555,0.12115,84
3,-0.10234,0.19814,-0.1,0.2,-0.037997,0.12199,83.889
3.1,-0.097797,0.2025,-0.1,0.2,-0.038841,0.12086,84.019
3.2,-0.10093,0.19897,-0.1,0.2,-0.038349,0.12145,143.3
3.3,-0.097172,0.20138,-0.1,0.2,-0.039287,0.12097,86.593
3.4,-0.097206,0.20131,-0.1,0.2,-0.03972,0.12058,84.019
3.5,-0.098208,0.19998,-0.1,0.2,-0.039905,0.12077,84.278
3.6,-0.10461,0.19777,-0.1,0.2,-0.038276,0.12135,83.889
3.7,-0.10123,0.19872,-0.1,0.2,-0.038597,0.12187,84.296
3.8,-0.10083,0.19986,-0.1,0.2,-0.038542,0.12179,84.019
3.9,-0.099624,0.20083,-0.1,0.2,-0.038735,0.12143,84.019
4,-0.098393,0.20072,-0.1,0.2,-0.039174,0.12129,84
4.1,-0.099546,0.19957,-0.1,0.2,-0.039099,0.12154,83.87
4.2,-0.10118,0.19987,-0.1,0.2,-0.038633,0.12142,84.019
4.3,-0.099687,0.20037,-0.1,0.2,-0.038875,0.12131,143.44
4.4,-0.09872,0.20088,-0.1,0.2,-0.039208,0.12102,84.019
4.5,-0.099961,0.20044,-0.1,0.2,-0.039019,0.12084,84.019
4.6,-0.09998,0.19924,-0.1,0.2,-0.039083,0.12127,84.296
4.7,-0.10122,0.19895,-0.1,0.2,-0.038738,0.12161,83.889
4.8,-0.097636,0.20145,-0.1,0.2,-0.039578,0.12105,84.019
4.9,-0.10174,0.19889,-0.1,0.2,-0.03877,0.12147,83.87
5,-0.10051,0.19976,-0.1,0.2,-0.03884,0.12151,84.296
5.1,-0.10303,0.19829,-0.1,0.2,-0.038044,0.12208,83.889
5.2,-0.097773,0.20199,-0.1,0.2,-0.039046,0.12126,84
5.3,-0.099297,0.19998,-0.1,0.2,-0.039021,0.12144,83.889
5.4,-0.0979,0.20165,-0.1,0.2,-0.039455,0.12077,143.39
5.5,-0.10166,0.19854,-0.1,0.2,-0.038728,0.12142,83.889
5.6,-0.098603,0.20122,-0.1,0.2,-0.039293,0.12087,84.019
5.7,-0.10198,0.1989,-0.1,0.2,-0.038564,0.1213,83.889
5.8,-0.10066,0.19873,-0.1,0.2,-0.038722,0.12187,84.278
5.9,-0.099355,0.20042,-0.1,0.2,-0.038999,0.12161,84
6,-0.10107,0.19984,-0.1,0.2,-0.038544,0.12158,84.019
6.1,-0.099707,0.20084,-0.1,0.2,-0.038734,0.12122,84
6.2,-0.098369,0.20168,-0.1,0.2,-0.039103,0.12061,84.019
6.3,-0.099697,0.19934,-0.1,0.2,-0.039055,0.12109,83.87
6.4,-0.10065,0.19878,-0.1,0.2,-0.038883,0.12156,86.481
6.5,-0.10175,0.19892,-0.1,0.2,-0.038445,0.12183,143.28
6.6,-0.098344,0.20145,-0.1,0.2,-0.039126,0.12122,84
6.7,-0.1003,0.19991,-0.1,0.2,-0.038828,0.12131,83.889
6.8,-0.10093,0.19997,-0.1,0.2,-0.03855,0.12124,84.019
6.9,-0.099263,0.20044,-0.1,0.2,-0.038895,0.12113,84.019
7,-0.10132,0.20012,-0.1,0.2,-0.038339,0.12095,84.019
7.1,-0.10006,0.19955,-0.1,0.2,-0.038569,0.12126,84.296
7.2,-0.097026,0.20173,-0.1,0.2,-0.03943,0.12064,84.019
7.3,-0.10102,0.19895,-0.1,0.2,-0.038756,0.1211,83.889
7.4,-0.098862,0.19947,-0.1,0.2,-0.039306,0.12142,84.296
7.5,-0.099092,0.2009,-0.1,0.2,-0.039349,0.12093,86.63
7.6,-0.10059,0.19892,-0.1,0.2,-0.03912,0.12147,143.3
7.7,-0.10057,0.19893,-0.1,0.2,-0.039102,0.12188,83.87
7.8,-0.10022,0.20028,-0.1,0.2,-0.039055,0.12162,84
7.9,-0.10041,0.20099,-0.1,0.2,-0.03888,0.12111,84.019
8,-0.10018,0.20009,-0.1,0.2,-0.038894,0.12117,84.278
8.1,-0.1016,0.19756,-0.1,0.2,-0.038594,0.12229,83.87
8.2,-0.10024,0.19958,-0.1,0.2,-0.038745,0.1223,84.296
8.3,-0.098056,0.20101,-0.1,0.2,-0.039341,0.12192,84.019
8.4,-0.099477,0.20209,-0.1,0.2,-0.03906,0.12091,84.019
8.5,-0.099575,0.20033,-0.1,0.2,-0.03912,0.12099,84.296
8.6,-0.09959,0.19945,-0.1,0.2,-0.039249,0.12134,86.889
8.7,-0.10082,0.20081,-0.1,0.2,-0.038838,0.12077,85.296
8.8,-0.099536,0.19995,-0.1,0.2,-0.039145,0.12098,85.463
8.9,-0.10087,0.19855,-0.1,0.2,-0.038911,0.12161,85.185
9,-0.095267,0.2033,-0.1,0.2,-0.040328,0.12028,85.185
9.1,-0.10032,0.19965,-0.1,0.2,-0.039601,0.12054,85.13
9.2,-0.09852,0.201,-0.1,0.2,-0.040025,0.12016,85.389
9.3,-0.099722,0.2001,-0.1,0.2,-0.039917,0.12018,85.204
9.4,-0.10128,0.1983,-0.1,0.2,-0.039586,0.12092,85.13
9.5,-0.09832,0.20084,-0.1,0.2,-0.040273,0.12055,85.222
9.6,-0.098105,0.19963,-0.1,0.2,-0.040696,0.12093,85.685
9.7,-0.10292,0.19875,-0.1,0.2,-0.039527,0.12113,87.778
9.8,-0.099145,0.20048,-0.1,0.2,-0.040164,0.12097,84
9.9,-0.099365,0.20057,-0.1,0.2,-0.040224,0.12076,84
10,-0.098745,0.20082,-0.1,-0.2,-0.030224,0.11076,84.444
10.1,-0.083463,0.19304,-0.1,-0.2,-0.020224,0.10076,84.444
10.2,-0.052904,0.18424,-0.1,-0.2,-0.010224,0.090758,84.463
10.3,-0.01832,0.17475,-0.1,-0.2,-0.01301,0.080758,84.333
10.4,-0.012083,0.15583,-0.1,-0.2,-0.014169,0.070758,84.333
10.5,-0.017705,0.13467,-0.1,-0.2,-0.013072,0.060758,84.333
10.6,-0.023707,0.11486,-0.1,-0.2,-0.011609,0.050758,84.333
10.7,-0.027492,0.095961,-0.1,-0.2,-0.010715,0.040758,143.67
10.8,-0.031966,0.076645,-0.1,-0.2,-0.010119,0.030758,86.907
10.9,-0.036645,0.057412,-0.1,-0.2,-0.009476,0.020758,84.315
11,-0.043228,0.039013,-0.1,-0.2,-0.008092,0.010758,84.333
11.1,-0.050662,0.018022,-0.1,-0.2,-0.00628,0.000758,84.333
11.2,-0.052122,-0.000786,-0.1,-0.2,-0.005937,-0.009242,84.315
11.3,-0.05749,-0.01916,-0.1,-0.2,-0.004868,-0.019242,84.333
11.4,-0.063736,-0.039614,-0.1,-0.2,-0.00352,-0.029242,84.333
11.5,-0.066828,-0.057714,-0.1,-0.2,-0.002825,-0.039242,84.333
11.6,-0.072259,-0.076928,-0.1,-0.2,-0.001715,-0.049242,84.333
11.7,-0.07894,-0.09747,-0.1,-0.2,-0.000214,-0.059242,84.333
11.8,-0.080557,-0.11411,-0.1,-0.2,0.000197,-0.069242,143.74
11.9,-0.087214,-0.13477,-0.1,-0.2,0.001481,-0.079242,86.963
12,-0.091687,-0.15518,-0.1,-0.2,0.002316,-0.089242,84.315
12.1,-0.096342,-0.17222,-0.1,-0.2,0.003375,-0.099242,84.333
12.2,-0.10162,-0.1925,-0.1,-0.2,0.004437,-0.10027,84
12.3,-0.10056,-0.19744,-0.1,-0.2,0.004305,-0.10046,84
12.4,-0.099614,-0.20121,-0.1,-0.2,0.003868,-0.099404,84.296
12.5,-0.10082,-0.2018,-0.1,-0.2,0.004049,-0.098711,83.889
12.6,-0.096689,-0.19755,-0.1,-0.2,0.003077,-0.099824,84.019
12.7,-0.10303,-0.20152,-0.1,-0.2,0.004449,-0.09928,83.889
12.8,-0.098637,-0.19881,-0.1,-0.2,0.00368,-0.099752,84.019
12.9,-0.099883,-0.19894,-0.1,-0.2,0.003884,-0.10021,143.39
13,-0.098676,-0.19928,-0.1,-0.2,0.003503,-0.10033,84.019
13.1,-0.10211,-0.20187,-0.1,-0.2,0.004214,-0.099564,83.87
13.2,-0.09893,-0.1988,-0.1,-0.2,0.00371,-0.10017,84.019
13.3,-0.10115,-0.20029,-0.1,-0.2,0.004187,-0.10007,83.87
13.4,-0.097045,-0.19887,-0.1,-0.2,0.003126,-0.10031,84.019
13.5,-0.10317,-0.20256,-0.1,-0.2,0.00438,-0.09935,83.87
13.6,-0.099687,-0.19877,-0.1,-0.2,0.003988,-0.10007,84
13.7,-0.10116,-0.20148,-0.1,-0.2,0.004255,-0.099317,83.889
13.8,-0.099463,-0.20124,-0.1,-0.2,0.003824,-0.098726,84.296
13.9,-0.097685,-0.19735,-0.1,-0.2,0.003351,-0.10002,84.019
14,-0.10281,-0.2014,-0.1,-0.2,0.004519,-0.099438,143.26
14.1,-0.10107,-0.20066,-0.1,-0.2,0.004428,-0.099202,84.278
14.2,-0.098266,-0.19885,-0.1,-0.2,0.003779,-0.099627,84
14.3,-0.098188,-0.19901,-0.1,-0.2,0.003473,-0.099909,84.019
14.4,-0.099653,-0.19875,-0.1,-0.2,0.003718,-0.1005,84
14.5,-0.10019,-0.20073,-0.1,-0.2,0.003786,-0.10003,83.889
14.6,-0.099502,-0.20096,-0.1,-0.2,0.003511,-0.09954,84.278
14.7,-0.10092,-0.20051,-0.1,-0.2,0.003851,-0.099503,83.889
14.8,-0.10147,-0.20061,-0.1,-0.2,0.004171,-0.099363,83.87
14.9,-0.097006,-0.19698,-0.1,-0.2,0.003211,-0.1006,84
15,-0.10292,-0.20273,0.1,-0.2,0.013211,-0.1106,87.074
15.1,-0.083643,-0.20958,0.1,-0.2,0.023211,-0.1206,143.83
15.2,-0.051512,-0.21528,0.1,-0.2,0.033211,-0.12395,84.148
15.3,-0.016532,-0.21937,0.1,-0.2,0.043211,-0.12246,84
15.4,0.030559,-0.20745,0.1,-0.2,0.053211,-0.12343,84.148
15.5,0.077294,-0.20102,0.1,-0.2,0.05242,-0.12281,84.278
15.6,0.10056,-0.19646,0.1,-0.2,0.048998,-0.12348,84.019
15.7,0.1026,-0.20069,0.1,-0.2,0.048203,-0.12261,84.278
15.8,0.10233,-0.20144,0.1,-0.2,0.048004,-0.12199,84.296
15.9,0.10047,-0.20078,0.1,-0.2,0.048434,-0.12193,83.87
16,0.10141,-0.1992,0.1,-0.2,0.048115,-0.1223,84.019
16.1,0.10142,-0.20125,0.1,-0.2,0.047644,-0.12148,86.833
16.2,0.10239,-0.19784,0.1,-0.2,0.04724,-0.12254,143.39
16.3,0.097675,-0.20261,0.1,-0.2,0.048137,-0.12134,83.889
16.4,0.10173,-0.19917,0.1,-0.2,0.04734,-0.12175,84
16.5,0.10069,-0.19864,0.1,-0.2,0.047449,-0.12238,84.019
16.6,0.098545,-0.19968,0.1,-0.2,0.048047,-0.12258,84
16.7,0.097563,-0.20164,0.1,-0.2,0.048497,-0.12186,83.889
16.8,0.099795,-0.20044,0.1,-0.2,0.048195,-0.1217,84.278
16.9,0.10025,-0.19975,0.1,-0.2,0.048077,-0.12184,84.019
17,0.1003,-0.20012,0.1,-0.2,0.048005,-0.12175,84.278
17.1,0.099057,-0.19997,0.1,-0.2,0.048392,-0.1219,84.019
17.2,0.10111,-0.19841,0.1,-0.2,0.048026,-0.12255,86.63
17.3,0.10059,-0.20032,0.1,-0.2,0.047921,-0.1222,84.296
17.4,0.10263,-0.1975,0.1,-0.2,0.047336,-0.12326,84.019
17.5,0.09789,-0.20137,0.1,-0.2,0.048286,-0.12265,83.87
17.6,0.10079,-0.20055,0.1,-0.2,0.047699,-0.12231,84.296
17.7,0.098344,-0.20182,0.1,-0.2,0.048205,-0.12165,83.87
17.8,0.10057,-0.19907,0.1,-0.2,0.047884,-0.12219,84.019
17.9,0.099145,-0.20183,0.1,-0.2,0.048071,-0.12128,83.87
18,0.099443,-0.19937,0.1,-0.2,0.04824,-0.12182,84
18.1,0.1009,-0.1993,0.1,-0.2,0.047895,-0.122,84
18.2,0.10164,-0.19921,0.1,-0.2,0.047534,-0.1222,84
18.3,0.099272,-0.19978,0.1,-0.2,0.048026,-0.12238,86.593
18.4,0.099551,-0.20073,0.1,-0.2,0.048018,-0.12199,84.278
18.5,0.10076,-0.19958,0.1,-0.2,0.047735,-0.12217,84.019
18.6,0.10009,-0.20099,0.1,-0.2,0.047717,-0.12165,84.296
18.7,0.10092,-0.19861,0.1,-0.2,0.047555,-0.12239,84.019
18.8,0.097109,-0.20116,0.1,-0.2,0.048561,-0.12199,83.889
18.9,0.10002,-0.19904,0.1,-0.2,0.048226,-0.12245,84.019
19,0.099326,-0.20129,0.1,-0.2,0.048301,-0.12174,83.87
19.1,0.10173,-0.19948,0.1,-0.2,0.047677,-0.12194,84
19.2,0.099531,-0.20066,0.1,-0.2,0.04803,-0.12169,83.87
19.3,0.10157,-0.19914,0.1,-0.2,0.047553,-0.12204,144.44
19.4,0.099805,-0.20064,0.1,-0.2,0.047776,-0.12172,86.426
19.5,0.098794,-0.19869,0.1,-0.2,0.048285,-0.12257,85.296
19.6,0.10041,-0.20143,0.1,-0.2,0.04781,-0.12158,85.519
19.7,0.09895,-0.20136,0.1,-0.2,0.04812,-0.12116,85.167
19.8,0.10104,-0.19859,0.1,-0.2,0.047759,-0.12188,85.185
19.9,0.10184,-0.19873,0.1,-0.2,0.047386,-0.12226,85.296
20,0.097162,-0.20149,0.1,-0.2,0.048479,-0.12173,85.13
20.1,0.10082,-0.19907,0.1,-0.2,0.047883,-0.12213,85.222
20.2,0.10136,-0.20042,0.1,-0.2,0.047483,-0.12172,85.556
20.3,0.09726,-0.20155,0.1,-0.2,0.048476,-0.12132,85.13
20.4,0.10292,-0.19786,0.1,-0.2,0.047305,-0.12216,144.61
20.5,0.099233,-0.199,0.1,-0.2,0.048055,-0.12267,87.852
20.6,0.09896,-0.19947,0.1,-0.2,0.048317,-0.12288,84
20.7,0.09956,-0.20247,0.1,-0.2,0.04807,-0.12154,84.296
20.8,0.10118,-0.19924,0.1,-0.2,0.047718,-0.12205,84.019
20.9,0.10082,-0.19924,0.1,-0.2,0.047657,-0.12235,84.019
21,0.09872,-0.20131,0.1,-0.2,0.048112,-0.12178,83.87
21.1,0.10061,-0.20098,0.1,-0.2,0.047661,-0.12129,84.278
21.2,0.099683,-0.19895,0.1,-0.2,0.047957,-0.122,84.019
21.3,0.098061,-0.20134,0.1,-0.2,0.048434,-0.12139,83.87
21.4,0.10152,-0.19868,0.1,-0.2,0.047761,-0.12195,84.019
21.5,0.10128,-0.19914,0.1,-0.2,0.047605,-0.1222,143.44
21.6,0.097621,-0.20184,0.1,-0.2,0.048425,-0.12147,86.463
21.7,0.10153,-0.19834,0.1,-0.2,0.047743,-0.12225,84.019
21.8,0.098022,-0.2011,0.1,-0.2,0.048512,-0.12178,83.87
21.9,0.10171,-0.19912,0.1,-0.2,0.047724,-0.12206,84
22,0.099897,-0.20108,0.1,-0.2,0.047892,-0.12152,83.889
22.1,0.099316,-0.20077,0.1,-0.2,0.048089,-0.12131,83.87
22.2,0.10009,-0.20014,0.1,-0.2,0.047952,-0.12129,84.278
22.3,0.099995,-0.19926,0.1,-0.2,0.048047,-0.1217,84
22.4,0.10066,-0.1984,0.1,-0.2,0.04793,-0.12236,84
22.5,0.099575,-0.20079,0.1,-0.2,0.048077,-0.12185,83.87
22.6,0.10124,-0.1986,0.1,-0.2,0.04773,-0.1225,143.41
22.7,0.097328,-0.2035,0.1,-0.2,0.048488,-0.12089,83.889
22.8,0.10066,-0.20058,0.1,-0.2,0.047882,-0.12076,84.296
22.9,0.099282,-0.19931,0.1,-0.2,0.048287,-0.12131,84
23,0.10331,-0.19702,0.1,-0.2,0.04732,-0.1224,84
23.1,0.097226,-0.20182,0.1,-0.2,0.048528,-0.12159,83.87
23.2,0.10057,-0.19926,0.1,-0.2,0.048044,-0.12195,84
23.3,0.10056,-0.20005,0.1,-0.2,0.047894,-0.12181,84.278
23.4,0.10167,-0.19886,0.1,-0.2,0.047517,-0.12226,84
23.5,0.09809,-0.202,0.1,-0.2,0.048207,-0.12139,83.87
23.6,0.10043,-0.19937,0.1,-0.2,0.047901,-0.1218,86.648
23.7,0.10136,-0.19808,0.1,-0.2,0.047641,-0.1226,143.48
23.8,0.10019,-0.20064,0.1,-0.2,0.047687,-0.12211,83.889
23.9,0.10094,-0.19983,0.1,-0.2,0.047417,-0.12217,84.019
24,0.096576,-0.20263,0.1,-0.2,0.048505,-0.12121,83.889
24.1,0.10107,-0.19876,0.1,-0.2,0.047783,-0.12184,84
24.2,0.097836,-0.2004,0.1,-0.2,0.048595,-0.12179,83.87
24.3,0.099521,-0.20046,0.1,-0.2,0.048406,-0.12153,84.296
24.4,0.10066,-0.19987,0.1,-0.2,0.048111,-0.12155,84.019
24.5,0.10199,-0.19866,0.1,-0.2,0.047673,-0.12206,84
24.6,0.10092,-0.1994,0.1,-0.2,0.047681,-0.12223,84
24.7,0.10033,-0.19946,0.1,-0.2,0.047771,-0.12246,86.519
24.8,0.098027,-0.20344,0.1,-0.2,0.04818,-0.12085,143.28
24.9,0.10142,-0.19819,0.1,-0.2,0.047612,-0.1219,84
25,0.097499,-0.20241,0.1,0.2,0.037612,-0.1119,84.722
25.1,0.082037,-0.1938,0.1,0.2,0.027612,-0.1019,84.722
25.2,0.053328,-0.18558,0.1,0.2,0.017612,-0.091896,84.722
25.3,0.015204,-0.17711,0.1,0.2,0.021282,-0.081896,84.13
25.4,0.014525,-0.15546,0.1,0.2,0.021247,-0.071896,84.537
25.5,0.018022,-0.13506,0.1,0.2,0.020351,-0.061896,84.537
25.6,0.021807,-0.11532,0.1,0.2,0.019571,-0.051896,84.537
25.7,0.027853,-0.096098,0.1,0.2,0.018276,-0.041896,84.537
25.8,0.03179,-0.077016,0.1,0.2,0.017771,-0.031896,87.148
25.9,0.037328,-0.05578,0.1,0.2,0.017,-0.021896,143.94
26,0.043917,-0.038032,0.1,0.2,0.015517,-0.011896,84.537
26.1,0.047009,-0.020063,0.1,0.2,0.014847,-0.001896,84.537
26.2,0.052566,-0.001328,0.1,0.2,0.013686,0.008104,84.537
26.3,0.057031,0.018882,0.1,0.2,0.012878,0.018104,84.537
26.4,0.063878,0.039819,0.1,0.2,0.011445,0.028104,84.537
26.5,0.068933,0.059497,0.1,0.2,0.010206,0.038104,84.537
26.6,0.071883,0.077245,0.1,0.2,0.009528,0.048104,84.537
26.7,0.079101,0.097226,0.1,0.2,0.007876,0.058104,84.537
26.8,0.080562,0.11349,0.1,0.2,0.007445,0.068104,84.537
26.9,0.087853,0.13533,0.1,0.2,0.006014,0.078104,87.111
27,0.088244,0.15326,0.1,0.2,0.006243,0.088104,84.13
27.1,0.098129,0.17313,0.1,0.2,0.004219,0.098104,84.537
27.2,0.10176,0.19111,0.1,0.2,0.003204,0.099839,84.278
27.3,0.10045,0.19866,0.1,0.2,0.003535,0.099225,84.019
27.4,0.098462,0.19925,0.1,0.2,0.004168,0.099179,84.019
27.5,0.099468,0.19951,0.1,0.2,0.004125,0.099371,84.278
27.6,0.098823,0.19908,0.1,0.2,0.004324,0.099728,83.87
27.7,0.10315,0.2025,0.1,0.2,0.003292,0.098732,84
27.8,0.10051,0.20059,0.1,0.2,0.0036,0.098585,84.019
27.9,0.096117,0.19867,0.1,0.2,0.004892,0.098911,143.24
28,0.10329,0.20158,0.1,0.2,0.003361,0.098501,86.556
28.1,0.099414,0.19976,0.1,0.2,0.003971,0.09858,83.87
28.2,0.10076,0.20074,0.1,0.2,0.003691,0.098285,84
28.3,0.099033,0.19812,0.1,0.2,0.003966,0.099183,83.87
28.4,0.098613,0.20014,0.1,0.2,0.004361,0.098813,84.019
28.5,0.09939,0.19998,0.1,0.2,0.004324,0.098848,84.296
28.6,0.099624,0.19998,0.1,0.2,0.004358,0.098855,83.87
28.7,0.10046,0.19971,0.1,0.2,0.004111,0.099068,84.278
28.8,0.099253,0.19976,0.1,0.2,0.004424,0.099055,84.019
28.9,0.10116,0.20141,0.1,0.2,0.004063,0.098454,84
29,0.10076,0.20125,0.1,0.2,0.004056,0.097989,143.13
29.1,0.10004,0.20072,0.1,0.2,0.004195,0.097732,86.593
29.2,0.099355,0.19815,0.1,0.2,0.004242,0.098704,83.87
29.3,0.10184,0.20094,0.1,0.2,0.003639,0.098245,84
29.4,0.10002,0.19931,0.1,0.2,0.003826,0.098597,83.87
29.5,0.098408,0.19943,0.1,0.2,0.004341,0.098646,83.889
29.6,0.10245,0.20078,0.1,0.2,0.003361,0.098512,84.019
29.7,0.098916,0.19973,0.1,0.2,0.004044,0.098502,84.019
29.8,0.099526,0.19928,0.1,0.2,0.003989,0.098848,84.278
29.9,0.099472,0.19995,0.1,0.2,0.004103,0.098769,84.019
30,0.097866,0.19818,0.1,0.2,0.004598,0.099498,83.87
30.1,0.10103,0.20188,-0.1,0.2,-0.005402,0.1095,145.07
30.2,0.08357,0.20752,-0.1,0.2,-0.015402,0.1195,87.278
30.3,0.054256,0.2173,-0.1,0.2,-0.025402,0.12209,85.778
30.4,0.01452,0.21536,-0.1,0.2,-0.035402,0.1226,84.463
30.5,-0.030193,0.20905,-0.1,0.2,-0.045402,0.12243,85.426
30.6,-0.077631,0.19961,-0.1,0.2,-0.044601,0.12263,85.056
30.7,-0.099438,0.19917,-0.1,0.2,-0.041357,0.12189,85.333
30.8,-0.1015,0.20088,-0.1,0.2,-0.040796,0.12127,85.259
30.9,-0.10282,0.20023,-0.1,0.2,-0.040374,0.1212,85.259
31,-0.10173,0.20086,-0.1,0.2,-0.040418,0.12086,85.259
31.1,-0.10217,0.19887,-0.1,0.2,-0.040059,0.12139,85.148
31.2,-0.098398,0.20182,-0.1,0.2,-0.040685,0.12059,144.69
31.3,-0.10233,0.19972,-0.1,0.2,-0.03971,0.12061,83.87
31.4,-0.098398,0.20118,-0.1,0.2,-0.040477,0.12026,84
31.5,-0.099302,0.19995,-0.1,0.2,-0.040519,0.12041,84.278
31.6,-0.10287,0.19786,-0.1,0.2,-0.039615,0.12118,83.87
31.7,-0.10021,0.19931,-0.1,0.2,-0.040001,0.12142,84.278
31.8,-0.096396,0.2042,-0.1,0.2,-0.04087,0.11956,84.019
31.9,-0.10354,0.19752,-0.1,0.2,-0.039439,0.12074,83.87
32,-0.099365,0.19984,-0.1,0.2,-0.040139,0.12082,84.278
32.1,-0.10014,0.20069,-0.1,0.2,-0.039935,0.1204,84
32.2,-0.10082,0.19899,-0.1,0.2,-0.039781,0.12091,83.87
32.3,-0.098589,0.20142,-0.1,0.2,-0.040262,0.12026,143.26
32.4,-0.099551,0.19873,-0.1,0.2,-0.040307,0.12103,84.296
32.5,-0.098398,0.20102,-0.1,0.2,-0.04068,0.12052,84
32.6,-0.10175,0.19831,-0.1,0.2,-0.039998,0.12122,83.87
32.7,-0.098706,0.20206,-0.1,0.2,-0.040479,0.12021,84.019
32.8,-0.10043,0.19915,-0.1,0.2,-0.040271,0.12076,83.87
32.9,-0.098764,0.19997,-0.1,0.2,-0.040741,0.12084,84.296
33,-0.10321,0.19868,-0.1,0.2,-0.039593,0.12112,83.87
33.1,-0.096747,0.20283,-0.1,0.2,-0.040877,0.12001,84.019
33.2,-0.10328,0.19864,-0.1,0.2,-0.039484,0.12052,83.889
33.3,-0.10011,0.19967,-0.1,0.2,-0.039925,0.12071,86.796
33.4,-0.098266,0.20121,-0.1,0.2,-0.040445,0.12024,143.43
33.5,-0.099946,0.19936,-0.1,0.2,-0.040259,0.12061,83.889
33.6,-0.099653,0.19998,-0.1,0.2,-0.040373,0.12058,84.019
33.7,-0.10261,0.19839,-0.1,0.2,-0.039543,0.12111,83.889
33.8,-0.09727,0.20225,-0.1,0.2,-0.040641,0.1202,84
33.9,-0.10239,0.19819,-0.1,0.2,-0.039648,0.12099,83.87
34,-0.097612,0.20138,-0.1,0.2,-0.040644,0.12046,84.019
34.1,-0.099912,0.19963,-0.1,0.2,-0.040384,0.12068,83.889
34.2,-0.10039,0.19987,-0.1,0.2,-0.040216,0.12066,84
34.3,-0.10208,0.19984,-0.1,0.2,-0.039604,0.12053,84.019
34.4,-0.099175,0.20037,-0.1,0.2,-0.040142,0.12052,86.593
34.5,-0.099179,0.19929,-0.1,0.2,-0.040403,0.12098,143.72
34.6,-0.10078,0.19904,-0.1,0.2,-0.040075,0.12127,83.87
34.7,-0.099219,0.20114,-0.1,0.2,-0.040321,0.12068,84
34.8,-0.099668,0.2,-0.1,0.2,-0.040325,0.12079,84.296
34.9,-0.10089,0.20007,-0.1,0.2,-0.039981,0.12066,84.019
35,-0.10125,0.19897,-0.1,0.2,-0.039785,0.12112,83.889
35.1,-0.097094,0.20202,-0.1,0.2,-0.040763,0.12034,84.019
35.2,-0.10243,0.19826,-0.1,0.2,-0.039707,0.12105,83.87
35.3,-0.097079,0.20256,-0.1,0.2,-0.040788,0.11997,84
35.4,-0.099067,0.20003,-0.1,0.2,-0.040713,0.12018,83.87
35.5,-0.10313,0.19795,-0.1,0.2,-0.039682,0.12087,86.5
35.6,-0.10044,0.19982,-0.1,0.2,-0.039991,0.12086,84.019
35.7,-0.097153,0.20115,-0.1,0.2,-0.040912,0.12056,84
35.8,-0.10283,0.19822,-0.1,0.2,-0.039734,0.12116,83.889
35.9,-0.10021,0.20083,-0.1,0.2,-0.039954,0.12066,84
36,-0.099531,0.19977,-0.1,0.2,-0.04017,0.12092,84.296
36.1,-0.096947,0.20209,-0.1,0.2,-0.040964,0.12012,84
36.2,-0.10061,0.19877,-0.1,0.2,-0.040458,0.12076,83.889
36.3,-0.10152,0.19917,-0.1,0.2,-0.040043,0.12092,83.889
36.4,-0.098027,0.20265,-0.1,0.2,-0.0407,0.11975,84.019
36.5,-0.10306,0.19883,-0.1,0.2,-0.039539,0.12023,83.87
36.6,-0.097934,0.19956,-0.1,0.2,-0.040724,0.12072,86.852
36.7,-0.10082,0.19904,-0.1,0.2,-0.040221,0.12097,83.87
36.8,-0.098667,0.20228,-0.1,0.2,-0.040552,0.11985,84
36.9,-0.10093,0.19894,-0.1,0.2,-0.040181,0.12048,83.87
37,-0.097807,0.20049,-0.1,0.2,-0.040978,0.1204,84
37.1,-0.103,0.1984,-0.1,0.2,-0.039813,0.12085,83.889
37.2,-0.10184,0.19922,-0.1,0.2,-0.039651,0.12104,83.889
37.3,-0.098799,0.20048,-0.1,0.2,-0.040301,0.12092,84.019
37.4,-0.099805,0.20142,-0.1,0.2,-0.04008,0.1202,84.019
37.5,-0.098203,0.20046,-0.1,0.2,-0.040646,0.12029,84.296
37.6,-0.1012,0.19879,-0.1,0.2,-0.040062,0.12075,143.28
37.7,-0.1008,0.19868,-0.1,0.2,-0.040048,0.12127,86.537
37.8,-0.10091,0.20055,-0.1,0.2,-0.03981,0.12079,84.019
37.9,-0.098081,0.20145,-0.1,0.2,-0.040477,0.12035,84.019
38,-0.10064,0.19927,-0.1,0.2,-0.040081,0.12073,83.87
38.1,-0.09896,0.20133,-0.1,0.2,-0.040379,0.12011,84
38.2,-0.10222,0.19833,-0.1,0.2,-0.03964,0.12082,83.889
38.3,-0.098559,0.20023,-0.1,0.2,-0.040405,0.12079,84
38.4,-0.10181,0.1993,-0.1,0.2,-0.03967,0.12091,83.889
38.5,-0.097832,0.20189,-0.1,0.2,-0.040476,0.12017,84
38.6,-0.10152,0.19814,-0.1,0.2,-0.039847,0.12107,83.889
38.7,-0.10237,0.19832,-0.1,0.2,-0.039361,0.12156,143.28
38.8,-0.097861,0.20149,-0.1,0.2,-0.040297,0.12095,86.5
38.9,-0.10119,0.20022,-0.1,0.2,-0.039581,0.12076,84.019
39,-0.097055,0.20193,-0.1,0.2,-0.040594,0.12016,84
39.1,-0.10227,0.19853,-0.1,0.2,-0.039545,0.12075,83.889
39.2,-0.098076,0.20022,-0.1,0.2,-0.040465,0.12079,84.278
39.3,-0.10039,0.20013,-0.1,0.2,-0.040073,0.12061,84.019
39.4,-0.098525,0.20189,-0.1,0.2,-0.040441,0.11982,84.019
39.5,-0.10111,0.19827,-0.1,0.2,-0.040051,0.12073,83.889
39.6,-0.10055,0.19989,-0.1,0.2,-0.039988,0.12061,84.019
39.7,-0.098803,0.20052,-0.1,0.2,-0.040448,0.12047,84.019
39.8,-0.10253,0.19901,-0.1,0.2,-0.039507,0.12072,143.3
39.9,-0.10002,0.20046,-0.1,0.2,-0.039821,0.1205,84.019
40,-0.098657,0.19998,-0.1,0.2,-0.040293,0.1207,84.278
40.1,-0.10055,0.2004,-0.1,-0.2,-0.030293,0.1107,84.463
40.2,-0.080161,0.19441,-0.1,-0.2,-0.020293,0.1007,84.463
40.3,-0.05054,0.18549,-0.1,-0.2,-0.010293,0.090703,84.463
40.4,-0.015331,0.17693,-0.1,-0.2,-0.013882,0.080703,84.315
40.5,-0.013851,0.15457,-0.1,-0.2,-0.014187,0.070703,84.333
40.6,-0.017968,0.13479,-0.1,-0.2,-0.013196,0.060703,84.315
40.7,-0.02253,0.11483,-0.1,-0.2,-0.012189,0.050703,84.315
40.8,-0.028952,0.095013,-0.1,-0.2,-0.010707,0.040703,84.315
40.9,-0.031834,0.077411,-0.1,-0.2,-0.010284,0.030703,144.98
41,-0.038061,0.058095,-0.1,-0.2,-0.009103,0.020703,84.315
41.1,-0.044845,0.037001,-0.1,-0.2,-0.007594,0.010703,85.611
41.2,-0.049363,0.018686,-0.1,-0.2,-0.006353,0.000703,84.333
41.3,-0.051209,0.000176,-0.1,-0.2,-0.006057,-0.009297,85.593
41.4,-0.056059,-0.019775,-0.1,-0.2,-0.005413,-0.019297,85.5
41.5,-0.064425,-0.040733,-0.1,-0.2,-0.003667,-0.029297,85.611
41.6,-0.067092,-0.057973,-0.1,-0.2,-0.002956,-0.039297,85.63
41.7,-0.07094,-0.075673,-0.1,-0.2,-0.002231,-0.049297,85.593
41.8,-0.07939,-0.096039,-0.1,-0.2,-0.000308,-0.059297,85.593
41.9,-0.082188,-0.11499,-0.1,-0.2,0.000453,-0.069297,88.167
42,-0.086432,-0.13408,-0.1,-0.2,0.00132,-0.079297,145.04
42.1,-0.089343,-0.15197,-0.1,-0.2,0.001721,-0.089297,84.333
42.2,-0.097201,-0.17288,-0.1,-0.2,0.003245,-0.099297,84.315
42.3,-0.098813,-0.18926,-0.1,-0.2,0.003554,-0.1017,84.019
42.4,-0.10145,-0.19897,-0.1,-0.2,0.003953,-0.10098,83.889
42.5,-0.10011,-0.19986,-0.1,-0.2,0.003687,-0.10077,84.296
42.6,-0.10068,-0.20102,-0.1,-0.2,0.003779,-0.10029,83.889
42.7,-0.10095,-0.20061,-0.1,-0.2,0.003984,-0.10018,83.889
42.8,-0.10113,-0.1999,-0.1,-0.2,0.004252,-0.10038,84.019
42.9,-0.098208,-0.20041,-0.1,-0.2,0.003448,-0.099918,84.296
43,-0.10049,-0.19993,-0.1,-0.2,0.00388,-0.10014,86.648
43.1,-0.099922,-0.20001,-0.1,-0.2,0.0038,-0.1001,143.69
43.2,-0.099184,-0.19924,-0.1,-0.2,0.003604,-0.10041,84.019
43.3,-0.099824,-0.20057,-0.1,-0.2,0.003607,-0.10006,83.889
43.4,-0.10156,-0.20221,-0.1,-0.2,0.003966,-0.099151,83.889
43.5,-0.099375,-0.19829,-0.1,-0.2,0.003721,-0.10013,84.019
43.6,-0.10017,-0.19941,-0.1,-0.2,0.00389,-0.10031,84.019
43.7,-0.10098,-0.20172,-0.1,-0.2,0.00403,-0.09944,83.889
43.8,-0.10132,-0.20024,-0.1,-0.2,0.004334,-0.099582,84.019
43.9,-0.097397,-0.19901,-0.1,-0.2,0.003357,-0.099793,84.019
44,-0.099433,-0.19992,-0.1,-0.2,0.003529,-0.099801,84.019
44.1,-0.10026,-0.19974,-0.1,-0.2,0.003744,-0.099988,86.593
44.2,-0.099468,-0.19929,-0.1,-0.2,0.003592,-0.10025,84
44.3,-0.101,-0.19998,-0.1,-0.2,0.003997,-0.10031,84.019
44.4,-0.099458,-0.1998,-0.1,-0.2,0.003658,-0.10029,84.278
44.5,-0.10002,-0.20161,-0.1,-0.2,0.003601,-0.099475,84.278
44.6,-0.102,-0.19861,-0.1,-0.2,0.004426,-0.10057,84
44.7,-0.099766,-0.20145,-0.1,-0.2,0.003909,-0.099562,84.296
44.8,-0.099077,-0.19883,-0.1,-0.2,0.00374,-0.10022,84.019
44.9,-0.099233,-0.20012,-0.1,-0.2,0.003591,-0.10001,84.296
45,-0.10124,-0.20134,-0.1,-0.2,0.004017,-0.099503,83.889
45.1,-0.099839,-0.2,0.1,-0.2,0.014017,-0.1095,84.463
45.2,-0.078413,-0.20345,0.1,-0.2,0.024017,-0.1195,87.037
45.3,-0.047858,-0.2112,0.1,-0.2,0.034017,-0.12455,84.13
45.4,-0.010066,-0.21435,0.1,-0.2,0.044017,-0.12462,84.148
45.5,0.037006,-0.2087,0.1,-0.2,0.054017,-0.12389,84
45.6,0.08294,-0.20015,0.1,-0.2,0.051368,-0.12337,84.296
45.7,0.10214,-0.199,0.1,-0.2,0.048031,-0.1228,84.278
45.8,0.10075,-0.19924,0.1,-0.2,0.048313,-0.12325,84.019
45.9,0.10233,-0.2004,0.1,-0.2,0.047928,-0.12293,84.278
46,0.10067,-0.20214,0.1,-0.2,0.048121,-0.122,83.889
46.1,0.10174,-0.19883,0.1,-0.2,0.047725,-0.12266,84.019
46.2,0.10126,-0.20135,0.1,-0.2,0.047358,-0.1218,143.67
46.3,0.10161,-0.19828,0.1,-0.2,0.047185,-0.12273,86.63
46.4,0.098725,-0.20093,0.1,-0.2,0.047757,-0.12229,83.87
46.5,0.10263,-0.19777,0.1,-0.2,0.046896,-0.12319,84
46.6,0.096938,-0.2024,0.1,-0.2,0.048056,-0.12216,83.87
46.7,0.098799,-0.19981,0.1,-0.2,0.048064,-0.12247,84.019
46.8,0.096913,-0.2024,0.1,-0.2,0.0487,-0.12148,83.87
46.9,0.10301,-0.19895,0.1,-0.2,0.047356,-0.12181,84.019
47,0.1007,-0.19999,0.1,-0.2,0.047524,-0.1218,83.87
47.1,0.098965,-0.20044,0.1,-0.2,0.047993,-0.12174,83.87
47.2,0.099595,-0.19949,0.1,-0.2,0.048037,-0.12204,84
47.3,0.10051,-0.20049,0.1,-0.2,0.047757,-0.12165,143.57
47.4,0.10234,-0.19713,0.1,-0.2,0.047259,-0.12295,86.593
47.5,0.098554,-0.20192,0.1,-0.2,0.047893,-0.12193,83.87
47.6,0.10109,-0.19945,0.1,-0.2,0.047405,-0.12222,84.019
47.7,0.099028,-0.20031,0.1,-0.2,0.047856,-0.12216,83.889
47.8,0.10149,-0.19777,0.1,-0.2,0.047403,-0.12313,84.019
47.9,0.099512,-0.20035,0.1,-0.2,0.047703,-0.12283,83.87
48,0.099995,-0.20054,0.1,-0.2,0.047604,-0.12256,84.296
48.1,0.096357,-0.20266,0.1,-0.2,0.048601,-0.12162,83.87
48.2,0.10263,-0.19745,0.1,-0.2,0.047446,-0.12277,84.019
48.3,0.10067,-0.20003,0.1,-0.2,0.047539,-0.12255,83.87
48.4,0.099238,-0.20138,0.1,-0.2,0.047796,-0.12195,143.3
48.5,0.099619,-0.2004,0.1,-0.2,0.04781,-0.1219,83.889
48.6,0.10081,-0.20065,0.1,-0.2,0.047451,-0.12152,84.278
48.7,0.099912,-0.19869,0.1,-0.2,0.047697,-0.12231,84.019
48.8,0.10004,-0.19958,0.1,-0.2,0.047697,-0.12239,84.019
48.9,0.099277,-0.20229,0.1,-0.2,0.047744,-0.12123,83.889
49,0.10146,-0.19869,0.1,-0.2,0.047289,-0.12197,84
49.1,0.10076,-0.19944,0.1,-0.2,0.047277,-0.12212,84.019
49.2,0.099424,-0.20031,0.1,-0.2,0.04756,-0.122,83.87
49.3,0.099477,-0.19913,0.1,-0.2,0.047734,-0.1225,84.019
49.4,0.10059,-0.20021,0.1,-0.2,0.047419,-0.1222,84.278
49.5,0.096581,-0.20199,0.1,-0.2,0.048471,-0.12158,143.28
49.6,0.10125,-0.19914,0.1,-0.2,0.047655,-0.12194,84
49.7,0.10008,-0.19967,0.1,-0.2,0.047816,-0.12207,84
49.8,0.1003,-0.20014,0.1,-0.2,0.04772,-0.12194,84.296
49.9,0.097998,-0.20313,0.1,-0.2,0.048173,-0.12057,83.889
50,0.10214,-0.1967,0.1,-0.2,0.047513,-0.12229,84.019
50.1,0.099263,-0.20046,0.1,-0.2,0.047967,-0.1219,83.889
50.2,0.10238,-0.19823,0.1,-0.2,0.047216,-0.12255,84.019
50.3,0.099609,-0.19934,0.1,-0.2,0.047723,-0.12286,84.019
50.4,0.10076,-0.20062,0.1,-0.2,0.047363,-0.12236,84.296
50.5,0.098725,-0.20039,0.1,-0.2,0.047859,-0.12238,86.593
50.6,0.099331,-0.2016,0.1,-0.2,0.047781,-0.12162,143.63
50.7,0.10045,-0.1996,0.1,-0.2,0.047565,-0.12191,84
50.8,0.097748,-0.20087,0.1,-0.2,0.048325,-0.12169,83.889
50.9,0.10086,-0.20037,0.1,-0.2,0.047683,-0.12139,84.278
51,0.10187,-0.19877,0.1,-0.2,0.047288,-0.12192,84
51.1,0.10075,-0.19963,0.1,-0.2,0.047334,-0.122,84
51.2,0.098217,-0.20108,0.1,-0.2,0.047956,-0.12163,83.889
51.3,0.10293,-0.19694,0.1,-0.2,0.047,-0.12292,84.019
51.4,0.096845,-0.20257,0.1,-0.2,0.0482,-0.12173,83.889
51.5,0.10114,-0.19963,0.1,-0.2,0.04742,-0.12191,84.019
51.6,0.099624,-0.20003,0.1,-0.2,0.047696,-0.12196,86.519
51.7,0.099131,-0.20077,0.1,-0.2,0.047889,-0.12164,144.57
51.8,0.098647,-0.20056,0.1,-0.2,0.048161,-0.12153,83.889
51.9,0.10133,-0.19965,0.1,-0.2,0.047571,-0.12157,85.259
52,0.10179,-0.19863,0.1,-0.2,0.047253,-0.12212,84
52.1,0.099414,-0.20019,0.1,-0.2,0.047695,-0.12203,85.13
52.2,0.10077,-0.19966,0.1,-0.2,0.047395,-0.12212,85.259
52.3,0.10035,-0.20022,0.1,-0.2,0.047364,-0.12196,85.556
52.4,0.096474,-0.20313,0.1,-0.2,0.048331,-0.12076,85.13
52.5,0.099033,-0.1991,0.1,-0.2,0.048261,-0.12148,85.296
52.6,0.10334,-0.19719,0.1,-0.2,0.04721,-0.12244,85.204
52.7,0.098462,-0.20173,0.1,-0.2,0.048012,-0.12157,87.778
52.8,0.10098,-0.19831,0.1,-0.2,0.047644,-0.12244,144.48
52.9,0.10084,-0.19993,0.1,-0.2,0.047502,-0.12226,84.296
53,0.10092,-0.19908,0.1,-0.2,0.047386,-0.12266,84.019
53.1,0.09999,-0.20032,0.1,-0.2,0.047466,-0.12244,83.889
53.2,0.096811,-0.20252,0.1,-0.2,0.048351,-0.12151,83.87
53.3,0.10286,-0.19781,0.1,-0.2,0.047134,-0.12245,84
53.4,0.099766,-0.20094,0.1,-0.2,0.047503,-0.12191,83.87
53.5,0.098637,-0.20069,0.1,-0.2,0.047896,-0.12179,83.87
53.6,0.1003,-0.19994,0.1,-0.2,0.04762,-0.1218,84
53.7,0.10045,-0.19787,0.1,-0.2,0.047702,-0.12285,84.019
53.8,0.098105,-0.2025,0.1,-0.2,0.048132,-0.12155,86.444
53.9,0.1019,-0.1979,0.1,-0.2,0.047431,-0.12259,84.019
54,0.097485,-0.20235,0.1,-0.2,0.048331,-0.12153,83.87
54.1,0.10134,-0.20024,0.1,-0.2,0.047524,-0.12139,84.278
54.2,0.10009,-0.19904,0.1,-0.2,0.047774,-0.12198,84.019
54.3,0.10118,-0.19826,0.1,-0.2,0.047546,-0.12266,84
54.4,0.097211,-0.20218,0.1,-0.2,0.048428,-0.12169,83.889
54.5,0.099712,-0.19997,0.1,-0.2,0.048167,-0.12182,84
54.6,0.10077,-0.2002,0.1,-0.2,0.047817,-0.12162,84.278
54.7,0.10013,-0.20064,0.1,-0.2,0.047838,-0.12134,83.87
54.8,0.10003,-0.20004,0.1,-0.2,0.047862,-0.12141,143.39
54.9,0.10044,-0.19942,0.1,-0.2,0.047795,-0.12168,86.611
55,0.1012,-0.20087,0.1,-0.2,0.047366,-0.12106,84.296
55.1,0.10031,-0.19712,0.1,0.2,0.037366,-0.11106,84.722
55.2,0.082657,-0.19083,0.1,0.2,0.027366,-0.10106,84.741
55.3,0.051697,-0.18354,0.1,0.2,0.017366,-0.091063,84.722
55.4,0.018159,-0.17353,0.1,0.2,0.020334,-0.081063,84.13
55.5,0.01472,-0.15166,0.1,0.2,0.020877,-0.071063,84.13
55.6,0.0179,-0.1325,0.1,0.2,0.020138,-0.061063,84.537
55.7,0.020791,-0.11291,0.1,0.2,0.019782,-0.051063,84.537
55.8,0.029431,-0.092825,0.1,0.2,0.017976,-0.041063,84.537
55.9,0.034154,-0.07346,0.1,0.2,0.017067,-0.031063,143.85
56,0.037592,-0.05623,0.1,0.2,0.016414,-0.021063,87.074
56.1,0.042603,-0.036591,0.1,0.2,0.015571,-0.011063,84.537
56.2,0.049949,-0.017201,0.1,0.2,0.013906,-0.001063,84.537
56.3,0.053118,0.002369,0.1,0.2,0.013189,0.008937,84.537
56.4,0.054432,0.019101,0.1,0.2,0.013223,0.018937,84.13
56.5,0.066085,0.04293,0.1,0.2,0.010907,0.028937,84.537
56.6,0.065885,0.058408,0.1,0.2,0.010813,0.038937,84.537
56.7,0.071648,0.079087,0.1,0.2,0.009935,0.048937,84.537
56.8,0.079209,0.096835,0.1,0.2,0.008101,0.058937,84.537
56.9,0.084484,0.1182,0.1,0.2,0.006794,0.068937,84.537
57,0.087687,0.13599,0.1,0.2,0.005882,0.078937,143.96
57.1,0.089416,0.15477,0.1,0.2,0.005838,0.088937,87.037
57.2,0.095346,0.17281,0.1,0.2,0.004838,0.098937,84.537
57.3,0.10441,0.19374,0.1,0.2,0.002735,0.099681,84.278
57.4,0.10156,0.19929,0.1,0.2,0.003052,0.099024,84.019
57.5,0.0983,0.19983,0.1,0.2,0.003962,0.098684,84.019
57.6,0.099223,0.19948,0.1,0.2,0.003968,0.098941,83.87
57.7,0.098784,0.19975,0.1,0.2,0.004214,0.098967,83.87
57.8,0.10303,0.20223,0.1,0.2,0.003151,0.098184,84
57.9,0.098882,0.19936,0.1,0.2,0.003886,0.098481,83.87
58,0.097812,0.1987,0.1,0.2,0.004395,0.098909,83.87
58.1,0.10109,0.20107,0.1,0.2,0.003809,0.098443,143.24
58.2,0.10132,0.20234,0.1,0.2,0.003695,0.097443,84
58.3,0.09981,0.19926,0.1,0.2,0.003833,0.097998,83.889
58.4,0.099736,0.1988,0.1,0.2,0.003821,0.098525,84.278
58.5,0.098442,0.19847,0.1,0.2,0.004209,0.099024,83.87
58.6,0.10288,0.20102,0.1,0.2,0.003109,0.0987,84
58.7,0.09812,0.19948,0.1,0.2,0.004104,0.098726,83.87
58.8,0.099424,0.19984,0.1,0.2,0.004039,0.098781,84.278
58.9,0.098466,0.1989,0.1,0.2,0.004368,0.099207,83.87
59,0.10302,0.20255,0.1,0.2,0.003358,0.098173,84
59.1,0.10038,0.20035,0.1,0.2,0.003636,0.098157,86.5
59.2,0.09959,0.19947,0.1,0.2,0.003815,0.098405,143.22
59.3,0.098945,0.19934,0.1,0.2,0.004063,0.098605,83.87
59.4,0.099429,0.1998,0.1,0.2,0.004094,0.098632,83.87
59.5,0.10043,0.20103,0.1,0.2,0.003926,0.09816,84
59.6,0.097206,0.19804,0.1,0.2,0.004751,0.098966,83.87
59.7,0.10121,0.20087,0.1,0.2,0.004041,0.098576,84.019
59.8,0.10009,0.19829,0.1,0.2,0.004023,0.099483,84.278
59.9,0.10026,0.20116,0.1,0.2,0.004085,0.098722,84.019
60,0.099219,0.2013,0.1,0.2,0.004489,0.098073,84.019
60.1,0.10154,0.20028,0.1,0.2,0.003869,0.098278,84.278
60.2,0.10109,0.19868,-0.1,0.2,-0.006131,0.10828,87.13
60.3,0.081578,0.20677,-0.1,0.2,-0.016131,0.11828,144.07
60.4,0.051643,0.21418,-0.1,0.2,-0.026131,0.12218,84.463
60.5,0.011819,0.21438,-0.1,0.2,-0.036131,0.12263,84.481
60.6,-0.035287,0.20782,-0.1,0.2,-0.046131,0.12251,84.204
60.7,-0.081661,0.19984,-0.1,0.2,-0.043963,0.12216,84.019
60.8,-0.0977,0.20022,-0.1,0.2,-0.041819,0.1213,84.019
60.9,-0.10498,0.19872,-0.1,0.2,-0.040063,0.12147,83.87
61,-0.10096,0.2013,-0.1,0.2,-0.040652,0.12099,84
61.1,-0.10288,0.20078,-0.1,0.2,-0.040069,0.12059,84.019
61.2,-0.10082,0.19955,-0.1,0.2,-0.040237,0.12095,84.278
61.3,-0.097768,0.20266,-0.1,0.2,-0.040844,0.1198,86.63
61.4,-0.10178,0.19898,-0.1,0.2,-0.040008,0.12031,143.22
61.5,-0.10205,0.19799,-0.1,0.2,-0.039741,0.12112,83.889
61.6,-0.09874,0.20092,-0.1,0.2,-0.040358,0.12066,84.019
61.7,-0.09935,0.20131,-0.1,0.2,-0.040305,0.12009,84.019
61.8,-0.10222,0.19895,-0.1,0.2,-0.039577,0.12051,83.889
61.9,-0.098222,0.19964,-0.1,0.2,-0.0405,0.12088,84.296
62,-0.10146,0.19753,-0.1,0.2,-0.039956,0.12186,83.87
62.1,-0.099946,0.20066,-0.1,0.2,-0.040088,0.12132,84
62.2,-0.10058,0.20029,-0.1,0.2,-0.039864,0.12116,84.019
62.3,-0.098852,0.2011,-0.1,0.2,-0.040237,0.12078,84
62.4,-0.099956,0.20011,-0.1,0.2,-0.040116,0.1208,86.5
62.5,-0.099609,0.19801,-0.1,0.2,-0.040397,0.12187,85.519
62.6,-0.10112,0.20067,-0.1,0.2,-0.039873,0.12118,84.019
62.7,-0.10078,0.19978,-0.1,0.2,-0.039788,0.12132,85.185
62.8,-0.097392,0.20259,-0.1,0.2,-0.04058,0.12029,84.019
62.9,-0.10248,0.19809,-0.1,0.2,-0.03957,0.12117,85.148
63,-0.10082,0.19915,-0.1,0.2,-0.039698,0.12145,85.463
63.1,-0.098022,0.20154,-0.1,0.2,-0.04034,0.1208,85.296
63.2,-0.099512,0.20053,-0.1,0.2,-0.040195,0.12065,85.259
63.3,-0.099131,0.20013,-0.1,0.2,-0.040419,0.12071,85.556
63.4,-0.10005,0.19898,-0.1,0.2,-0.040336,0.12119,85.13
63.5,-0.10267,0.19846,-0.1,0.2,-0.039557,0.1216,87.63
63.6,-0.09854,0.20171,-0.1,0.2,-0.040285,0.12083,84.019
63.7,-0.10043,0.19988,-0.1,0.2,-0.039973,0.12096,83.889
63.8,-0.098701,0.20172,-0.1,0.2,-0.040327,0.12023,84.019
63.9,-0.10017,0.19969,-0.1,0.2,-0.040132,0.1205,83.87
64,-0.10071,0.19894,-0.1,0.2,-0.039987,0.12095,83.889
64.1,-0.099717,0.20027,-0.1,0.2,-0.040164,0.12076,84
64.2,-0.099604,0.19968,-0.1,0.2,-0.040282,0.12097,84.278
64.3,-0.096972,0.20202,-0.1,0.2,-0.041072,0.12019,84
64.4,-0.10249,0.19755,-0.1,0.2,-0.040016,0.12125,83.889
64.5,-0.1,0.20106,-0.1,0.2,-0.040232,0.12057,143.31
64.6,-0.10094,0.19928,-0.1,0.2,-0.04001,0.12095,86.463
64.7,-0.099116,0.20147,-0.1,0.2,-0.040322,0.12027,84
64.8,-0.099482,0.19956,-0.1,0.2,-0.040448,0.12067,84.296
64.9,-0.1007,0.19998,-0.1,0.2,-0.040104,0.12053,84.019
65,-0.10153,0.19895,-0.1,0.2,-0.039778,0.12094,83.87
65.1,-0.099057,0.20067,-0.1,0.2,-0.040251,0.12066,84.019
65.2,-0.099009,0.20038,-0.1,0.2,-0.040441,0.12059,84.019
65.3,-0.10069,0.2,-0.1,0.2,-0.040062,0.12051,84.019
65.4,-0.098833,0.20049,-0.1,0.2,-0.040501,0.12041,84
65.5,-0.10109,0.1996,-0.1,0.2,-0.040001,0.12051,83.87
65.6,-0.098608,0.20022,-0.1,0.2,-0.040613,0.12055,143.67
65.7,-0.10212,0.1983,-0.1,0.2,-0.039851,0.12116,86.463
65.8,-0.10103,0.19946,-0.1,0.2,-0.039816,0.12125,83.87
65.9,-0.10004,0.19961,-0.1,0.2,-0.039997,0.12143,84.278
66,-0.096562,0.20231,-0.1,0.2,-0.040954,0.12055,84
66.1,-0.10285,0.1993,-0.1,0.2,-0.039586,0.12069,83.87
66.2,-0.099766,0.20122,-0.1,0.2,-0.039938,0.12016,84
66.3,-0.099658,0.19906,-0.1,0.2,-0.040143,0.12082,84.296
66.4,-0.09916,0.20005,-0.1,0.2,-0.04037,0.12077,84
66.5,-0.10171,0.19835,-0.1,0.2,-0.039821,0.12139,83.87
66.6,-0.099775,0.20051,-0.1,0.2,-0.040039,0.12104,84
66.7,-0.097739,0.20171,-0.1,0.2,-0.040645,0.12044,143.5
66.8,-0.10059,0.19947,-0.1,0.2,-0.04019,0.12073,83.87
66.9,-0.099336,0.20074,-0.1,0.2,-0.040423,0.1204,84
67,-0.10261,0.19807,-0.1,0.2,-0.039611,0.12116,83.889
67.1,-0.097778,0.20212,-0.1,0.2,-0.040542,0.12023,84
67.2,-0.10061,0.19829,-0.1,0.2,-0.040212,0.12116,83.87
67.3,-0.099468,0.20027,-0.1,0.2,-0.040412,0.12092,84.019
67.4,-0.10048,0.20024,-0.1,0.2,-0.040152,0.12074,84.019
67.5,-0.10032,0.20042,-0.1,0.2,-0.040063,0.12054,84.019
67.6,-0.099463,0.1999,-0.1,0.2,-0.040336,0.12072,84.278
67.7,-0.10149,0.19924,-0.1,0.2,-0.039817,0.12092,83.87
67.8,-0.10133,0.19854,-0.1,0.2,-0.0397,0.12152,143.24
67.9,-0.098183,0.20167,-0.1,0.2,-0.040345,0.12076,84
68,-0.1024,0.19835,-0.1,0.2,-0.039436,0.12144,83.889
68.1,-0.098134,0.20161,-0.1,0.2,-0.040252,0.12075,84
68.2,-0.098125,0.20064,-0.1,0.2,-0.04058,0.12069,84
68.3,-0.10137,0.19831,-0.1,0.2,-0.039985,0.12139,83.87
68.4,-0.099209,0.20174,-0.1,0.2,-0.040277,0.12046,84.019
68.5,-0.1003,0.2005,-0.1,0.2,-0.040032,0.12032,84.019
68.6,-0.10143,0.1982,-0.1,0.2,-0.039782,0.12119,83.889
68.7,-0.098681,0.20123,-0.1,0.2,-0.040316,0.12058,84.019
68.8,-0.10088,0.19994,-0.1,0.2,-0.039837,0.12057,86.593
68.9,-0.099219,0.20086,-0.1,0.2,-0.040159,0.12025,143.41
69,-0.10042,0.19972,-0.1,0.2,-0.039942,0.12041,83.87
69.1,-0.10023,0.19934,-0.1,0.2,-0.039972,0.12072,84.278
69.2,-0.10061,0.20031,-0.1,0.2,-0.039778,0.12044,84.019
69.3,-0.098325,0.20051,-0.1,0.2,-0.040384,0.12041,84.019
69.4,-0.09938,0.19992,-0.1,0.2,-0.040373,0.12049,83.87
69.5,-0.10189,0.19928,-0.1,0.2,-0.039684,0.12062,83.889
69.6,-0.10113,0.20031,-0.1,0.2,-0.039538,0.12036,84.019
69.7,-0.098242,0.19999,-0.1,0.2,-0.040319,0.12064,84.296
69.8,-0.10058,0.19919,-0.1,0.2,-0.039956,0.12092,83.87
69.9,-0.10174,0.19886,-0.1,0.2,-0.03952,0.12125,86.537
70,-0.1002,0.19934,-0.1,0.2,-0.039729,0.12152,143.61
70.1,-0.098217,0.20159,-0.1,0.2,-0.040221,0.12082,84
70.2,-0.099937,0.19983,-0.1,-0.2,-0.030221,0.11082,84.444
70.3,-0.081363,0.19448,-0.1,-0.2,-0.020221,0.10082,84.463
70.4,-0.053065,0.18286,-0.1,-0.2,-0.010221,0.090824,84.444
70.5,-0.018183,0.17525,-0.1,-0.2,-0.012988,0.080824,84.333
70.6,-0.014891,0.15309,-0.1,-0.2,-0.013443,0.070824,84.315
70.7,-0.017578,0.13473,-0.1,-0.2,-0.012708,0.060824,84.333
70.8,-0.022613,0.11589,-0.1,-0.2,-0.011523,0.050824,84.315
70.9,-0.031096,0.092464,-0.1,-0.2,-0.009582,0.040824,84.333
71,-0.029421,0.078149,-0.1,-0.2,-0.010123,0.030824,86.981
71.1,-0.036674,0.056967,-0.1,-0.2,-0.00918,0.020824,84.333
71.2,-0.042369,0.038911,-0.1,-0.2,-0.008076,0.010824,84.333
71.3,-0.049836,0.018149,-0.1,-0.2,-0.006398,0.000824,84.333
71.4,-0.052039,0.000962,-0.1,-0.2,-0.005786,-0.009176,84.333
71.5,-0.058979,-0.020694,-0.1,-0.2,-0.004421,-0.019176,84.315
71.6,-0.060234,-0.038369,-0.1,-0.2,-0.004315,-0.029176,84.315
71.7,-0.069514,-0.059424,-0.1,-0.2,-0.002386,-0.039176,84.315
71.8,-0.071819,-0.076239,-0.1,-0.2,-0.00169,-0.049176,84.315
71.9,-0.075897,-0.095726,-0.1,-0.2,-0.001034,-0.059176,84.315
72,-0.081753,-0.11461,-0.1,-0.2,0.00014,-0.069176,84.315
72.1,-0.087399,-0.13444,-0.1,-0.2,0.001346,-0.079176,86.907
72.2,-0.092742,-0.15351,-0.1,-0.2,0.002657,-0.089176,84.333
72.3,-0.095175,-0.17192,-0.1,-0.2,0.003104,-0.099176,84.333
72.4,-0.10325,-0.19243,-0.1,-0.2,0.004862,-0.10042,84.019
72.5,-0.098212,-0.19703,-0.1,-0.2,0.003754,-0.1005,84.019
72.6,-0.10119,-0.20029,-0.1,-0.2,0.004256,-0.10014,83.889
72.7,-0.10057,-0.19986,-0.1,-0.2,0.004292,-0.10024,84.019
72.8,-0.098549,-0.20106,-0.1,-0.2,0.003621,-0.099527,84.278
72.9,-0.099458,-0.19917,-0.1,-0.2,0.003775,-0.1001,84
73,-0.10289,-0.20207,-0.1,-0.2,0.004636,-0.099287,83.87
73.1,-0.098491,-0.19853,-0.1,-0.2,0.00387,-0.099958,144.3
73.2,-0.099062,-0.19973,-0.1,-0.2,0.00376,-0.099921,86.815
73.3,-0.098193,-0.20096,-0.1,-0.2,0.003195,-0.099256,85.537
73.4,-0.10074,-0.19928,-0.1,-0.2,0.003807,-0.099907,84.019
73.5,-0.099219,-0.19856,-0.1,-0.2,0.003582,-0.10046,85.241
73.6,-0.10411,-0.20281,-0.1,-0.2,0.004791,-0.099304,83.889
73.7,-0.099223,-0.1986,-0.1,-0.2,0.004075,-0.10002,85.259
73.8,-0.097656,-0.19873,-0.1,-0.2,0.003452,-0.10032,85.296
73.9,-0.10365,-0.20241,-0.1,-0.2,0.004817,-0.099442,85.148
74,-0.099302,-0.19946,-0.1,-0.2,0.00414,-0.099725,85.315
74.1,-0.1,-0.20134,-0.1,-0.2,0.004128,-0.099023,85.556
74.2,-0.098774,-0.19868,-0.1,-0.2,0.003835,-0.099717,144.67
74.3,-0.10032,-0.19976,-0.1,-0.2,0.004122,-0.099807,88.056
74.4,-0.097797,-0.19955,-0.1,-0.2,0.003401,-0.099772,84.278
74.5,-0.10057,-0.19834,-0.1,-0.2,0.004034,-0.10074,85.204
74.6,-0.1,-0.19972,-0.1,-0.2,0.003958,-0.10067,84.296
74.7,-0.10193,-0.20163,-0.1,-0.2,0.004442,-0.099977,83.87
74.8,-0.097607,-0.19895,-0.1,-0.2,0.003464,-0.10035,84.019
74.9,-0.1026,-0.20221,-0.1,-0.2,0.00447,-0.099494,83.889
75,-0.10017,-0.20047,-0.1,-0.2,0.004168,-0.099387,84.296
75.1,-0.096654,-0.19792,-0.1,-0.2,0.003191,-0.10016,84.019
75.2,-0.10097,-0.20022,0.1,-0.2,0.013191,-0.11016,84.444
75.3,-0.082012,-0.20609,0.1,-0.2,0.023191,-0.12016,143.81
75.4,-0.054037,-0.21715,0.1,-0.2,0.033191,-0.12283,84.148
75.5,-0.011614,-0.21274,0.1,-0.2,0.043191,-0.12437,84.13
75.6,0.028176,-0.21134,0.1,-0.2,0.053191,-0.12303,84
75.7,0.078076,-0.20029,0.1,-0.2,0.052154,-0.12301,84.296
75.8,0.10081,-0.19785,0.1,-0.2,0.048646,-0.12293,84.278
75.9,0.1027,-0.19924,0.1,-0.2,0.048009,-0.12295,84.019
76,0.09998,-0.20256,0.1,-0.2,0.048502,-0.12186,83.889
76.1,0.10504,-0.1986,0.1,-0.2,0.04724,-0.12243,84.019
76.2,0.098525,-0.20275,0.1,-0.2,0.048211,-0.12128,83.889
76.3,0.10185,-0.19891,0.1,-0.2,0.047456,-0.12185,84.019
76.4,0.10153,-0.19936,0.1,-0.2,0.047236,-0.12201,143.44
76.5,0.099697,-0.20094,0.1,-0.2,0.047494,-0.12157,83.87
76.6,0.098955,-0.20061,0.1,-0.2,0.04775,-0.12145,83.87
76.7,0.09918,-0.20067,0.1,-0.2,0.047846,-0.12121,83.889
76.8,0.10217,-0.19802,0.1,-0.2,0.047147,-0.12203,84.019
76.9,0.096601,-0.20192,0.1,-0.2,0.048411,-0.12129,83.87
77,0.10151,-0.19816,0.1,-0.2,0.047601,-0.12211,84.019
77.1,0.098994,-0.19967,0.1,-0.2,0.048149,-0.12226,84.019
77.2,0.10195,-0.19897,0.1,-0.2,0.047426,-0.12249,84.019
77.3,0.099067,-0.20212,0.1,-0.2,0.047808,-0.12147,83.889
77.4,0.10082,-0.19814,0.1,-0.2,0.047626,-0.12253,86.593
77.5,0.097949,-0.20222,0.1,-0.2,0.048205,-0.12146,143.26
77.6,0.099883,-0.2001,0.1,-0.2,0.047975,-0.12154,84
77.7,0.10133,-0.19833,0.1,-0.2,0.047633,-0.12228,84
77.8,0.10153,-0.19949,0.1,-0.2,0.047338,-0.12227,84.296
77.9,0.099228,-0.20069,0.1,-0.2,0.047759,-0.12201,83.87
78,0.09831,-0.20158,0.1,-0.2,0.048115,-0.12141,83.889
78.1,0.10262,-0.1976,0.1,-0.2,0.047202,-0.12246,84
78.2,0.098237,-0.20151,0.1,-0.2,0.047999,-0.12175,83.889
78.3,0.10147,-0.19825,0.1,-0.2,0.047422,-0.12256,84.019
78.4,0.098818,-0.20033,0.1,-0.2,0.047985,-0.1224,83.889
78.5,0.09918,-0.20035,0.1,-0.2,0.048069,-0.12227,86.333
78.6,0.09875,-0.20231,0.1,-0.2,0.048148,-0.1212,143.2
78.7,0.10393,-0.19616,0.1,-0.2,0.047016,-0.12296,84.019
78.8,0.09706,-0.20325,0.1,-0.2,0.04824,-0.12139,83.889
78.9,0.1002,-0.19989,0.1,-0.2,0.047831,-0.12163,84.019
79,0.099463,-0.20032,0.1,-0.2,0.048007,-0.12153,83.87
79.1,0.10335,-0.19748,0.1,-0.2,0.047019,-0.12248,84.019
79.2,0.098808,-0.20086,0.1,-0.2,0.047776,-0.12206,83.87
79.3,0.10157,-0.19893,0.1,-0.2,0.047219,-0.12248,84
79.4,0.10066,-0.19994,0.1,-0.2,0.047199,-0.1224,84.278
79.5,0.097382,-0.20218,0.1,-0.2,0.048,-0.12157,83.889
79.6,0.10044,-0.19876,0.1,-0.2,0.047588,-0.12226,86.574
79.7,0.098447,-0.20027,0.1,-0.2,0.048137,-0.12218,83.87
79.8,0.10137,-0.19885,0.1,-0.2,0.04753,-0.12256,84.019
79.9,0.098359,-0.20126,0.1,-0.2,0.048151,-0.12203,83.87
80,0.10152,-0.19902,0.1,-0.2,0.047524,-0.12243,84.019
80.1,0.097871,-0.20234,0.1,-0.2,0.048236,-0.12142,83.87
80.2,0.099184,-0.20104,0.1,-0.2,0.048164,-0.12112,84.296
80.3,0.10219,-0.19755,0.1,-0.2,0.047516,-0.12224,84.019
80.4,0.10026,-0.19916,0.1,-0.2,0.047796,-0.1225,84
80.5,0.099472,-0.20101,0.1,-0.2,0.047907,-0.12194,83.889
80.6,0.099829,-0.20039,0.1,-0.2,0.047883,-0.12184,84.296
80.7,0.099277,-0.20137,0.1,-0.2,0.047987,-0.12124,86.463
80.8,0.1021,-0.19802,0.1,-0.2,0.047349,-0.12216,84.019
80.9,0.099507,-0.20008,0.1,-0.2,0.047796,-0.12207,83.889
81,0.097954,-0.20121,0.1,-0.2,0.048323,-0.12163,83.889
81.1,0.10127,-0.19904,0.1,-0.2,0.047688,-0.12202,84
81.2,0.10005,-0.2015,0.1,-0.2,0.047701,-0.1212,83.889
81.3,0.10416,-0.19711,0.1,-0.2,0.046574,-0.12243,84
81.4,0.097392,-0.20344,0.1,-0.2,0.047751,-0.12085,83.889
81.5,0.099634,-0.19963,0.1,-0.2,0.04761,-0.12132,84
81.6,0.097499,-0.19941,0.1,-0.2,0.048422,-0.12182,84.019
81.7,0.10042,-0.19825,0.1,-0.2,0.048039,-0.12247,143.39
81.8,0.099951,-0.2011,0.1,-0.2,0.047944,-0.12172,86.889
81.9,0.099634,-0.20051,0.1,-0.2,0.048057,-0.12161,83.889
82,0.10069,-0.19926,0.1,-0.2,0.047847,-0.12197,84.019
82.1,0.097714,-0.20136,0.1,-0.2,0.04861,-0.12147,83.889
82.2,0.10256,-0.19836,0.1,-0.2,0.047561,-0.12207,84
82.3,0.10144,-0.19863,0.1,-0.2,0.047532,-0.12258,84.019
82.4,0.099189,-0.20073,0.1,-0.2,0.047949,-0.12221,83.889
82.5,0.098349,-0.19979,0.1,-0.2,0.048418,-0.12251,84.019
82.6,0.10007,-0.20081,0.1,-0.2,0.048084,-0.12198,84.296
82.7,0.099731,-0.20004,0.1,-0.2,0.048153,-0.12207,84.019
82.8,0.10108,-0.19997,0.1,-0.2,0.047757,-0.12198,143.63
82.9,0.10009,-0.20006,0.1,-0.2,0.047894,-0.122,86.648
83,0.099717,-0.2017,0.1,-0.2,0.047879,-0.12117,84.278
83.1,0.10039,-0.19932,0.1,-0.2,0.04779,-0.12166,84
83.2,0.10068,-0.19838,0.1,-0.2,0.047751,-0.12237,84.019
83.3,0.10246,-0.1985,0.1,-0.2,0.047116,-0.12274,84
83.4,0.096923,-0.20344,0.1,-0.2,0.048198,-0.12124,83.889
83.5,0.10115,-0.19777,0.1,-0.2,0.047613,-0.12248,84
83.6,0.097201,-0.20227,0.1,-0.2,0.048484,-0.12143,83.889
83.7,0.10079,-0.19894,0.1,-0.2,0.047926,-0.12198,84.019
83.8,0.10114,-0.20001,0.1,-0.2,0.047616,-0.1218,84.296
83.9,0.099453,-0.20071,0.1,-0.2,0.047937,-0.12155,144.41
84,0.10081,-0.19849,0.1,-0.2,0.047724,-0.1223,86.593
84.1,0.09939,-0.20057,0.1,-0.2,0.047994,-0.12195,85.13
84.2,0.098418,-0.20133,0.1,-0.2,0.048316,-0.12145,83.87
84.3,0.10193,-0.19951,0.1,-0.2,0.047485,-0.12156,84
84.4,0.10006,-0.19983,0.1,-0.2,0.047758,-0.1217,84
84.5,0.098857,-0.20039,0.1,-0.2,0.048129,-0.12161,85.13
84.6,0.10106,-0.19878,0.1,-0.2,0.04772,-0.12211,85.167
84.7,0.10023,-0.20058,0.1,-0.2,0.047724,-0.12171,85.167
84.8,0.099853,-0.19981,0.1,-0.2,0.047819,-0.12188,85.241
84.9,0.10072,-0.20073,0.1,-0.2,0.0475,-0.12142,85.537
85,0.10007,-0.19966,0.1,-0.2,0.04763,-0.1217,144.57
85.1,0.099819,-0.20079,0.1,-0.2,0.047629,-0.12129,85.685
85.2,0.098584,-0.20054,0.1,0.2,0.037629,-0.11129,84.722
85.3,0.082965,-0.19141,0.1,0.2,0.027629,-0.10129,86
85.4,0.051751,-0.18465,0.1,0.2,0.017629,-0.091291,84.722
85.5,0.017094,-0.17621,0.1,0.2,0.020707,-0.081291,84.13
85.6,0.012273,-0.15482,0.1,0.2,0.021755,-0.071291,84.13
85.7,0.018667,-0.13334,0.1,0.2,0.020431,-0.061291,84.537
85.8,0.023946,-0.11258,0.1,0.2,0.019178,-0.051291,84.537
85.9,0.027018,-0.094823,0.1,0.2,0.018495,-0.041291,84.537
86,0.032063,-0.075609,0.1,0.2,0.017842,-0.031291,87.074
86.1,0.0379,-0.05641,0.1,0.2,0.016826,-0.021291,143.89
86.2,0.042813,-0.038554,0.1,0.2,0.01577,-0.011291,84.537
86.3,0.051272,-0.015692,0.1,0.2,0.013883,-0.001291,84.537
86.4,0.050965,8.8e-05,0.1,0.2,0.013875,0.008709,84.537
86.5,0.057983,0.021651,0.1,0.2,0.012699,0.018709,84.537
86.6,0.063829,0.040918,0.1,0.2,0.011396,0.028709,84.537
86.7,0.066647,0.057153,0.1,0.2,0.010684,0.038709,84.537
86.8,0.072527,0.077265,0.1,0.2,0.009505,0.048709,84.537
86.9,0.076464,0.096513,0.1,0.2,0.008793,0.058709,84.537
87,0.0842,0.11589,0.1,0.2,0.006961,0.068709,84.537
87.1,0.087336,0.13607,0.1,0.2,0.006222,0.078709,87.037
87.2,0.091927,0.15409,0.1,0.2,0.005203,0.088709,143.96
87.3,0.097592,0.17406,0.1,0.2,0.00396,0.098709,84.537
87.4,0.10082,0.19255,0.1,0.2,0.003309,0.099599,84.296
87.5,0.099067,0.19867,0.1,0.2,0.003904,0.099066,84.019
87.6,0.099096,0.19977,0.1,0.2,0.004151,0.098911,84.019
87.7,0.099565,0.20092,0.1,0.2,0.004241,0.098431,84.019
87.8,0.09851,0.1985,0.1,0.2,0.004508,0.099194,83.889
87.9,0.10333,0.20221,0.1,0.2,0.003355,0.098327,84.019
88,0.097079,0.19762,0.1,0.2,0.004604,0.099306,83.889
88.1,0.1007,0.20019,0.1,0.2,0.004014,0.099169,84.019
88.2,0.099345,0.19932,0.1,0.2,0.004269,0.099426,86.481
88.3,0.10258,0.20234,0.1,0.2,0.003522,0.098447,143.35
88.4,0.09851,0.19929,0.1,0.2,0.004283,0.098782,83.889
88.5,0.10094,0.20186,0.1,0.2,0.003951,0.097931,84.019
88.6,0.098667,0.19835,0.1,0.2,0.004345,0.098803,83.87
88.7,0.10211,0.20149,0.1,0.2,0.003591,0.098157,84
88.8,0.0981,0.19843,0.1,0.2,0.004366,0.098816,83.87
88.9,0.10179,0.20101,0.1,0.2,0.003621,0.098406,84
89,0.098173,0.19817,0.1,0.2,0.004316,0.099169,83.889
89.1,0.097944,0.19873,0.1,0.2,0.004677,0.099505,83.889
89.2,0.10339,0.20288,0.1,0.2,0.003474,0.098337,84.019
89.3,0.099468,0.19933,0.1,0.2,0.004057,0.098762,86.389
89.4,0.10099,0.20087,0.1,0.2,0.003731,0.098379,84
89.5,0.10176,0.20021,0.1,0.2,0.003303,0.098491,84.278
89.6,0.097836,0.19889,0.1,0.2,0.004203,0.098778,83.87
89.7,0.099375,0.20057,0.1,0.2,0.004146,0.098413,84
89.8,0.099883,0.20034,0.1,0.2,0.00411,0.098324,84
89.9,0.099692,0.20034,0.1,0.2,0.0042,0.098172,84.019
90,0.10242,0.201,0.1,0.2,0.003407,0.097966,84
90.1,0.098222,0.19836,0.1,0.2,0.004227,0.098603,83.87
90.2,0.10147,0.20113,0.1,0.2,0.003605,0.098083,84
90.3,0.10092,0.19948,-0.1,0.2,-0.006395,0.10808,144
90.4,0.080899,0.20461,-0.1,0.2,-0.016395,0.11808,87.204
90.5,0.051668,0.21331,-0.1,0.2,-0.026395,0.12244,84.481
90.6,0.011873,0.21447,-0.1,0.2,-0.036395,0.12276,84.481
90.7,-0.03305,0.2083,-0.1,0.2,-0.046395,0.12263,84.204
90.8,-0.078344,0.20125,-0.1,0.2,-0.045226,0.12189,84.019
90.9,-0.10247,0.19897,-0.1,0.2,-0.04111,0.12117,84.019
91,-0.10449,0.19971,-0.1,0.2,-0.040103,0.121,84.019
91.1,-0.10398,0.20019,-0.1,0.2,-0.039748,0.12088,84.019
91.2,-0.09851,0.20185,-0.1,0.2,-0.040985,0.12041,84.019
91.3,-0.09874,0.1994,-0.1,0.2,-0.04127,0.12095,84.278
91.4,-0.10185,0.19972,-0.1,0.2,-0.04036,0.12074,143.26
91.5,-0.10195,0.19958,-0.1,0.2,-0.039964,0.1208,86.574
91.6,-0.10249,0.19928,-0.1,0.2,-0.039483,0.12099,83.889
91.7,-0.097846,0.2023,-0.1,0.2,-0.040418,0.12009,84
91.8,-0.10112,0.19848,-0.1,0.2,-0.039909,0.1209,83.889
91.9,-0.098999,0.20106,-0.1,0.2,-0.040267,0.12035,84.019
92,-0.1019,0.19817,-0.1,0.2,-0.039639,0.12115,83.87
92.1,-0.097411,0.20089,-0.1,0.2,-0.040677,0.12086,84.019
92.2,-0.10055,0.19956,-0.1,0.2,-0.040186,0.12099,83.87
92.3,-0.098672,0.20154,-0.1,0.2,-0.040547,0.12031,84.019
92.4,-0.10128,0.19882,-0.1,0.2,-0.040055,0.12088,83.87
92.5,-0.099951,0.20143,-0.1,0.2,-0.040106,0.1201,143.43
92.6,-0.099341,0.19932,-0.1,0.2,-0.040433,0.12068,86.87
92.7,-0.10112,0.19958,-0.1,0.2,-0.039978,0.12068,83.87
92.8,-0.10046,0.20022,-0.1,0.2,-0.039962,0.12052,84.019
92.9,-0.099043,0.19936,-0.1,0.2,-0.040407,0.121,84.296
93,-0.10065,0.20138,-0.1,0.2,-0.039923,0.1201,84.019
93.1,-0.10022,0.19873,-0.1,0.2,-0.040071,0.12091,84.278
93.2,-0.096694,0.20131,-0.1,0.2,-0.041088,0.12046,84
93.3,-0.099575,0.20027,-0.1,0.2,-0.040735,0.12033,84.019
93.4,-0.10064,0.19907,-0.1,0.2,-0.040523,0.12074,83.87
93.5,-0.10032,0.20014,-0.1,0.2,-0.040474,0.12057,84.019
93.6,-0.10066,0.19956,-0.1,0.2,-0.040348,0.12077,143.3
93.7,-0.10212,0.19963,-0.1,0.2,-0.03978,0.12073,84.019
93.8,-0.099267,0.19918,-0.1,0.2,-0.040402,0.12129,84.296
93.9,-0.10124,0.20036,-0.1,0.2,-0.039839,0.12086,84
94,-0.099707,0.2,-0.1,0.2,-0.040115,0.12097,84.278
94.1,-0.09938,0.20122,-0.1,0.2,-0.040182,0.1204,84.019
94.2,-0.09958,0.19842,-0.1,0.2,-0.040375,0.12136,84.278
94.3,-0.09853,0.20179,-0.1,0.2,-0.04064,0.1204,84
94.4,-0.10062,0.19914,-0.1,0.2,-0.040293,0.12088,83.87
94.5,-0.099526,0.20151,-0.1,0.2,-0.040404,0.1201,84
94.6,-0.10029,0.19894,-0.1,0.2,-0.040358,0.12076,83.87
94.7,-0.10171,0.19829,-0.1,0.2,-0.039962,0.12137,144.5
94.8,-0.098701,0.2015,-0.1,0.2,-0.0405,0.12063,84.019
94.9,-0.10051,0.19883,-0.1,0.2,-0.040258,0.12126,85.13
95,-0.1,0.19997,-0.1,0.2,-0.040312,0.12118,84.019
95.1,-0.10134,0.1997,-0.1,0.2,-0.03988,0.12119,83.87
95.2,-0.099468,0.20139,-0.1,0.2,-0.040127,0.12057,84.019
95.3,-0.097099,0.20177,-0.1,0.2,-0.040922,0.12009,85.241
95.4,-0.10376,0.19646,-0.1,0.2,-0.039552,0.12157,85.056
95.5,-0.10113,0.19912,-0.1,0.2,-0.039728,0.12171,85.481
95.6,-0.097368,0.20151,-0.1,0.2,-0.040645,0.12115,85.389
95.7,-0.10107,0.20001,-0.1,0.2,-0.03993,0.12106,87.87
95.8,-0.097788,0.20264,-0.1,0.2,-0.040607,0.11999,144.52
95.9,-0.099883,0.19942,-0.1,0.2,-0.04039,0.12048,85.037
96,-0.099429,0.20012,-0.1,0.2,-0.040549,0.12043,84
96.1,-0.10269,0.19865,-0.1,0.2,-0.039691,0.12083,85.13
96.2,-0.098549,0.20129,-0.1,0.2,-0.040431,0.1203,84.019
96.3,-0.09811,0.20166,-0.1,0.2,-0.040766,0.11972,84.019
96.4,-0.10227,0.19781,-0.1,0.2,-0.039923,0.12069,83.87
96.5,-0.10106,0.199,-0.1,0.2,-0.039944,0.12098,84.296
96.6,-0.098501,0.20086,-0.1,0.2,-0.040508,0.12062,84
96.7,-0.10249,0.19845,-0.1,0.2,-0.039614,0.12118,83.889
96.8,-0.099263,0.20003,-0.1,0.2,-0.040199,0.12119,86.87
96.9,-0.097446,0.20156,-0.1,0.2,-0.040809,0.12061,143.44
97,-0.1005,0.1996,-0.1,0.2,-0.040317,0.1208,83.87
97.1,-0.10273,0.1987,-0.1,0.2,-0.03957,0.12117,83.87
97.2,-0.097993,0.20176,-0.1,0.2,-0.040465,0.12047,84.019
97.3,-0.099941,0.19912,-0.1,0.2,-0.040326,0.12103,83.87
97.4,-0.1009,0.20066,-0.1,0.2,-0.039948,0.12051,84.019
97.5,-0.1001,0.20015,-0.1,0.2,-0.040027,0.12053,84.278
97.6,-0.10012,0.19936,-0.1,0.2,-0.040055,0.12087,84.278
97.7,-0.098847,0.20026,-0.1,0.2,-0.040452,0.1208,84
97.8,-0.10072,0.199,-0.1,0.2,-0.040118,0.1212,83.889
97.9,-0.1,0.20054,-0.1,0.2,-0.040143,0.12084,86.63
98,-0.09896,0.19833,-0.1,0.2,-0.040649,0.12186,84.278
98.1,-0.1008,0.20099,-0.1,0.2,-0.040116,0.12104,84
98.2,-0.09725,0.20312,-0.1,0.2,-0.040902,0.11986,84
98.3,-0.10171,0.19881,-0.1,0.2,-0.040074,0.1205,83.87
98.4,-0.10176,0.19922,-0.1,0.2,-0.039781,0.1207,83.87
98.5,-0.096796,0.20092,-0.1,0.2,-0.041051,0.12056,84.019
98.6,-0.09957,0.19964,-0.1,0.2,-0.04077,0.12072,83.889
98.7,-0.10221,0.19846,-0.1,0.2,-0.040076,0.12122,83.87
98.8,-0.099746,0.20012,-0.1,0.2,-0.040426,0.12112,84.019
98.9,-0.099971,0.20077,-0.1,0.2,-0.040344,0.12073,84.019
99,-0.10201,0.199,-0.1,0.2,-0.039786,0.12112,86.389
99.1,-0.09872,0.20206,-0.1,0.2,-0.040319,0.1202,84
99.2,-0.09979,0.19916,-0.1,0.2,-0.040304,0.12081,83.87
99.3,-0.10182,0.1979,-0.1,0.2,-0.03983,0.1216,83.87
99.4,-0.10008,0.19986,-0.1,0.2,-0.040038,0.12152,84
99.5,-0.099302,0.20175,-0.1,0.2,-0.040126,0.12067,84.019
99.6,-0.097641,0.20132,-0.1,0.2,-0.040747,0.12039,84
99.7,-0.10222,0.19848,-0.1,0.2,-0.039802,0.12098,83.87
99.8,-0.10077,0.19972,-0.1,0.2,-0.039848,0.12099,84.278
99.9,-0.096542,0.20244,-0.1,0.2,-0.040933,0.12011,84
