0,-0.96961,-0.96987,-0.1,0.2,0.01,0.01,52.13
0.1,0.001099,-0.15708,-0.1,0.2,0,0.02,112.07
0.2,0.16962,-0.001958,-0.1,0.2,-0.01,0.03,52.741
0.3,0.12457,0.033714,-0.1,0.2,-0.02,0.04,52.741
0.4,0.040386,0.047394,-0.1,0.2,-0.03,0.05,52.741
0.5,-0.037094,0.05745,-0.1,0.2,-0.04,0.06,52.741
0.6,-0.10131,0.06696,-0.1,0.2,-0.037333,0.07,52.148
0.7,-0.12282,0.087306,-0.1,0.2,-0.033887,0.08,52.148
0.8,-0.11959,0.11037,-0.1,0.2,-0.034338,0.09,52.556
0.9,-0.11306,0.1332,-0.1,0.2,-0.03574,0.1,52.556
1,-0.11089,0.14852,-0.1,0.2,-0.035602,0.11,52.148
1.1,-0.1036,0.16988,-0.1,0.2,-0.037214,0.12,52.556
1.2,-0.10018,0.18719,-0.1,0.2,-0.037706,0.12379,111.72
1.3,-0.096039,0.19978,-0.1,0.2,-0.039447,0.12225,52.037
1.4,-0.10281,0.19807,-0.1,0.2,-0.037035,0.12267,51.907
1.5,-0.10093,0.19906,-0.1,0.2,-0.036973,0.12318,51.889
1.6,-0.095883,0.20313,-0.1,0.2,-0.039356,0.12158,52.037
1.7,-0.10198,0.19853,-0.1,0.2,-0.037673,0.12244,51.907
1.8,-0.10018,0.20057,-0.1,0.2,-0.037798,0.1219,52.037
1.9,-0.099946,0.19997,-0.1,0.2,-0.037905,0.12208,52.315
2,-0.099976,0.1999,-0.1,0.2,-0.037916,0.12214,52.315
2.1,-0.09977,0.20002,-0.1,0.2,-0.038052,0.12215,52.315
2.2,-0.10077,0.19929,-0.1,0.2,-0.037592,0.12251,54.37
2.3,-0.097763,0.20164,-0.1,0.2,-0.038956,0.12169,52.037
2.4,-0.10216,0.19779,-0.1,0.2,-0.037511,0.123,51.907
2.5,-0.098584,0.20129,-0.1,0.2,-0.038546,0.12212,52.019
2.6,-0.10122,0.20055,-0.1,0.2,-0.037457,0.12149,52.019
2.7,-0.099453,0.20048,-0.1,0.2,-0.038055,0.12152,52.315
2.8,-0.099341,0.1993,-0.1,0.2,-0.038517,0.12226,52.296
2.9,-0.10094,0.20022,-0.1,0.2,-0.037679,0.12162,52.037
3,-0.099927,0.19913,-0.1,0.2,-0.03806,0.1225,52.315
3.1,-0.098525,0.20052,-0.1,0.2,-0.038876,0.12223,52.037
3.2,-0.10104,0.19917,-0.1,0.2,-0.03805,0.12257,51.907
3.3,-0.099526,0.20105,-0.1,0.2,-0.038376,0.12182,54.574
3.4,-0.10116,0.19962,-0.1,0.2,-0.037634,0.12201,51.907
3.5,-0.099912,0.19998,-0.1,0.2,-0.037895,0.12211,52.296
3.6,-0.1011,0.19855,-0.1,0.2,-0.037323,0.12296,51.907
3.7,-0.097841,0.20175,-0.1,0.2,-0.038611,0.12191,52.037
3.8,-0.099932,0.20104,-0.1,0.2,-0.038221,0.12121,52.019
3.9,-0.10081,0.19832,-0.1,0.2,-0.038023,0.12259,51.907
4,-0.099785,0.20008,-0.1,0.2,-0.038183,0.1223,52.037
4.1,-0.098989,0.20035,-0.1,0.2,-0.038765,0.12226,52.037
4.2,-0.1014,0.19945,-0.1,0.2,-0.037739,0.12231,51.907
4.3,-0.098535,0.20067,-0.1,0.2,-0.038868,0.12219,52.037
4.4,-0.10086,0.19938,-0.1,0.2,-0.038137,0.12243,54.463
4.5,-0.099824,0.20084,-0.1,0.2,-0.038269,0.12179,52.037
4.6,-0.09978,0.19924,-0.1,0.2,-0.03855,0.1226,52.315
4.7,-0.10029,0.20026,-0.1,0.2,-0.038213,0.12213,52.037
4.8,-0.099849,0.20051,-0.1,0.2,-0.038324,0.12186,52.037
4.9,-0.099824,0.19995,-0.1,0.2,-0.038459,0.12203,52.296
5,-0.10078,0.20004,-0.1,0.2,-0.037895,0.12178,52.019
5.1,-0.10128,0.19826,-0.1,0.2,-0.037437,0.12296,51.907
5.2,-0.097841,0.20174,-0.1,0.2,-0.038729,0.12186,52.037
5.3,-0.09894,0.20119,-0.1,0.2,-0.038976,0.12128,52.019
5.4,-0.10303,0.19752,-0.1,0.2,-0.03722,0.12267,51.889
5.5,-0.097856,0.20102,-0.1,0.2,-0.038918,0.12221,54.574
5.6,-0.10237,0.1988,-0.1,0.2,-0.03712,0.12253,51.907
5.7,-0.099834,0.2002,-0.1,0.2,-0.037582,0.12246,52.037
5.8,-0.098261,0.20091,-0.1,0.2,-0.03857,0.12215,52.019
5.9,-0.10087,0.1995,-0.1,0.2,-0.037789,0.12232,51.889
6,-0.098769,0.19991,-0.1,0.2,-0.038781,0.1227,52.315
6.1,-0.10159,0.19995,-0.1,0.2,-0.037473,0.12218,52.037
6.2,-0.10072,0.20034,-0.1,0.2,-0.03726,0.12194,52.037
6.3,-0.095653,0.20266,-0.1,0.2,-0.039949,0.12103,52.037
6.4,-0.10475,0.19633,-0.1,0.2,-0.036647,0.12283,51.907
6.5,-0.098994,0.20125,-0.1,0.2,-0.037825,0.1219,111.43
6.6,-0.098027,0.20038,-0.1,0.2,-0.038942,0.12219,52.315
6.7,-0.10097,0.20014,-0.1,0.2,-0.037923,0.12168,52.037
6.8,-0.10171,0.19921,-0.1,0.2,-0.037116,0.12207,51.889
6.9,-0.09854,0.20054,-0.1,0.2,-0.038276,0.12202,52.019
7,-0.099365,0.20017,-0.1,0.2,-0.038412,0.12196,52.037
7.1,-0.099302,0.20096,-0.1,0.2,-0.038654,0.12133,52.037
7.2,-0.10131,0.19832,-0.1,0.2,-0.037974,0.12248,51.907
7.3,-0.10006,0.2008,-0.1,0.2,-0.037952,0.12164,52.037
7.4,-0.10047,0.19948,-0.1,0.2,-0.037765,0.12211,51.907
7.5,-0.098393,0.20022,-0.1,0.2,-0.038854,0.12226,52.315
7.6,-0.10315,0.19839,-0.1,0.2,-0.036668,0.12263,111.24
7.7,-0.097705,0.2016,-0.1,0.2,-0.038477,0.12197,52.037
7.8,-0.098549,0.20129,-0.1,0.2,-0.038913,0.12133,52.037
7.9,-0.10255,0.19759,-0.1,0.2,-0.037394,0.12274,51.889
8,-0.099228,0.20099,-0.1,0.2,-0.038098,0.12195,52.019
8.1,-0.10045,0.20002,-0.1,0.2,-0.03769,0.12193,52.019
8.2,-0.097983,0.20116,-0.1,0.2,-0.038973,0.12155,52.019
8.3,-0.10075,0.19947,-0.1,0.2,-0.03825,0.12179,51.907
8.4,-0.10163,0.19837,-0.1,0.2,-0.037517,0.12268,51.907
8.5,-0.098916,0.2004,-0.1,0.2,-0.03836,0.12246,52.037
8.6,-0.10036,0.2001,-0.1,0.2,-0.037898,0.12224,52.037
8.7,-0.099482,0.20046,-0.1,0.2,-0.038267,0.12208,111.37
8.8,-0.10005,0.2004,-0.1,0.2,-0.038115,0.12179,52.037
8.9,-0.099819,0.19974,-0.1,0.2,-0.038324,0.12213,52.315
9,-0.099961,0.19927,-0.1,0.2,-0.038399,0.12263,52.315
9.1,-0.10036,0.20051,-0.1,0.2,-0.03802,0.12198,52.019
9.2,-0.099907,0.20031,-0.1,0.2,-0.038151,0.12192,52.019
9.3,-0.099287,0.20012,-0.1,0.2,-0.038615,0.12204,52.296
9.4,-0.10071,0.19972,-0.1,0.2,-0.038054,0.12204,52.019
9.5,-0.097592,0.20174,-0.1,0.2,-0.03955,0.12127,53.056
9.6,-0.099194,0.19944,-0.1,0.2,-0.039845,0.12198,53.481
9.7,-0.10128,0.20066,-0.1,0.2,-0.038731,0.12095,53.204
9.8,-0.099238,0.20011,-0.1,0.2,-0.039555,0.12136,112.63
9.9,-0.10033,0.19938,-0.1,0.2,-0.039269,0.12169,53.056
10,-0.10092,0.20009,-0.1,-0.2,-0.029269,0.11169,52.463
10.1,-0.081162,0.19455,-0.1,-0.2,-0.019269,0.10168,52.463
10.2,-0.050598,0.18615,-0.1,-0.2,-0.009497,0.091685,52.352
10.3,-0.015145,0.1773,-0.1,-0.2,-0.013367,0.081685,52.333
10.4,-0.014838,0.15471,-0.1,-0.2,-0.012745,0.071685,52.352
10.5,-0.016869,0.13563,-0.1,-0.2,-0.012991,0.061685,52.333
10.6,-0.026002,0.11371,-0.1,-0.2,-0.010317,0.051685,52.333
10.7,-0.027385,0.096596,-0.1,-0.2,-0.010434,0.041685,52.333
10.8,-0.033817,0.076317,-0.1,-0.2,-0.00905,0.031685,54.926
10.9,-0.038295,0.057275,-0.1,-0.2,-0.008187,0.021685,52.333
11,-0.043438,0.038969,-0.1,-0.2,-0.006941,0.011685,52.333
11.1,-0.047785,0.020547,-0.1,-0.2,-0.005993,0.001685,52.352
11.2,-0.052068,0.000737,-0.1,-0.2,-0.005435,-0.008315,52.333
11.3,-0.057744,-0.018388,-0.1,-0.2,-0.00422,-0.018315,52.333
11.4,-0.063306,-0.038169,-0.1,-0.2,-0.002766,-0.028315,52.333
11.5,-0.068278,-0.057226,-0.1,-0.2,-0.001325,-0.038315,52.333
11.6,-0.070535,-0.075389,-0.1,-0.2,-0.001498,-0.048315,52.333
11.7,-0.077382,-0.095707,-0.1,-0.2,-5.9e-05,-0.058315,52.333
11.8,-0.082007,-0.11364,-0.1,-0.2,0.001042,-0.068315,52.333
11.9,-0.086764,-0.13386,-0.1,-0.2,0.001967,-0.078315,54.889
12,-0.091072,-0.15263,-0.1,-0.2,0.002615,-0.088315,52.352
12.1,-0.098662,-0.17266,-0.1,-0.2,0.005061,-0.098315,52.352
12.2,-0.10057,-0.19012,-0.1,-0.2,0.005305,-0.10041,52.019
12.3,-0.0983,-0.197,-0.1,-0.2,0.003732,-0.1003,52.296
12.4,-0.10231,-0.20147,-0.1,-0.2,0.005147,-0.099335,51.907
12.5,-0.099663,-0.19936,-0.1,-0.2,0.004645,-0.099808,52.019
12.6,-0.099184,-0.20008,-0.1,-0.2,0.004123,-0.099469,52.296
12.7,-0.10102,-0.2015,-0.1,-0.2,0.004759,-0.098649,51.889
12.8,-0.10012,-0.19929,-0.1,-0.2,0.004854,-0.09943,52.019
12.9,-0.10002,-0.20081,-0.1,-0.2,0.004689,-0.098625,52.296
13,-0.099907,-0.1992,-0.1,-0.2,0.004808,-0.099416,54.574
13.1,-0.099385,-0.20003,-0.1,-0.2,0.004346,-0.099078,52.296
13.2,-0.10103,-0.20056,-0.1,-0.2,0.005075,-0.098969,51.907
13.3,-0.098842,-0.19935,-0.1,-0.2,0.004228,-0.099193,52.037
13.4,-0.10014,-0.20002,-0.1,-0.2,0.004503,-0.099218,52.019
13.5,-0.10046,-0.20017,-0.1,-0.2,0.004745,-0.099169,51.889
13.6,-0.099604,-0.19974,-0.1,-0.2,0.004439,-0.099261,52.019
13.7,-0.10089,-0.20063,-0.1,-0.2,0.005009,-0.098972,51.907
13.8,-0.10052,-0.19994,-0.1,-0.2,0.005242,-0.09917,52.019
13.9,-0.098291,-0.19945,-0.1,-0.2,0.004083,-0.099125,52.296
14,-0.10107,-0.20029,-0.1,-0.2,0.005058,-0.09925,52.019
14.1,-0.10031,-0.19991,-0.1,-0.2,0.005069,-0.099309,54.574
14.2,-0.099814,-0.20013,-0.1,-0.2,0.004871,-0.099115,52.315
14.3,-0.097109,-0.19801,-0.1,-0.2,0.003265,-0.10006,52.019
14.4,-0.10278,-0.20307,-0.1,-0.2,0.005086,-0.098211,51.907
14.5,-0.10008,-0.19829,-0.1,-0.2,0.005049,-0.09989,52.019
14.6,-0.1007,-0.20103,-0.1,-0.2,0.005253,-0.09887,51.907
14.7,-0.098535,-0.19946,-0.1,-0.2,0.004308,-0.099104,52.019
14.8,-0.1002,-0.19999,-0.1,-0.2,0.004692,-0.099226,52.019
14.9,-0.099267,-0.20064,-0.1,-0.2,0.004053,-0.098509,52.296
15,-0.10171,-0.19945,0.1,-0.2,0.014053,-0.10851,52.481
15.1,-0.082686,-0.20477,0.1,-0.2,0.024053,-0.11851,52.481
15.2,-0.054794,-0.2135,0.1,-0.2,0.034053,-0.12326,52.167
15.3,-0.014969,-0.21519,0.1,-0.2,0.044053,-0.12325,52.037
15.4,0.027907,-0.20937,0.1,-0.2,0.054053,-0.12317,52.037
15.5,0.076503,-0.20091,0.1,-0.2,0.052784,-0.12227,52.315
15.6,0.09832,-0.19797,0.1,-0.2,0.049541,-0.12248,52.037
15.7,0.10109,-0.20086,0.1,-0.2,0.048434,-0.1213,52.296
15.8,0.10068,-0.20045,0.1,-0.2,0.048265,-0.12119,52.315
15.9,0.099565,-0.19948,0.1,-0.2,0.048797,-0.12188,52.037
16,0.099429,-0.20125,0.1,-0.2,0.048869,-0.12084,51.907
16.1,0.10092,-0.19991,0.1,-0.2,0.048265,-0.12091,52.037
16.2,0.099707,-0.19983,0.1,-0.2,0.048668,-0.12121,111.43
16.3,0.10229,-0.19821,0.1,-0.2,0.047304,-0.12199,52.037
16.4,0.097177,-0.20185,0.1,-0.2,0.049229,-0.1211,51.889
16.5,0.10053,-0.19984,0.1,-0.2,0.048467,-0.12114,52.037
16.6,0.10026,-0.19909,0.1,-0.2,0.048545,-0.12185,52.037
16.7,0.099214,-0.20033,0.1,-0.2,0.049002,-0.1216,51.907
16.8,0.099634,-0.20048,0.1,-0.2,0.049052,-0.12129,51.889
16.9,0.10095,-0.1995,0.1,-0.2,0.048465,-0.12153,52.037
17,0.099336,-0.20031,0.1,-0.2,0.049019,-0.12145,51.889
17.1,0.099536,-0.20042,0.1,-0.2,0.049157,-0.12121,51.907
17.2,0.10166,-0.19998,0.1,-0.2,0.048003,-0.12087,52.296
17.3,0.10033,-0.19906,0.1,-0.2,0.048239,-0.12174,111.33
17.4,0.097915,-0.20024,0.1,-0.2,0.049563,-0.12185,52.037
17.5,0.10074,-0.20012,0.1,-0.2,0.048658,-0.12138,52.296
17.6,0.1003,-0.20031,0.1,-0.2,0.048597,-0.1212,52.315
17.7,0.10082,-0.19931,0.1,-0.2,0.048223,-0.12166,52.037
17.8,0.098427,-0.20009,0.1,-0.2,0.04936,-0.1219,52.037
17.9,0.10021,-0.20141,0.1,-0.2,0.048707,-0.12055,52.315
18,0.10073,-0.19965,0.1,-0.2,0.04845,-0.12102,52.037
18.1,0.099209,-0.20031,0.1,-0.2,0.049053,-0.12096,51.889
18.2,0.10012,-0.19925,0.1,-0.2,0.048944,-0.12149,52.037
18.3,0.10181,-0.19856,0.1,-0.2,0.0479,-0.12205,52.019
18.4,0.098129,-0.20222,0.1,-0.2,0.049071,-0.12066,111.24
18.5,0.099321,-0.19935,0.1,-0.2,0.049409,-0.12157,52.037
18.6,0.10059,-0.19951,0.1,-0.2,0.048923,-0.1216,52.019
18.7,0.10075,-0.19955,0.1,-0.2,0.048575,-0.12176,52.037
18.8,0.099292,-0.20135,0.1,-0.2,0.048961,-0.12086,51.907
18.9,0.10173,-0.19879,0.1,-0.2,0.047933,-0.1216,52.037
19,0.098217,-0.20072,0.1,-0.2,0.049268,-0.1214,51.907
19.1,0.10011,-0.19988,0.1,-0.2,0.048899,-0.12139,52.315
19.2,0.10012,-0.20054,0.1,-0.2,0.048777,-0.12094,52.296
19.3,0.1017,-0.19941,0.1,-0.2,0.047792,-0.12114,52.037
19.4,0.097934,-0.20008,0.1,-0.2,0.049445,-0.12165,52.037
19.5,0.099775,-0.20025,0.1,-0.2,0.049141,-0.12124,111.5
19.6,0.10196,-0.19834,0.1,-0.2,0.048061,-0.12214,52.037
19.7,0.097832,-0.20167,0.1,-0.2,0.04953,-0.12122,51.889
19.8,0.09999,-0.19994,0.1,-0.2,0.049236,-0.12136,52.037
19.9,0.10201,-0.19891,0.1,-0.2,0.048062,-0.12174,52.037
20,0.098808,-0.20145,0.1,-0.2,0.048962,-0.12089,51.907
20.1,0.099145,-0.20022,0.1,-0.2,0.049365,-0.12108,52.037
20.2,0.10174,-0.19855,0.1,-0.2,0.048265,-0.12175,52.019
20.3,0.10217,-0.19846,0.1,-0.2,0.047258,-0.12236,53.148
20.4,0.097402,-0.20223,0.1,-0.2,0.048949,-0.12113,53.13
20.5,0.098603,-0.20008,0.1,-0.2,0.049515,-0.12155,55.815
20.6,0.10069,-0.20049,0.1,-0.2,0.048757,-0.12086,52.296
20.7,0.101,-0.19933,0.1,-0.2,0.04839,-0.12137,53.241
20.8,0.098759,-0.20103,0.1,-0.2,0.049213,-0.12081,51.889
20.9,0.10183,-0.1984,0.1,-0.2,0.048039,-0.1217,52.037
21,0.098823,-0.20085,0.1,-0.2,0.048945,-0.12119,51.907
21.1,0.10034,-0.20039,0.1,-0.2,0.048478,-0.12084,52.315
21.2,0.098764,-0.19974,0.1,-0.2,0.049454,-0.12147,52.019
21.3,0.10091,-0.19981,0.1,-0.2,0.048608,-0.12119,52.315
21.4,0.10114,-0.19935,0.1,-0.2,0.048116,-0.12153,52.037
21.5,0.099536,-0.20064,0.1,-0.2,0.04849,-0.12112,51.907
21.6,0.098403,-0.20019,0.1,-0.2,0.049477,-0.12142,54.593
21.7,0.10021,-0.20003,0.1,-0.2,0.04904,-0.12119,52.315
21.8,0.10004,-0.20038,0.1,-0.2,0.04903,-0.12094,52.296
21.9,0.10028,-0.19967,0.1,-0.2,0.04893,-0.12122,52.037
22,0.10082,-0.19958,0.1,-0.2,0.048471,-0.12132,52.037
22.1,0.099096,-0.19964,0.1,-0.2,0.049243,-0.12183,52.037
22.2,0.10053,-0.20005,0.1,-0.2,0.048662,-0.12146,52.315
22.3,0.10289,-0.199,0.1,-0.2,0.046981,-0.12165,52.037
22.4,0.096435,-0.20154,0.1,-0.2,0.049621,-0.12142,51.907
22.5,0.10071,-0.2002,0.1,-0.2,0.04851,-0.12096,52.315
22.6,0.099619,-0.20005,0.1,-0.2,0.048959,-0.12117,52.037
22.7,0.099741,-0.20042,0.1,-0.2,0.049007,-0.12086,54.519
22.8,0.10107,-0.19875,0.1,-0.2,0.048456,-0.12166,52.037
22.9,0.1001,-0.20059,0.1,-0.2,0.048417,-0.12102,52.296
23,0.09981,-0.20036,0.1,-0.2,0.048544,-0.12093,51.889
23.1,0.098462,-0.19971,0.1,-0.2,0.049604,-0.12157,52.019
23.2,0.10264,-0.19944,0.1,-0.2,0.047592,-0.12112,52.315
23.3,0.099018,-0.20065,0.1,-0.2,0.048646,-0.12107,51.907
23.4,0.10082,-0.19913,0.1,-0.2,0.048042,-0.12155,52.037
23.5,0.09791,-0.20098,0.1,-0.2,0.049399,-0.12119,51.907
23.6,0.099668,-0.19977,0.1,-0.2,0.049322,-0.12141,52.037
23.7,0.10205,-0.20012,0.1,-0.2,0.047883,-0.12076,52.315
23.8,0.099726,-0.19947,0.1,-0.2,0.048558,-0.12154,54.574
23.9,0.099204,-0.20036,0.1,-0.2,0.048914,-0.12126,51.907
24,0.099497,-0.19986,0.1,-0.2,0.049144,-0.12147,52.019
24.1,0.10135,-0.20004,0.1,-0.2,0.048135,-0.12103,52.315
24.2,0.09937,-0.2002,0.1,-0.2,0.048804,-0.12121,52.019
24.3,0.1012,-0.19855,0.1,-0.2,0.048077,-0.12202,52.037
24.4,0.097626,-0.20125,0.1,-0.2,0.049609,-0.12143,51.907
24.5,0.10165,-0.20046,0.1,-0.2,0.048064,-0.12065,52.296
24.6,0.098686,-0.20059,0.1,-0.2,0.049255,-0.12082,52.037
24.7,0.10157,-0.19878,0.1,-0.2,0.048152,-0.12136,52.037
24.8,0.099492,-0.19988,0.1,-0.2,0.048728,-0.12151,111.3
24.9,0.10012,-0.20007,0.1,-0.2,0.048509,-0.12132,52.315
25,0.098847,-0.19951,0.1,0.2,0.038509,-0.11132,52.741
25.1,0.080239,-0.19393,0.1,0.2,0.028509,-0.10132,52.741
25.2,0.04949,-0.18598,0.1,0.2,0.019247,-0.091324,52.556
25.3,0.018364,-0.17546,0.1,0.2,0.021005,-0.081324,52.148
25.4,0.011082,-0.15569,0.1,0.2,0.023299,-0.071324,52.148
25.5,0.018589,-0.13468,0.1,0.2,0.021863,-0.061324,52.556
25.6,0.025299,-0.11488,0.1,0.2,0.019813,-0.051324,52.556
25.7,0.027189,-0.096679,0.1,0.2,0.019936,-0.041324,52.148
25.8,0.033026,-0.077455,0.1,0.2,0.018895,-0.031324,52.556
25.9,0.038794,-0.057763,0.1,0.2,0.017512,-0.021324,111.85
26,0.044083,-0.03915,0.1,0.2,0.015907,-0.011324,52.556
26.1,0.04631,-0.02125,0.1,0.2,0.015957,-0.001324,52.148
26.2,0.053172,-0.000698,0.1,0.2,0.014411,0.008676,52.556
26.3,0.060195,0.02022,0.1,0.2,0.012009,0.018676,52.556
26.4,0.061236,0.037724,0.1,0.2,0.012268,0.028676,52.148
26.5,0.066212,0.057011,0.1,0.2,0.011804,0.038676,52.556
26.6,0.072518,0.076527,0.1,0.2,0.010472,0.048676,52.556
26.7,0.075932,0.094969,0.1,0.2,0.01026,0.058676,52.556
26.8,0.083521,0.11571,0.1,0.2,0.008182,0.068676,52.556
26.9,0.087463,0.1344,0.1,0.2,0.00711,0.078676,52.556
27,0.092151,0.15323,0.1,0.2,0.005924,0.088676,111.85
27.1,0.095575,0.17269,0.1,0.2,0.005718,0.098676,52.556
27.2,0.10258,0.19195,0.1,0.2,0.003837,0.10029,52.296
27.3,0.1011,0.19839,0.1,0.2,0.00404,0.099865,52.037
27.4,0.098799,0.19919,0.1,0.2,0.005067,0.09983,52.037
27.5,0.10022,0.20052,0.1,0.2,0.004817,0.099483,52.037
27.6,0.10081,0.20117,0.1,0.2,0.004459,0.098834,52.037
27.7,0.098076,0.19865,0.1,0.2,0.00562,0.099596,51.889
27.8,0.10264,0.20072,0.1,0.2,0.003677,0.099602,52.315
27.9,0.09977,0.20048,0.1,0.2,0.004375,0.098983,52.019
28,0.098559,0.19993,0.1,0.2,0.00521,0.098857,52.037
28.1,0.10028,0.19944,0.1,0.2,0.004663,0.09953,111.57
28.2,0.10107,0.20073,0.1,0.2,0.004174,0.09903,52.019
28.3,0.099922,0.20042,0.1,0.2,0.00443,0.098717,52.019
28.4,0.098901,0.19895,0.1,0.2,0.004951,0.099396,51.907
28.5,0.098828,0.20023,0.1,0.2,0.005641,0.098839,52.037
28.6,0.10258,0.20107,0.1,0.2,0.003836,0.098797,52.037
28.7,0.098613,0.19854,0.1,0.2,0.004993,0.099516,51.889
28.8,0.10039,0.20071,0.1,0.2,0.004651,0.098924,52.019
28.9,0.099824,0.19996,0.1,0.2,0.004792,0.09902,51.889
29,0.10054,0.2012,0.1,0.2,0.004563,0.098212,52.037
29.1,0.09893,0.19884,0.1,0.2,0.005123,0.099071,54.37
29.2,0.10013,0.20014,0.1,0.2,0.004935,0.098866,52.037
29.3,0.10009,0.19943,0.1,0.2,0.004824,0.099344,52.315
29.4,0.099878,0.19967,0.1,0.2,0.004928,0.09944,51.907
29.5,0.10191,0.20159,0.1,0.2,0.003874,0.098587,52.037
29.6,0.09918,0.19926,0.1,0.2,0.004558,0.099089,51.907
29.7,0.098794,0.19953,0.1,0.2,0.00517,0.09913,51.907
29.8,0.10067,0.20036,0.1,0.2,0.004581,0.099051,52.037
29.9,0.098803,0.19939,0.1,0.2,0.00542,0.099234,51.889
30,0.10059,0.20006,0.1,0.2,0.004852,0.099344,52.315
30.1,0.10137,0.19972,-0.1,0.2,-0.005148,0.10934,52.741
30.2,0.080684,0.20615,-0.1,0.2,-0.015148,0.11934,55.352
30.3,0.052039,0.21528,-0.1,0.2,-0.025148,0.12278,52.5
30.4,0.013709,0.21582,-0.1,0.2,-0.035148,0.12274,52.222
30.5,-0.032493,0.2078,-0.1,0.2,-0.045148,0.12307,52.5
30.6,-0.0798,0.20014,-0.1,0.2,-0.043411,0.12226,52.037
30.7,-0.10083,0.19792,-0.1,0.2,-0.039282,0.12213,52.037
30.8,-0.098383,0.20135,-0.1,0.2,-0.040423,0.12147,52.037
30.9,-0.10232,0.19987,-0.1,0.2,-0.038723,0.12116,52.019
31,-0.098784,0.20081,-0.1,0.2,-0.039902,0.1211,52.019
31.1,-0.10112,0.19985,-0.1,0.2,-0.038976,0.12094,53.204
31.2,-0.099023,0.20062,-0.1,0.2,-0.039763,0.1208,53.259
31.3,-0.10049,0.19934,-0.1,0.2,-0.039378,0.1212,55.63
31.4,-0.10098,0.19947,-0.1,0.2,-0.038849,0.12132,51.907
31.5,-0.099829,0.19996,-0.1,0.2,-0.039106,0.12139,53.463
31.6,-0.09873,0.20107,-0.1,0.2,-0.039752,0.1208,53.222
31.7,-0.10047,0.19914,-0.1,0.2,-0.039398,0.12145,51.907
31.8,-0.10151,0.19974,-0.1,0.2,-0.038464,0.12118,52.037
31.9,-0.097963,0.20087,-0.1,0.2,-0.039972,0.1211,52.019
32,-0.10097,0.1994,-0.1,0.2,-0.03906,0.12127,51.889
32.1,-0.10035,0.19944,-0.1,0.2,-0.039066,0.12163,52.315
32.2,-0.099238,0.19987,-0.1,0.2,-0.039606,0.12183,52.315
32.3,-0.10011,0.20137,-0.1,0.2,-0.039175,0.12059,52.037
32.4,-0.098725,0.19993,-0.1,0.2,-0.040186,0.12128,54.944
32.5,-0.10138,0.19897,-0.1,0.2,-0.039159,0.12159,51.889
32.6,-0.099873,0.20015,-0.1,0.2,-0.039425,0.12146,52.037
32.7,-0.10171,0.19987,-0.1,0.2,-0.038262,0.12116,52.037
32.8,-0.098222,0.20033,-0.1,0.2,-0.039723,0.12151,52.315
32.9,-0.09998,0.20067,-0.1,0.2,-0.039298,0.12081,52.037
33,-0.099009,0.20015,-0.1,0.2,-0.040018,0.1211,52.315
33.1,-0.1022,0.19859,-0.1,0.2,-0.038567,0.12159,51.907
33.2,-0.099053,0.20113,-0.1,0.2,-0.03937,0.1209,52.037
33.3,-0.099565,0.20039,-0.1,0.2,-0.039485,0.12081,52.037
33.4,-0.1007,0.19892,-0.1,0.2,-0.039123,0.12153,111.15
33.5,-0.097788,0.20021,-0.1,0.2,-0.040632,0.12174,52.296
33.6,-0.10167,0.20014,-0.1,0.2,-0.039077,0.12101,52.037
33.7,-0.10033,0.19971,-0.1,0.2,-0.039264,0.12142,52.296
33.8,-0.099096,0.2007,-0.1,0.2,-0.039792,0.12104,52.019
33.9,-0.10086,0.19974,-0.1,0.2,-0.039124,0.12108,51.907
34,-0.10051,0.19958,-0.1,0.2,-0.039,0.12136,51.907
34.1,-0.099482,0.20009,-0.1,0.2,-0.039385,0.12137,52.315
34.2,-0.10139,0.199,-0.1,0.2,-0.038486,0.12177,51.907
34.3,-0.09706,0.20152,-0.1,0.2,-0.040433,0.12123,52.037
34.4,-0.10098,0.19956,-0.1,0.2,-0.039376,0.1213,51.907
34.5,-0.10151,0.19963,-0.1,0.2,-0.038609,0.12129,111.39
34.6,-0.098462,0.20068,-0.1,0.2,-0.039801,0.12122,52.037
34.7,-0.10016,0.19934,-0.1,0.2,-0.039523,0.12164,51.907
34.8,-0.10002,0.20011,-0.1,0.2,-0.039485,0.12143,52.019
34.9,-0.10012,0.20041,-0.1,0.2,-0.039365,0.12111,52.037
35,-0.10037,0.19977,-0.1,0.2,-0.039206,0.12131,51.889
35.1,-0.099687,0.20004,-0.1,0.2,-0.03946,0.12134,52.296
35.2,-0.099897,0.19953,-0.1,0.2,-0.039531,0.1217,52.296
35.3,-0.099526,0.20099,-0.1,0.2,-0.039654,0.12092,52.037
35.4,-0.099829,0.20025,-0.1,0.2,-0.039728,0.12093,52.296
35.5,-0.10092,0.19959,-0.1,0.2,-0.039164,0.12106,51.889
35.6,-0.099458,0.20033,-0.1,0.2,-0.039633,0.12096,111.44
35.7,-0.09914,0.20013,-0.1,0.2,-0.040101,0.12106,52.315
35.8,-0.1016,0.19868,-0.1,0.2,-0.039062,0.12165,51.889
35.9,-0.09959,0.20063,-0.1,0.2,-0.039462,0.12117,52.037
36,-0.099443,0.19999,-0.1,0.2,-0.039786,0.12138,52.296
36.1,-0.10049,0.20025,-0.1,0.2,-0.039316,0.121,52.037
36.2,-0.099448,0.2007,-0.1,0.2,-0.039712,0.1207,52.019
36.3,-0.10096,0.19843,-0.1,0.2,-0.039238,0.12179,51.889
36.4,-0.098291,0.20039,-0.1,0.2,-0.040391,0.12166,52.019
36.5,-0.1016,0.19963,-0.1,0.2,-0.039059,0.12144,52.019
36.6,-0.1002,0.2006,-0.1,0.2,-0.039142,0.12106,52.037
36.7,-0.098916,0.20008,-0.1,0.2,-0.039925,0.1214,111.61
36.8,-0.10078,0.19993,-0.1,0.2,-0.039202,0.12115,52.037
36.9,-0.099443,0.19961,-0.1,0.2,-0.03979,0.12168,52.315
37,-0.099932,0.20043,-0.1,0.2,-0.039627,0.12119,52.037
37.1,-0.10092,0.199,-0.1,0.2,-0.039177,0.12185,51.889
37.2,-0.10033,0.20038,-0.1,0.2,-0.038998,0.12137,52.037
37.3,-0.098828,0.20105,-0.1,0.2,-0.039716,0.12094,52.037
37.4,-0.099223,0.20031,-0.1,0.2,-0.040047,0.12096,52.296
37.5,-0.10196,0.19895,-0.1,0.2,-0.038775,0.1213,51.889
37.6,-0.10021,0.1996,-0.1,0.2,-0.038997,0.12158,52.296
37.7,-0.099585,0.20039,-0.1,0.2,-0.039198,0.1213,54.648
37.8,-0.098999,0.20053,-0.1,0.2,-0.039735,0.12115,52.019
37.9,-0.10039,0.19913,-0.1,0.2,-0.039455,0.12174,51.889
38,-0.10117,0.19915,-0.1,0.2,-0.038809,0.12199,51.889
38.1,-0.097836,0.2021,-0.1,0.2,-0.040117,0.12081,52.019
38.2,-0.10136,0.19911,-0.1,0.2,-0.039066,0.12137,51.889
38.3,-0.099311,0.20044,-0.1,0.2,-0.039689,0.12118,52.019
38.4,-0.099043,0.20072,-0.1,0.2,-0.04012,0.12084,52.019
38.5,-0.10158,0.19895,-0.1,0.2,-0.039092,0.12134,51.907
38.6,-0.10036,0.19996,-0.1,0.2,-0.039094,0.12126,52.037
38.7,-0.09914,0.19958,-0.1,0.2,-0.039771,0.12182,52.315
38.8,-0.099741,0.19997,-0.1,0.2,-0.039735,0.1217,54.574
38.9,-0.10043,0.20089,-0.1,0.2,-0.039283,0.12087,52.037
39,-0.1,0.19901,-0.1,0.2,-0.039581,0.12191,52.296
39.1,-0.10003,0.20021,-0.1,0.2,-0.039446,0.12151,52.019
39.2,-0.099531,0.20061,-0.1,0.2,-0.039696,0.12119,52.019
39.3,-0.10044,0.19983,-0.1,0.2,-0.039385,0.1213,51.889
39.4,-0.10045,0.20011,-0.1,0.2,-0.039148,0.12112,52.019
39.5,-0.099414,0.20021,-0.1,0.2,-0.039603,0.12117,52.315
39.6,-0.09958,0.19991,-0.1,0.2,-0.039793,0.12131,52.315
39.7,-0.10051,0.19965,-0.1,0.2,-0.039421,0.1214,51.907
39.8,-0.10123,0.19993,-0.1,0.2,-0.038683,0.12115,52.037
39.9,-0.098838,0.20048,-0.1,0.2,-0.039618,0.12118,54.926
40,-0.099306,0.20015,-0.1,0.2,-0.039857,0.12117,52.019
40.1,-0.10116,0.19975,-0.1,-0.2,-0.029857,0.11117,52.463
40.2,-0.081724,0.19254,-0.1,-0.2,-0.019857,0.10117,52.463
40.3,-0.053607,0.18473,-0.1,-0.2,-0.009857,0.091173,52.463
40.4,-0.017182,0.17577,-0.1,-0.2,-0.013602,0.081173,52.352
40.5,-0.015057,0.15436,-0.1,-0.2,-0.013362,0.071173,52.352
40.6,-0.019057,0.13413,-0.1,-0.2,-0.012414,0.061173,52.352
40.7,-0.02337,0.11431,-0.1,-0.2,-0.011786,0.051173,52.352
40.8,-0.029568,0.095614,-0.1,-0.2,-0.010113,0.041173,52.352
40.9,-0.033377,0.076293,-0.1,-0.2,-0.009414,0.031173,52.352
41,-0.038169,0.05664,-0.1,-0.2,-0.008632,0.021173,54.907
41.1,-0.045504,0.037294,-0.1,-0.2,-0.006205,0.011173,52.352
41.2,-0.047072,0.019326,-0.1,-0.2,-0.006241,0.001173,52.352
41.3,-0.053744,-0.000908,-0.1,-0.2,-0.004632,-0.008827,52.333
41.4,-0.056166,-0.019482,-0.1,-0.2,-0.004898,-0.018827,52.333
41.5,-0.064044,-0.039013,-0.1,-0.2,-0.002771,-0.028827,52.352
41.6,-0.067907,-0.058041,-0.1,-0.2,-0.001826,-0.038827,52.333
41.7,-0.071575,-0.076694,-0.1,-0.2,-0.001409,-0.048827,52.352
41.8,-0.077641,-0.096567,-0.1,-0.2,-8.5e-05,-0.058827,52.352
41.9,-0.08232,-0.11544,-0.1,-0.2,0.000948,-0.068827,53.519
42,-0.086852,-0.13424,-0.1,-0.2,0.001851,-0.078827,112.74
42.1,-0.092322,-0.15376,-0.1,-0.2,0.00317,-0.088827,53.611
42.2,-0.097319,-0.17334,-0.1,-0.2,0.004422,-0.098827,52.352
42.3,-0.10074,-0.19131,-0.1,-0.2,0.004868,-0.10043,53.278
42.4,-0.10007,-0.19822,-0.1,-0.2,0.004327,-0.099998,53.463
42.5,-0.10175,-0.2008,-0.1,-0.2,0.005214,-0.099467,51.889
42.6,-0.099238,-0.20004,-0.1,-0.2,0.004412,-0.099232,52.296
42.7,-0.099766,-0.20042,-0.1,-0.2,0.004371,-0.098974,52.296
42.8,-0.10034,-0.20011,-0.1,-0.2,0.00466,-0.099083,52.037
42.9,-0.098515,-0.19994,-0.1,-0.2,0.003611,-0.098751,52.296
43,-0.10261,-0.20033,-0.1,-0.2,0.005599,-0.099284,52.037
43.1,-0.0998,-0.19914,-0.1,-0.2,0.005088,-0.099644,111.33
43.2,-0.098828,-0.20001,-0.1,-0.2,0.004304,-0.099219,52.315
43.3,-0.10062,-0.20073,-0.1,-0.2,0.00485,-0.098949,51.907
43.4,-0.098085,-0.19946,-0.1,-0.2,0.003566,-0.09899,52.019
43.5,-0.10271,-0.2004,-0.1,-0.2,0.005657,-0.099442,52.019
43.6,-0.098554,-0.1993,-0.1,-0.2,0.004267,-0.099377,52.296
43.7,-0.099741,-0.19989,-0.1,-0.2,0.004365,-0.099457,52.019
43.8,-0.1022,-0.20065,-0.1,-0.2,0.005773,-0.099465,52.019
43.9,-0.09725,-0.19906,-0.1,-0.2,0.003684,-0.099421,52.296
44,-0.10053,-0.20106,-0.1,-0.2,0.004377,-0.098866,51.889
44.1,-0.10031,-0.19904,-0.1,-0.2,0.004669,-0.099838,52.019
44.2,-0.099189,-0.19997,-0.1,-0.2,0.00399,-0.099413,111.61
44.3,-0.10182,-0.20125,-0.1,-0.2,0.005193,-0.098964,51.889
44.4,-0.097621,-0.19873,-0.1,-0.2,0.003518,-0.099445,52.019
44.5,-0.10237,-0.2015,-0.1,-0.2,0.005276,-0.09885,51.889
44.6,-0.099228,-0.19877,-0.1,-0.2,0.004568,-0.09965,52.019
44.7,-0.10021,-0.20006,-0.1,-0.2,0.004776,-0.099497,51.889
44.8,-0.099326,-0.19985,-0.1,-0.2,0.004304,-0.099444,52.296
44.9,-0.10034,-0.20076,-0.1,-0.2,0.004543,-0.09898,51.889
45,-0.10114,-0.20025,-0.1,-0.2,0.005259,-0.099171,52.019
45.1,-0.098139,-0.19948,0.1,-0.2,0.015259,-0.10917,52.481
45.2,-0.077436,-0.20516,0.1,-0.2,0.025259,-0.11917,52.481
45.3,-0.04717,-0.21353,0.1,-0.2,0.035259,-0.12298,111.57
45.4,-0.007551,-0.21362,0.1,-0.2,0.045259,-0.12345,52.148
45.5,0.037646,-0.20819,0.1,-0.2,0.055259,-0.12255,52.019
45.6,0.085695,-0.19819,0.1,-0.2,0.051636,-0.12262,52.019
45.7,0.10016,-0.19944,0.1,-0.2,0.048902,-0.1217,52.315
45.8,0.1,-0.20076,0.1,-0.2,0.049002,-0.1213,51.889
45.9,0.10151,-0.20034,0.1,-0.2,0.048055,-0.12089,52.315
46,0.098403,-0.20009,0.1,-0.2,0.049447,-0.12146,52.037
46.1,0.10129,-0.19959,0.1,-0.2,0.048318,-0.12127,52.315
46.2,0.099394,-0.20026,0.1,-0.2,0.048924,-0.1213,52.037
46.3,0.10075,-0.19917,0.1,-0.2,0.048424,-0.12175,52.037
46.4,0.1019,-0.19911,0.1,-0.2,0.047351,-0.12191,52.019
46.5,0.096752,-0.20195,0.1,-0.2,0.049534,-0.12118,51.889
46.6,0.10074,-0.1992,0.1,-0.2,0.048651,-0.12164,52.019
46.7,0.10212,-0.19956,0.1,-0.2,0.047415,-0.12143,52.296
46.8,0.09747,-0.20147,0.1,-0.2,0.049275,-0.12104,51.889
46.9,0.10014,-0.19903,0.1,-0.2,0.04892,-0.12175,52.019
47,0.10061,-0.20024,0.1,-0.2,0.048453,-0.12123,52.315
47.1,0.10071,-0.19998,0.1,-0.2,0.048122,-0.12122,52.315
47.2,0.10033,-0.19921,0.1,-0.2,0.04814,-0.12184,52.037
47.3,0.099556,-0.19964,0.1,-0.2,0.048471,-0.12208,52.037
47.4,0.099175,-0.20106,0.1,-0.2,0.048748,-0.1213,54.463
47.5,0.1002,-0.19956,0.1,-0.2,0.048608,-0.12174,52.037
47.6,0.10075,-0.20032,0.1,-0.2,0.048082,-0.12125,52.315
47.7,0.099082,-0.20043,0.1,-0.2,0.048808,-0.12129,52.037
47.8,0.10051,-0.20006,0.1,-0.2,0.048308,-0.12109,52.296
47.9,0.10033,-0.19898,0.1,-0.2,0.048347,-0.1219,52.037
48,0.098672,-0.20119,0.1,-0.2,0.049045,-0.12109,51.907
48.1,0.10027,-0.19954,0.1,-0.2,0.048764,-0.12149,52.019
48.2,0.10028,-0.2004,0.1,-0.2,0.048557,-0.12105,52.315
48.3,0.099311,-0.19992,0.1,-0.2,0.049119,-0.1214,52.037
48.4,0.10284,-0.19882,0.1,-0.2,0.047234,-0.12155,52.037
48.5,0.097748,-0.20102,0.1,-0.2,0.04906,-0.12138,54.426
48.6,0.098291,-0.201,0.1,-0.2,0.049671,-0.12091,51.889
48.7,0.10221,-0.19959,0.1,-0.2,0.048028,-0.12074,52.315
48.8,0.099043,-0.20029,0.1,-0.2,0.049059,-0.12094,52.037
48.9,0.10125,-0.19884,0.1,-0.2,0.048199,-0.12148,52.037
49,0.099502,-0.19997,0.1,-0.2,0.048689,-0.12153,52.037
49.1,0.10141,-0.19965,0.1,-0.2,0.047671,-0.12139,52.315
49.2,0.098173,-0.20141,0.1,-0.2,0.048943,-0.12082,51.889
49.3,0.10017,-0.19937,0.1,-0.2,0.048662,-0.12134,52.037
49.4,0.10084,-0.19941,0.1,-0.2,0.048188,-0.1215,52.019
49.5,0.099722,-0.20021,0.1,-0.2,0.04846,-0.12138,51.907
49.6,0.10015,-0.20037,0.1,-0.2,0.04826,-0.12106,54.889
49.7,0.099614,-0.19981,0.1,-0.2,0.048606,-0.1214,52.037
49.8,0.10051,-0.20038,0.1,-0.2,0.048121,-0.12089,52.315
49.9,0.099536,-0.19995,0.1,-0.2,0.048575,-0.1212,52.037
50,0.099834,-0.19945,0.1,-0.2,0.048663,-0.12159,52.037
50.1,0.10097,-0.20099,0.1,-0.2,0.047804,-0.12044,52.296
50.2,0.097607,-0.20009,0.1,-0.2,0.049669,-0.12128,52.037
50.3,0.10181,-0.19865,0.1,-0.2,0.048177,-0.12162,52.019
50.4,0.10137,-0.19922,0.1,-0.2,0.047641,-0.12187,52.019
50.5,0.098701,-0.20108,0.1,-0.2,0.048534,-0.12131,51.889
50.6,0.097836,-0.20043,0.1,-0.2,0.049734,-0.12155,52.037
50.7,0.10147,-0.19996,0.1,-0.2,0.048389,-0.12106,54.889
50.8,0.10013,-0.19998,0.1,-0.2,0.048629,-0.12126,52.037
50.9,0.10074,-0.19947,0.1,-0.2,0.048215,-0.12149,52.037
51,0.098926,-0.20112,0.1,-0.2,0.048871,-0.12083,51.907
51.1,0.10137,-0.19834,0.1,-0.2,0.048058,-0.12192,52.037
51.2,0.097558,-0.20202,0.1,-0.2,0.049553,-0.12072,51.907
51.3,0.10053,-0.1988,0.1,-0.2,0.049046,-0.12168,52.019
51.4,0.10091,-0.19951,0.1,-0.2,0.048544,-0.12167,52.296
51.5,0.1004,-0.19997,0.1,-0.2,0.048417,-0.12161,52.296
51.6,0.098877,-0.20087,0.1,-0.2,0.049105,-0.12122,51.889
51.7,0.10213,-0.19953,0.1,-0.2,0.047585,-0.12113,111.61
51.8,0.09767,-0.20078,0.1,-0.2,0.049427,-0.12124,52.037
51.9,0.10055,-0.2001,0.1,-0.2,0.048629,-0.12089,52.315
52,0.10067,-0.19926,0.1,-0.2,0.048427,-0.12143,52.019
52.1,0.09956,-0.20046,0.1,-0.2,0.048724,-0.12108,51.907
52.2,0.1004,-0.20008,0.1,-0.2,0.048384,-0.12096,52.315
52.3,0.099082,-0.20008,0.1,-0.2,0.049077,-0.12119,52.037
52.4,0.10207,-0.19833,0.1,-0.2,0.047747,-0.12191,52.037
52.5,0.097871,-0.2014,0.1,-0.2,0.049251,-0.12122,51.889
52.6,0.10103,-0.19973,0.1,-0.2,0.048271,-0.12121,52.296
52.7,0.099272,-0.19961,0.1,-0.2,0.049017,-0.12178,53.148
52.8,0.10079,-0.20002,0.1,-0.2,0.048305,-0.12139,112.67
52.9,0.099888,-0.20051,0.1,-0.2,0.04847,-0.12113,53.074
53,0.09809,-0.20084,0.1,-0.2,0.049644,-0.12101,51.889
53.1,0.10315,-0.19898,0.1,-0.2,0.047378,-0.12101,53.222
53.2,0.09749,-0.20094,0.1,-0.2,0.049485,-0.12105,53.185
53.3,0.10097,-0.19914,0.1,-0.2,0.048505,-0.12137,52.037
53.4,0.10093,-0.19987,0.1,-0.2,0.048043,-0.1212,52.315
53.5,0.099282,-0.19971,0.1,-0.2,0.048724,-0.12169,52.037
53.6,0.10009,-0.20025,0.1,-0.2,0.048445,-0.1213,52.296
53.7,0.099927,-0.19998,0.1,-0.2,0.048541,-0.12141,52.037
53.8,0.098672,-0.20108,0.1,-0.2,0.049266,-0.12086,51.907
53.9,0.10168,-0.19797,0.1,-0.2,0.048263,-0.12213,111.43
54,0.099219,-0.20094,0.1,-0.2,0.048833,-0.12135,51.907
54.1,0.10064,-0.19956,0.1,-0.2,0.048368,-0.12164,52.037
54.2,0.099038,-0.20019,0.1,-0.2,0.04908,-0.12171,52.037
54.3,0.099326,-0.20012,0.1,-0.2,0.049336,-0.12169,51.907
54.4,0.10242,-0.19866,0.1,-0.2,0.047796,-0.12212,52.037
54.5,0.10002,-0.2017,0.1,-0.2,0.04791,-0.12079,51.907
54.6,0.098613,-0.19977,0.1,-0.2,0.04898,-0.12166,52.037
54.7,0.099546,-0.19986,0.1,-0.2,0.049011,-0.12164,51.907
54.8,0.098764,-0.20105,0.1,-0.2,0.049615,-0.12104,51.907
54.9,0.10326,-0.19869,0.1,-0.2,0.047475,-0.12139,52.037
55,0.098784,-0.2009,0.1,-0.2,0.048708,-0.12109,111.22
55.1,0.099966,-0.19924,0.1,0.2,0.038708,-0.11109,52.741
55.2,0.080825,-0.19348,0.1,0.2,0.028708,-0.10109,52.759
55.3,0.051683,-0.18439,0.1,0.2,0.018708,-0.091088,52.741
55.4,0.018081,-0.17468,0.1,0.2,0.02126,-0.081088,52.148
55.5,0.01264,-0.15429,0.1,0.2,0.022672,-0.071088,52.148
55.6,0.018437,-0.13322,0.1,0.2,0.021805,-0.061088,52.556
55.7,0.024391,-0.11342,0.1,0.2,0.020514,-0.051088,52.556
55.8,0.029138,-0.094828,0.1,0.2,0.019418,-0.041088,52.556
55.9,0.034178,-0.075897,0.1,0.2,0.018148,-0.031088,52.556
56,0.036557,-0.057104,0.1,0.2,0.01852,-0.021088,54.704
56.1,0.046149,-0.036679,0.1,0.2,0.01547,-0.011088,52.556
56.2,0.047184,-0.019678,0.1,0.2,0.015501,-0.001088,52.148
56.3,0.053328,0.00127,0.1,0.2,0.014244,0.008912,52.556
56.4,0.059209,0.021128,0.1,0.2,0.012622,0.018912,52.556
56.5,0.062574,0.039057,0.1,0.2,0.01199,0.028912,52.556
56.6,0.065949,0.057905,0.1,0.2,0.012055,0.038912,52.148
56.7,0.074413,0.078588,0.1,0.2,0.009676,0.048912,52.556
56.8,0.076415,0.096381,0.1,0.2,0.009637,0.058912,52.556
56.9,0.083219,0.11655,0.1,0.2,0.007927,0.068912,52.556
57,0.086476,0.13464,0.1,0.2,0.00748,0.078912,52.556
57.1,0.093206,0.15432,0.1,0.2,0.005572,0.088912,55.074
57.2,0.094554,0.17186,0.1,0.2,0.006116,0.098912,52.148
57.3,0.10465,0.19366,0.1,0.2,0.002916,0.099553,52.315
57.4,0.098867,0.19747,0.1,0.2,0.004739,0.099438,52.019
57.5,0.10079,0.2006,0.1,0.2,0.004234,0.098857,52.019
57.6,0.098716,0.19914,0.1,0.2,0.005096,0.099275,51.889
57.7,0.099551,0.20002,0.1,0.2,0.005219,0.099128,52.037
57.8,0.10169,0.2001,0.1,0.2,0.00403,0.099505,52.296
57.9,0.098628,0.19983,0.1,0.2,0.005259,0.099112,52.019
58,0.10178,0.20024,0.1,0.2,0.003827,0.099497,52.315
58.1,0.098852,0.19987,0.1,0.2,0.004916,0.099142,52.037
58.2,0.098989,0.19963,0.1,0.2,0.005307,0.09933,54.444
58.3,0.1014,0.20022,0.1,0.2,0.00425,0.099521,52.315
58.4,0.10185,0.20172,0.1,0.2,0.003521,0.098462,52.037
58.5,0.098061,0.19928,0.1,0.2,0.004913,0.098734,51.889
58.6,0.098691,0.19914,0.1,0.2,0.005317,0.099204,51.907
58.7,0.10052,0.19988,0.1,0.2,0.004797,0.099372,52.296
58.8,0.10051,0.19981,0.1,0.2,0.004566,0.099543,52.315
58.9,0.09999,0.20043,0.1,0.2,0.004748,0.0991,52.019
59,0.10066,0.19957,0.1,0.2,0.004201,0.099701,52.296
59.1,0.098857,0.20002,0.1,0.2,0.005131,0.099231,52.019
59.2,0.10039,0.20066,0.1,0.2,0.004728,0.098963,52.019
59.3,0.10051,0.20034,0.1,0.2,0.004467,0.098898,54.593
59.4,0.099673,0.19956,0.1,0.2,0.00469,0.099182,51.889
59.5,0.10048,0.2001,0.1,0.2,0.004344,0.099163,52.037
59.6,0.098965,0.19876,0.1,0.2,0.004953,0.099858,51.907
59.7,0.099961,0.20114,0.1,0.2,0.005037,0.098807,52.037
59.8,0.099409,0.1991,0.1,0.2,0.005222,0.099632,51.907
59.9,0.10087,0.2008,0.1,0.2,0.004717,0.099075,52.037
60,0.10013,0.19948,0.1,0.2,0.004672,0.099579,52.315
60.1,0.10111,0.2009,0.1,0.2,0.00411,0.099004,52.037
60.2,0.0979,0.19908,-0.1,0.2,-0.00589,0.109,52.741
60.3,0.077099,0.20449,-0.1,0.2,-0.01589,0.119,111.96
60.4,0.049382,0.21448,-0.1,0.2,-0.02589,0.12244,52.5
60.5,0.008933,0.21405,-0.1,0.2,-0.03589,0.1228,52.5
60.6,-0.036889,0.20674,-0.1,0.2,-0.04589,0.12316,52.5
60.7,-0.085035,0.199,-0.1,0.2,-0.042183,0.12232,52.037
60.8,-0.098764,0.19868,-0.1,0.2,-0.040389,0.12245,51.889
60.9,-0.10175,0.20023,-0.1,0.2,-0.039055,0.12171,52.019
61,-0.099004,0.20103,-0.1,0.2,-0.040003,0.12147,52.019
61.1,-0.10215,0.20001,-0.1,0.2,-0.038442,0.12104,52.019
61.2,-0.09893,0.20047,-0.1,0.2,-0.039525,0.1212,52.296
61.3,-0.1012,0.19897,-0.1,0.2,-0.038667,0.12167,51.889
61.4,-0.098149,0.20114,-0.1,0.2,-0.039904,0.12114,111.41
61.5,-0.10113,0.19913,-0.1,0.2,-0.038987,0.12157,51.889
61.6,-0.099751,0.20138,-0.1,0.2,-0.039133,0.1205,52.019
61.7,-0.099829,0.20038,-0.1,0.2,-0.039251,0.12051,52.315
61.8,-0.099927,0.19982,-0.1,0.2,-0.039328,0.12073,52.315
61.9,-0.10123,0.19838,-0.1,0.2,-0.038708,0.12166,51.907
62,-0.098857,0.19992,-0.1,0.2,-0.039587,0.12179,52.315
62.1,-0.10064,0.19983,-0.1,0.2,-0.038932,0.12161,52.037
62.2,-0.099717,0.20101,-0.1,0.2,-0.0391,0.12094,52.019
62.3,-0.10004,0.19986,-0.1,0.2,-0.039116,0.12122,52.296
62.4,-0.098559,0.20124,-0.1,0.2,-0.03991,0.12056,52.019
62.5,-0.10121,0.19843,-0.1,0.2,-0.039149,0.12161,111.22
62.6,-0.0996,0.20014,-0.1,0.2,-0.039526,0.12141,52.037
62.7,-0.099985,0.20025,-0.1,0.2,-0.03942,0.12119,52.037
62.8,-0.10155,0.19898,-0.1,0.2,-0.03854,0.12168,51.889
62.9,-0.098979,0.20044,-0.1,0.2,-0.039378,0.12155,52.037
63,-0.10022,0.20022,-0.1,0.2,-0.039012,0.12128,52.037
63.1,-0.098984,0.20013,-0.1,0.2,-0.039746,0.1215,52.315
63.2,-0.099306,0.20064,-0.1,0.2,-0.039936,0.12106,52.019
63.3,-0.10148,0.19964,-0.1,0.2,-0.038933,0.12106,51.889
63.4,-0.098579,0.20062,-0.1,0.2,-0.040071,0.12102,52.019
63.5,-0.10171,0.19932,-0.1,0.2,-0.038779,0.12109,52.981
63.6,-0.099057,0.20023,-0.1,0.2,-0.03967,0.12121,112.7
63.7,-0.1006,0.1998,-0.1,0.2,-0.039112,0.12114,53.148
63.8,-0.10054,0.2004,-0.1,0.2,-0.038802,0.12073,52.037
63.9,-0.099258,0.19936,-0.1,0.2,-0.039518,0.12156,53.463
64,-0.098965,0.20031,-0.1,0.2,-0.039963,0.12132,53.222
64.1,-0.10116,0.19888,-0.1,0.2,-0.039178,0.12188,51.907
64.2,-0.099082,0.2012,-0.1,0.2,-0.039775,0.12107,52.019
64.3,-0.10003,0.19994,-0.1,0.2,-0.039672,0.12125,51.907
64.4,-0.099492,0.20077,-0.1,0.2,-0.039919,0.12076,52.019
64.5,-0.10059,0.19799,-0.1,0.2,-0.039774,0.12232,51.889
64.6,-0.10121,0.19995,-0.1,0.2,-0.038925,0.1217,54.648
64.7,-0.099536,0.20075,-0.1,0.2,-0.039348,0.12136,52.019
64.8,-0.10025,0.19999,-0.1,0.2,-0.039128,0.1214,51.907
64.9,-0.098984,0.20073,-0.1,0.2,-0.039758,0.1211,52.037
65,-0.099253,0.20023,-0.1,0.2,-0.04009,0.12113,52.315
65.1,-0.10141,0.19947,-0.1,0.2,-0.039112,0.12117,51.907
65.2,-0.10097,0.19971,-0.1,0.2,-0.038746,0.12124,51.889
65.3,-0.098432,0.19978,-0.1,0.2,-0.039971,0.12183,52.296
65.4,-0.10052,0.20028,-0.1,0.2,-0.039242,0.12123,52.019
65.5,-0.099946,0.19913,-0.1,0.2,-0.039542,0.12208,52.296
65.6,-0.10053,0.20008,-0.1,0.2,-0.039087,0.12169,52.019
65.7,-0.098481,0.20085,-0.1,0.2,-0.040094,0.12147,54.519
65.8,-0.10153,0.19946,-0.1,0.2,-0.038914,0.12152,51.889
65.9,-0.099897,0.20087,-0.1,0.2,-0.039135,0.12095,52.037
66,-0.098867,0.20021,-0.1,0.2,-0.039899,0.12122,52.315
66.1,-0.10207,0.19923,-0.1,0.2,-0.038419,0.12123,51.907
66.2,-0.097568,0.20094,-0.1,0.2,-0.040271,0.12117,52.019
66.3,-0.10165,0.19849,-0.1,0.2,-0.038956,0.12185,51.889
66.4,-0.097094,0.2017,-0.1,0.2,-0.040892,0.1211,52.019
66.5,-0.10392,0.19914,-0.1,0.2,-0.037949,0.12085,52.019
66.6,-0.099453,0.19953,-0.1,0.2,-0.039108,0.12168,52.296
66.7,-0.09979,0.20017,-0.1,0.2,-0.039026,0.12138,52.019
66.8,-0.098061,0.20102,-0.1,0.2,-0.04015,0.12105,54.648
66.9,-0.10043,0.19881,-0.1,0.2,-0.039743,0.12187,51.907
67,-0.10032,0.20201,-0.1,0.2,-0.039264,0.12002,52.037
67.1,-0.10062,0.19862,-0.1,0.2,-0.039273,0.12146,52.296
67.2,-0.098662,0.20032,-0.1,0.2,-0.040128,0.12128,52.019
67.3,-0.10056,0.20002,-0.1,0.2,-0.039506,0.12103,52.019
67.4,-0.099341,0.20007,-0.1,0.2,-0.040067,0.12122,52.296
67.5,-0.10197,0.19861,-0.1,0.2,-0.038813,0.12178,51.907
67.6,-0.099683,0.20035,-0.1,0.2,-0.039249,0.12153,52.019
67.7,-0.098867,0.20108,-0.1,0.2,-0.039792,0.12096,52.019
67.8,-0.10068,0.19938,-0.1,0.2,-0.039293,0.12139,51.889
67.9,-0.099219,0.2004,-0.1,0.2,-0.03986,0.12122,54.574
68,-0.10211,0.19926,-0.1,0.2,-0.038425,0.12129,51.907
68.1,-0.099272,0.19989,-0.1,0.2,-0.039284,0.12165,52.315
68.2,-0.098266,0.20094,-0.1,0.2,-0.040132,0.12119,52.019
68.3,-0.10147,0.19928,-0.1,0.2,-0.038995,0.1214,51.889
68.4,-0.097768,0.20122,-0.1,0.2,-0.040575,0.12101,52.037
68.5,-0.10187,0.19992,-0.1,0.2,-0.038986,0.12061,52.019
68.6,-0.099941,0.19956,-0.1,0.2,-0.039475,0.1212,52.296
68.7,-0.10118,0.19923,-0.1,0.2,-0.038721,0.12141,51.889
68.8,-0.098212,0.20061,-0.1,0.2,-0.039991,0.12133,52.037
68.9,-0.10061,0.20011,-0.1,0.2,-0.039247,0.12099,111.43
69,-0.099468,0.19934,-0.1,0.2,-0.039847,0.12176,52.296
69.1,-0.10095,0.1993,-0.1,0.2,-0.039148,0.12187,51.889
69.2,-0.099033,0.20114,-0.1,0.2,-0.039768,0.12117,52.019
69.3,-0.10094,0.19959,-0.1,0.2,-0.039091,0.1214,51.889
69.4,-0.098862,0.20144,-0.1,0.2,-0.039813,0.12057,52.037
69.5,-0.10171,0.1988,-0.1,0.2,-0.038724,0.12127,51.907
69.6,-0.099604,0.20001,-0.1,0.2,-0.039234,0.12131,52.296
69.7,-0.098217,0.19995,-0.1,0.2,-0.040336,0.12171,52.315
69.8,-0.10115,0.19998,-0.1,0.2,-0.039219,0.12122,52.019
69.9,-0.10076,0.20048,-0.1,0.2,-0.038889,0.12082,52.019
70,-0.099849,0.19871,-0.1,0.2,-0.039346,0.12207,111.63
70.1,-0.10032,0.20031,-0.1,0.2,-0.038934,0.12143,52.037
70.2,-0.098735,0.20124,-0.1,-0.2,-0.028934,0.11143,52.463
70.3,-0.0804,0.19492,-0.1,-0.2,-0.018934,0.10143,52.481
70.4,-0.049353,0.18781,-0.1,-0.2,-0.009631,0.091429,52.333
70.5,-0.01769,0.17667,-0.1,-0.2,-0.011695,0.081429,52.333
70.6,-0.009963,0.1574,-0.1,-0.2,-0.014406,0.071429,52.333
70.7,-0.018525,0.13509,-0.1,-0.2,-0.012792,0.061429,52.333
70.8,-0.024117,0.11569,-0.1,-0.2,-0.011429,0.051429,52.352
70.9,-0.029646,0.094799,-0.1,-0.2,-0.009979,0.041429,52.352
71,-0.033031,0.076689,-0.1,-0.2,-0.009454,0.031429,52.352
71.1,-0.038838,0.056664,-0.1,-0.2,-0.008164,0.021429,111.69
71.2,-0.042745,0.037939,-0.1,-0.2,-0.007615,0.011429,52.352
71.3,-0.04946,0.018657,-0.1,-0.2,-0.005673,0.001429,52.352
71.4,-0.051424,8.3e-05,-0.1,-0.2,-0.005912,-0.008571,52.333
71.5,-0.059389,-0.021416,-0.1,-0.2,-0.003884,-0.018571,52.333
71.6,-0.06314,-0.038779,-0.1,-0.2,-0.002878,-0.028571,52.352
71.7,-0.068288,-0.057748,-0.1,-0.2,-0.001456,-0.038571,52.352
71.8,-0.071331,-0.077201,-0.1,-0.2,-0.001342,-0.048571,52.352
71.9,-0.077636,-0.096044,-0.1,-0.2,0.000104,-0.058571,52.333
72,-0.082613,-0.11511,-0.1,-0.2,0.001373,-0.068571,52.352
72.1,-0.086559,-0.13388,-0.1,-0.2,0.002076,-0.078571,52.352
72.2,-0.090989,-0.15384,-0.1,-0.2,0.00254,-0.088571,111.69
72.3,-0.098623,-0.17281,-0.1,-0.2,0.004967,-0.098571,52.352
72.4,-0.098085,-0.19001,-0.1,-0.2,0.003567,-0.10017,52.019
72.5,-0.10431,-0.19967,-0.1,-0.2,0.006112,-0.099655,51.889
72.6,-0.097748,-0.19944,-0.1,-0.2,0.00378,-0.099012,52.296
72.7,-0.10082,-0.19991,-0.1,-0.2,0.004776,-0.099503,52.037
72.8,-0.10022,-0.2009,-0.1,-0.2,0.004606,-0.098705,52.315
72.9,-0.099619,-0.19914,-0.1,-0.2,0.004509,-0.09947,52.037
73,-0.10009,-0.1999,-0.1,-0.2,0.004593,-0.099425,51.907
73.1,-0.10235,-0.20093,-0.1,-0.2,0.00601,-0.09922,51.907
73.2,-0.09662,-0.19847,-0.1,-0.2,0.003583,-0.099541,54.574
73.3,-0.10264,-0.20146,-0.1,-0.2,0.005712,-0.099124,51.907
73.4,-0.096254,-0.19786,-0.1,-0.2,0.003065,-0.099884,52.019
73.5,-0.10365,-0.20271,-0.1,-0.2,0.005711,-0.098632,51.907
73.6,-0.096479,-0.1985,-0.1,-0.2,0.003027,-0.099092,52.037
73.7,-0.10294,-0.20098,-0.1,-0.2,0.005463,-0.099148,52.019
73.8,-0.099546,-0.2002,-0.1,-0.2,0.0046,-0.098699,52.296
73.9,-0.099912,-0.19907,-0.1,-0.2,0.004814,-0.099544,52.037
74,-0.10073,-0.20083,-0.1,-0.2,0.005128,-0.098863,51.907
74.1,-0.098554,-0.1995,-0.1,-0.2,0.004157,-0.099014,52.019
74.2,-0.10028,-0.19921,-0.1,-0.2,0.004702,-0.099775,52.037
74.3,-0.10039,-0.20093,-0.1,-0.2,0.004689,-0.098906,55.926
74.4,-0.097294,-0.19887,-0.1,-0.2,0.003033,-0.099319,52.037
74.5,-0.10371,-0.20027,-0.1,-0.2,0.005916,-0.10008,53.222
74.6,-0.099199,-0.19953,-0.1,-0.2,0.004708,-0.099824,53.407
74.7,-0.099111,-0.20073,-0.1,-0.2,0.004175,-0.099078,53.556
74.8,-0.10078,-0.20036,-0.1,-0.2,0.004877,-0.099252,53.185
74.9,-0.10009,-0.20042,-0.1,-0.2,0.004745,-0.098906,52.296
75,-0.099419,-0.19989,-0.1,-0.2,0.004399,-0.09894,52.037
75.1,-0.10154,-0.20015,-0.1,-0.2,0.005518,-0.099235,52.037
75.2,-0.099204,-0.20015,0.1,-0.2,0.015518,-0.10923,52.481
75.3,-0.076674,-0.20555,0.1,-0.2,0.025518,-0.11923,52.463
75.4,-0.045719,-0.21332,0.1,-0.2,0.035518,-0.12312,54.722
75.5,-0.007375,-0.21583,0.1,-0.2,0.045518,-0.12196,52.019
75.6,0.038462,-0.20739,0.1,-0.2,0.055518,-0.122,52.167
75.7,0.086867,-0.19702,0.1,-0.2,0.051441,-0.12262,52.037
75.8,0.09977,-0.19927,0.1,-0.2,0.049131,-0.12181,52.315
75.9,0.10161,-0.20093,0.1,-0.2,0.048026,-0.1208,52.315
76,0.099028,-0.20013,0.1,-0.2,0.049096,-0.12139,52.037
76.1,0.099766,-0.20069,0.1,-0.2,0.048968,-0.12078,52.315
76.2,0.10146,-0.1995,0.1,-0.2,0.048087,-0.12096,52.037
76.3,0.099101,-0.19905,0.1,-0.2,0.049071,-0.122,52.037
76.4,0.10073,-0.19997,0.1,-0.2,0.048308,-0.12151,52.315
76.5,0.099443,-0.20072,0.1,-0.2,0.048725,-0.12118,54.537
76.6,0.099937,-0.2003,0.1,-0.2,0.048668,-0.12104,52.296
76.7,0.10011,-0.20013,0.1,-0.2,0.048596,-0.12097,52.296
76.8,0.10028,-0.19993,0.1,-0.2,0.048457,-0.121,52.019
76.9,0.099267,-0.19973,0.1,-0.2,0.049033,-0.1214,52.037
77,0.099717,-0.2001,0.1,-0.2,0.049041,-0.12124,51.907
77.1,0.09998,-0.19893,0.1,-0.2,0.049167,-0.12209,52.037
77.2,0.10093,-0.20084,0.1,-0.2,0.048339,-0.12097,52.315
77.3,0.099634,-0.19965,0.1,-0.2,0.048883,-0.12165,52.037
77.4,0.10162,-0.19858,0.1,-0.2,0.047879,-0.12224,52.037
77.5,0.098042,-0.20192,0.1,-0.2,0.049118,-0.12108,51.907
77.6,0.10005,-0.20026,0.1,-0.2,0.0488,-0.12103,52.296
77.7,0.10101,-0.19967,0.1,-0.2,0.048233,-0.12113,52.019
77.8,0.1007,-0.20004,0.1,-0.2,0.04793,-0.12098,52.296
77.9,0.098457,-0.19977,0.1,-0.2,0.04912,-0.12162,52.037
78,0.10003,-0.20018,0.1,-0.2,0.04874,-0.12121,52.315
78.1,0.10004,-0.2003,0.1,-0.2,0.048714,-0.12103,52.315
78.2,0.10179,-0.19903,0.1,-0.2,0.047689,-0.12144,52.037
78.3,0.098867,-0.2009,0.1,-0.2,0.048586,-0.121,51.907
78.4,0.10027,-0.19883,0.1,-0.2,0.048397,-0.1219,52.037
78.5,0.098149,-0.20137,0.1,-0.2,0.049411,-0.12104,51.907
78.6,0.10074,-0.19933,0.1,-0.2,0.048766,-0.12147,111.43
78.7,0.1003,-0.20008,0.1,-0.2,0.048673,-0.1213,52.315
78.8,0.10088,-0.19929,0.1,-0.2,0.048242,-0.1217,52.037
78.9,0.09935,-0.20044,0.1,-0.2,0.04872,-0.12146,51.889
79,0.10091,-0.20075,0.1,-0.2,0.047896,-0.12065,52.315
79.1,0.098574,-0.19956,0.1,-0.2,0.049159,-0.12162,52.037
79.2,0.10073,-0.19942,0.1,-0.2,0.048426,-0.12162,52.315
79.3,0.099277,-0.2008,0.1,-0.2,0.048912,-0.12114,51.907
79.4,0.10183,-0.19831,0.1,-0.2,0.047839,-0.12212,52.037
79.5,0.098335,-0.20172,0.1,-0.2,0.048937,-0.12102,51.907
79.6,0.099394,-0.19989,0.1,-0.2,0.049151,-0.12141,52.037
79.7,0.10068,-0.20032,0.1,-0.2,0.048549,-0.12091,111.61
79.8,0.099448,-0.20076,0.1,-0.2,0.048988,-0.12061,51.889
79.9,0.10024,-0.19865,0.1,-0.2,0.048965,-0.1217,52.019
80,0.10114,-0.19951,0.1,-0.2,0.04821,-0.12155,52.296
80.1,0.099726,-0.20082,0.1,-0.2,0.048453,-0.12101,51.907
80.2,0.099131,-0.19933,0.1,-0.2,0.049123,-0.12188,52.019
80.3,0.099634,-0.20131,0.1,-0.2,0.048963,-0.12067,52.296
80.4,0.1021,-0.19807,0.1,-0.2,0.047881,-0.12196,52.037
80.5,0.098852,-0.20131,0.1,-0.2,0.04872,-0.12103,51.907
80.6,0.09918,-0.19982,0.1,-0.2,0.049149,-0.12149,52.037
80.7,0.10075,-0.19981,0.1,-0.2,0.048514,-0.12133,52.315
80.8,0.0998,-0.19944,0.1,-0.2,0.04887,-0.12188,111.35
80.9,0.10008,-0.2008,0.1,-0.2,0.048609,-0.12108,52.296
81,0.099839,-0.20082,0.1,-0.2,0.048686,-0.12066,51.907
81.1,0.10059,-0.19927,0.1,-0.2,0.048433,-0.12126,52.037
81.2,0.099233,-0.20065,0.1,-0.2,0.048912,-0.12083,51.907
81.3,0.099033,-0.1994,0.1,-0.2,0.049542,-0.12157,52.037
81.4,0.10121,-0.19945,0.1,-0.2,0.048582,-0.12147,52.315
81.5,0.099551,-0.19976,0.1,-0.2,0.049122,-0.12182,52.037
81.6,0.10101,-0.20053,0.1,-0.2,0.048247,-0.12104,52.296
81.7,0.10068,-0.19985,0.1,-0.2,0.048052,-0.12124,52.019
81.8,0.098559,-0.19968,0.1,-0.2,0.049165,-0.12187,52.037
81.9,0.10038,-0.2002,0.1,-0.2,0.048562,-0.12136,111.57
82,0.099502,-0.20001,0.1,-0.2,0.049003,-0.12158,52.019
82.1,0.099184,-0.20081,0.1,-0.2,0.049342,-0.12108,51.889
82.2,0.10094,-0.19901,0.1,-0.2,0.048771,-0.12171,52.037
82.3,0.10074,-0.20061,0.1,-0.2,0.048306,-0.12096,52.315
82.4,0.10125,-0.19888,0.1,-0.2,0.047808,-0.12177,52.037
82.5,0.098647,-0.20023,0.1,-0.2,0.048812,-0.1218,52.019
82.6,0.099463,-0.19996,0.1,-0.2,0.04891,-0.12183,52.037
82.7,0.099722,-0.20065,0.1,-0.2,0.048914,-0.12132,51.889
82.8,0.099766,-0.19968,0.1,-0.2,0.04913,-0.12175,52.037
82.9,0.10143,-0.19981,0.1,-0.2,0.048136,-0.12147,54.759
83,0.0998,-0.20012,0.1,-0.2,0.048519,-0.12156,52.019
83.1,0.09895,-0.20176,0.1,-0.2,0.048925,-0.1204,51.907
83.2,0.10086,-0.19903,0.1,-0.2,0.048432,-0.12123,52.037
83.3,0.099995,-0.19975,0.1,-0.2,0.048574,-0.12132,52.037
83.4,0.10023,-0.19894,0.1,-0.2,0.048534,-0.12204,52.037
83.5,0.099409,-0.20094,0.1,-0.2,0.048751,-0.12124,51.907
83.6,0.10006,-0.19975,0.1,-0.2,0.048704,-0.12156,52.037
83.7,0.10069,-0.19978,0.1,-0.2,0.04827,-0.12153,52.296
83.8,0.099048,-0.20005,0.1,-0.2,0.049017,-0.12175,52.019
83.9,0.1006,-0.20044,0.1,-0.2,0.048365,-0.12115,52.296
84,0.099092,-0.20056,0.1,-0.2,0.04906,-0.12111,54.463
84.1,0.10062,-0.19908,0.1,-0.2,0.048641,-0.12169,52.019
84.2,0.10099,-0.20009,0.1,-0.2,0.04802,-0.12126,52.296
84.3,0.099053,-0.19961,0.1,-0.2,0.048899,-0.12193,52.037
84.4,0.098965,-0.20073,0.1,-0.2,0.049258,-0.12139,51.907
84.5,0.10112,-0.19952,0.1,-0.2,0.048444,-0.12154,52.037
84.6,0.099399,-0.20066,0.1,-0.2,0.048952,-0.12121,51.907
84.7,0.10016,-0.19953,0.1,-0.2,0.048839,-0.12161,52.019
84.8,0.10007,-0.20059,0.1,-0.2,0.04871,-0.12104,52.296
84.9,0.10046,-0.19997,0.1,-0.2,0.048468,-0.1211,52.019
85,0.099067,-0.2002,0.1,-0.2,0.04915,-0.12121,52.037
85.1,0.10183,-0.19879,0.1,-0.2,0.047922,-0.12165,55.685
85.2,0.097929,-0.20025,0.1,0.2,0.037922,-0.11165,52.759
85.3,0.077788,-0.19485,0.1,0.2,0.027922,-0.10165,53.981
85.4,0.047809,-0.18601,0.1,0.2,0.018904,-0.091651,53.796
85.5,0.016371,-0.17571,0.1,0.2,0.021542,-0.081651,53.389
85.6,0.01178,-0.15512,0.1,0.2,0.023085,-0.071651,53.389
85.7,0.017841,-0.13497,0.1,0.2,0.022239,-0.061651,52.556
85.8,0.025792,-0.11446,0.1,0.2,0.019792,-0.051651,52.556
85.9,0.027775,-0.096161,0.1,0.2,0.019681,-0.041651,52.556
86,0.033582,-0.076503,0.1,0.2,0.018491,-0.031651,52.556
86.1,0.037822,-0.058041,0.1,0.2,0.017797,-0.021651,52.556
86.2,0.042745,-0.038574,0.1,0.2,0.017001,-0.011651,55.111
86.3,0.049372,-0.018779,0.1,0.2,0.015118,-0.001651,52.556
86.4,0.053709,0.000122,0.1,0.2,0.013841,0.008349,52.556
86.5,0.057353,0.01977,0.1,0.2,0.013337,0.018349,52.556
86.6,0.061739,0.03853,0.1,0.2,0.012879,0.028349,52.556
86.7,0.067243,0.057582,0.1,0.2,0.011912,0.038349,52.556
86.8,0.073236,0.077538,0.1,0.2,0.010414,0.048349,52.556
86.9,0.077016,0.09619,0.1,0.2,0.009746,0.058349,52.556
87,0.081744,0.11417,0.1,0.2,0.008806,0.068349,52.556
87.1,0.08862,0.13364,0.1,0.2,0.006552,0.078349,52.556
87.2,0.089915,0.15226,0.1,0.2,0.006952,0.088349,111.48
87.3,0.096479,0.17135,0.1,0.2,0.00557,0.098349,52.556
87.4,0.10167,0.19145,0.1,0.2,0.004422,0.099553,52.315
87.5,0.10047,0.19756,0.1,0.2,0.004738,0.099643,51.907
87.6,0.10023,0.19977,0.1,0.2,0.004828,0.099384,52.019
87.7,0.10024,0.19981,0.1,0.2,0.004707,0.099543,52.315
87.8,0.099546,0.19969,0.1,0.2,0.005031,0.099619,51.907
87.9,0.10004,0.20006,0.1,0.2,0.00495,0.099571,52.037
88,0.09977,0.20069,0.1,0.2,0.00521,0.098978,52.037
88.1,0.10016,0.20043,0.1,0.2,0.005064,0.098857,52.037
88.2,0.099575,0.19907,0.1,0.2,0.005216,0.099556,51.907
88.3,0.10114,0.20048,0.1,0.2,0.00451,0.099292,111.33
88.4,0.099365,0.19998,0.1,0.2,0.005121,0.099117,52.037
88.5,0.10131,0.20008,0.1,0.2,0.004117,0.099451,52.296
88.6,0.097856,0.19946,0.1,0.2,0.005729,0.099218,52.037
88.7,0.10223,0.20011,0.1,0.2,0.003864,0.099822,52.296
88.8,0.098457,0.20003,0.1,0.2,0.005353,0.099156,52.037
88.9,0.10105,0.20077,0.1,0.2,0.004428,0.099026,52.019
89,0.098945,0.19995,0.1,0.2,0.005283,0.098838,52.037
89.1,0.10104,0.20034,0.1,0.2,0.00442,0.098946,52.315
89.2,0.099448,0.19971,0.1,0.2,0.004934,0.098974,51.907
89.3,0.10027,0.19997,0.1,0.2,0.004653,0.099077,52.315
89.4,0.10189,0.20102,0.1,0.2,0.003585,0.098677,111.33
89.5,0.097343,0.19874,0.1,0.2,0.005465,0.099033,51.889
89.6,0.10086,0.20089,0.1,0.2,0.004574,0.098608,52.037
89.7,0.098437,0.19873,0.1,0.2,0.005571,0.099307,51.889
89.8,0.10257,0.20018,0.1,0.2,0.003672,0.099691,52.296
89.9,0.0998,0.20067,0.1,0.2,0.004408,0.098819,52.037
90,0.098676,0.19952,0.1,0.2,0.005097,0.099091,51.889
90.1,0.10003,0.20037,0.1,0.2,0.004908,0.09886,52.019
90.2,0.099546,0.1993,0.1,0.2,0.00511,0.099367,51.907
90.3,0.09959,0.2,-0.1,0.2,-0.00489,0.10937,52.741
90.4,0.082066,0.2072,-0.1,0.2,-0.01489,0.11937,52.741
90.5,0.054945,0.21576,-0.1,0.2,-0.02489,0.12314,111.83
90.6,0.015228,0.21616,-0.1,0.2,-0.03489,0.1229,52.204
90.7,-0.031287,0.20989,-0.1,0.2,-0.04489,0.12177,52.222
90.8,-0.079263,0.19737,-0.1,0.2,-0.04378,0.1236,51.889
90.9,-0.10147,0.19914,-0.1,0.2,-0.03872,0.12168,52.037
91,-0.099668,0.20077,-0.1,0.2,-0.039309,0.12155,52.037
91.1,-0.099057,0.2011,-0.1,0.2,-0.039817,0.12107,52.019
91.2,-0.10214,0.19901,-0.1,0.2,-0.038447,0.12147,51.907
91.3,-0.09957,0.20094,-0.1,0.2,-0.038955,0.12089,52.037
91.4,-0.099946,0.20018,-0.1,0.2,-0.038932,0.1209,51.907
91.5,-0.098452,0.2007,-0.1,0.2,-0.039878,0.12074,54.5
91.6,-0.10151,0.1988,-0.1,0.2,-0.038797,0.12129,51.907
91.7,-0.099297,0.20013,-0.1,0.2,-0.039468,0.12129,52.296
91.8,-0.10098,0.2006,-0.1,0.2,-0.038582,0.12052,52.037
91.9,-0.099702,0.19913,-0.1,0.2,-0.039148,0.12154,52.315
92,-0.098564,0.20101,-0.1,0.2,-0.039827,0.12084,52.037
92.1,-0.10064,0.19882,-0.1,0.2,-0.039368,0.12167,51.907
92.2,-0.10102,0.19976,-0.1,0.2,-0.03877,0.12145,52.019
92.3,-0.097788,0.20165,-0.1,0.2,-0.040192,0.12075,52.019
92.4,-0.10082,0.19883,-0.1,0.2,-0.0395,0.12155,51.889
92.5,-0.098886,0.20057,-0.1,0.2,-0.040261,0.12123,52.019
92.6,-0.10155,0.19882,-0.1,0.2,-0.039212,0.12177,54.444
92.7,-0.099673,0.20063,-0.1,0.2,-0.039561,0.1213,52.037
92.8,-0.10037,0.20014,-0.1,0.2,-0.039259,0.12119,52.037
92.9,-0.099751,0.20009,-0.1,0.2,-0.039496,0.12125,52.315
93,-0.10018,0.20046,-0.1,0.2,-0.039267,0.12082,52.037
93.1,-0.099971,0.19909,-0.1,0.2,-0.03949,0.12168,52.296
93.2,-0.099536,0.19954,-0.1,0.2,-0.039782,0.12194,52.315
93.3,-0.099893,0.20091,-0.1,0.2,-0.039597,0.12109,52.019
93.4,-0.10035,0.19977,-0.1,0.2,-0.039456,0.12139,51.889
93.5,-0.099595,0.20097,-0.1,0.2,-0.039645,0.12071,52.019
93.6,-0.10125,0.19897,-0.1,0.2,-0.038946,0.12138,51.889
93.7,-0.0996,0.20061,-0.1,0.2,-0.039292,0.12092,54.556
93.8,-0.098891,0.20054,-0.1,0.2,-0.039914,0.12083,52.019
93.9,-0.10045,0.1988,-0.1,0.2,-0.039615,0.12165,51.907
94,-0.10014,0.2002,-0.1,0.2,-0.039497,0.12126,52.037
94.1,-0.09981,0.19985,-0.1,0.2,-0.039686,0.12149,52.315
94.2,-0.10053,0.20009,-0.1,0.2,-0.039263,0.12123,52.037
94.3,-0.098305,0.20074,-0.1,0.2,-0.040408,0.12114,52.019
94.4,-0.10358,0.19873,-0.1,0.2,-0.037916,0.12124,51.889
94.5,-0.096923,0.20105,-0.1,0.2,-0.040441,0.12133,52.296
94.6,-0.10199,0.19878,-0.1,0.2,-0.03872,0.12162,51.889
94.7,-0.098955,0.20043,-0.1,0.2,-0.039679,0.12154,52.019
94.8,-0.099829,0.20085,-0.1,0.2,-0.039484,0.12086,54.611
94.9,-0.10103,0.19869,-0.1,0.2,-0.039027,0.12183,51.907
95,-0.10083,0.19996,-0.1,0.2,-0.038567,0.1215,52.037
95.1,-0.098857,0.20086,-0.1,0.2,-0.039353,0.12118,52.037
95.2,-0.10061,0.19994,-0.1,0.2,-0.038782,0.12112,52.037
95.3,-0.098183,0.20069,-0.1,0.2,-0.040033,0.12108,52.019
95.4,-0.10147,0.19923,-0.1,0.2,-0.038854,0.12125,51.889
95.5,-0.099028,0.20044,-0.1,0.2,-0.039694,0.12117,52.037
95.6,-0.10002,0.19943,-0.1,0.2,-0.039593,0.12158,51.907
95.7,-0.10127,0.19971,-0.1,0.2,-0.03875,0.12139,52.037
95.8,-0.098965,0.20103,-0.1,0.2,-0.039521,0.12092,112.33
95.9,-0.09998,0.20085,-0.1,0.2,-0.039282,0.12034,53.185
96,-0.10141,0.19801,-0.1,0.2,-0.038698,0.12176,51.889
96.1,-0.0979,0.2008,-0.1,0.2,-0.040104,0.12136,53.222
96.2,-0.10204,0.19873,-0.1,0.2,-0.03855,0.12179,53.074
96.3,-0.098725,0.20013,-0.1,0.2,-0.039701,0.12198,53.481
96.4,-0.099541,0.20101,-0.1,0.2,-0.039605,0.12115,53.259
96.5,-0.09875,0.20085,-0.1,0.2,-0.040334,0.12096,52.019
96.6,-0.10306,0.19844,-0.1,0.2,-0.038347,0.12149,51.907
96.7,-0.098711,0.20089,-0.1,0.2,-0.03957,0.12114,52.019
96.8,-0.10011,0.19984,-0.1,0.2,-0.039298,0.12125,51.907
96.9,-0.099306,0.20015,-0.1,0.2,-0.039761,0.12129,111.69
97,-0.099341,0.20001,-0.1,0.2,-0.040082,0.12138,52.296
97.1,-0.10149,0.19968,-0.1,0.2,-0.039017,0.12121,52.037
97.2,-0.10042,0.19985,-0.1,0.2,-0.039029,0.12135,52.296
97.3,-0.099834,0.20033,-0.1,0.2,-0.039141,0.12113,52.037
97.4,-0.099414,0.19948,-0.1,0.2,-0.039589,0.12173,52.296
97.5,-0.099258,0.20091,-0.1,0.2,-0.039803,0.121,52.019
97.6,-0.10068,0.19965,-0.1,0.2,-0.039339,0.12123,51.889
97.7,-0.10085,0.19941,-0.1,0.2,-0.038972,0.12151,51.889
97.8,-0.10002,0.20036,-0.1,0.2,-0.039017,0.12119,52.019
97.9,-0.098882,0.20068,-0.1,0.2,-0.039688,0.12099,52.019
98,-0.099946,0.19939,-0.1,0.2,-0.039648,0.1215,111.31
98.1,-0.10144,0.19955,-0.1,0.2,-0.038705,0.12138,52.037
98.2,-0.098769,0.20103,-0.1,0.2,-0.039629,0.12094,52.037
98.3,-0.10027,0.19959,-0.1,0.2,-0.039334,0.12126,51.907
98.4,-0.10125,0.19888,-0.1,0.2,-0.038687,0.1218,51.889
98.5,-0.097167,0.20164,-0.1,0.2,-0.040503,0.12109,52.019
98.6,-0.10216,0.19946,-0.1,0.2,-0.0387,0.121,52.019
98.7,-0.098115,0.20067,-0.1,0.2,-0.040284,0.12109,52.296
98.8,-0.10093,0.19901,-0.1,0.2,-0.039467,0.12155,51.889
98.9,-0.10076,0.20082,-0.1,0.2,-0.038968,0.12064,52.019
99,-0.10056,0.19936,-0.1,0.2,-0.038887,0.12128,51.889
99.1,-0.10021,0.19978,-0.1,0.2,-0.038819,0.12131,111.2
99.2,-0.098061,0.20021,-0.1,0.2,-0.040096,0.12158,52.296
99.3,-0.10016,0.20007,-0.1,0.2,-0.039618,0.12129,52.019
99.4,-0.10132,0.20006,-0.1,0.2,-0.038792,0.12099,52.037
99.5,-0.096567,0.20196,-0.1,0.2,-0.041086,0.12044,52.019
99.6,-0.10293,0.19794,-0.1,0.2,-0.038897,0.12135,51.907
99.7,-0.10128,0.19945,-0.1,0.2,-0.038558,0.12143,51.907
99.8,-0.098217,0.2016,-0.1,0.2,-0.039693,0.1206,52.019
99.9,-0.09977,0.19928,-0.1,0.2,-0.039706,0.12134,52.296
