0,-0.96807,-0.96869,-0.1,0.2,0.01,0.01,-50
0.1,-0.009924,-0.1689,-0.1,0.2,0,0.02,-50
0.2,0.19553,-0.007238,-0.1,0.2,-0.01,0.03,-50
0.3,0.16163,0.028899,-0.1,0.2,-0.02,0.04,-50
0.4,0.083707,0.042955,-0.1,0.2,-0.03,0.05,-50
0.5,0.00861,0.05559,-0.1,0.2,-0.04,0.06,-50
0.6,-0.054032,0.066681,-0.1,0.2,-0.046317,0.07,-50
0.7,-0.10747,0.077348,-0.1,0.2,-0.038291,0.08,-50
0.8,-0.14674,0.090789,-0.1,0.2,-0.036089,0.09,-50
0.9,-0.13897,0.11671,-0.1,0.2,-0.037265,0.1,-50
1,-0.12576,0.13907,-0.1,0.2,-0.037812,0.11,-50
1.1,-0.1146,0.16173,-0.1,0.2,-0.038496,0.1165,-50
1.2,-0.10728,0.18013,-0.1,0.2,-0.03823,0.11704,-50
1.3,-0.10254,0.19457,-0.1,0.2,-0.03827,0.11657,-50
1.4,-0.099761,0.19982,-0.1,0.2,-0.038443,0.11636,-50
1.5,-0.098554,0.20122,-0.1,0.2,-0.038606,0.11606,-50
1.6,-0.10089,0.20067,-0.1,0.2,-0.037889,0.11596,-50
1.7,-0.10061,0.19975,-0.1,0.2,-0.038399,0.11613,-50
1.8,-0.10028,0.19971,-0.1,0.2,-0.038089,0.11625,-50
1.9,-0.10147,0.19959,-0.1,0.2,-0.037912,0.11615,-50
2,-0.099101,0.20057,-0.1,0.2,-0.038499,0.116,-50
2.1,-0.099013,0.20096,-0.1,0.2,-0.038153,0.11582,-50
2.2,-0.10017,0.19976,-0.1,0.2,-0.038225,0.11606,-50
2.3,-0.099585,0.20005,-0.1,0.2,-0.038345,0.11593,-50
2.4,-0.09939,0.19992,-0.1,0.2,-0.0384,0.11611,-50
2.5,-0.09998,0.19929,-0.1,0.2,-0.038356,0.11633,-50
2.6,-0.10143,0.19907,-0.1,0.2,-0.037968,0.11641,-50
2.7,-0.10076,0.20032,-0.1,0.2,-0.038195,0.11601,-50
2.8,-0.10033,0.20019,-0.1,0.2,-0.037999,0.11625,-50
2.9,-0.099707,0.20066,-0.1,0.2,-0.038275,0.11581,-50
3,-0.099101,0.20003,-0.1,0.2,-0.038273,0.11627,-50
3.1,-0.098042,0.20122,-0.1,0.2,-0.038731,0.11552,-50
3.2,-0.097958,0.19959,-0.1,0.2,-0.03874,0.11651,-50
3.3,-0.099917,0.19917,-0.1,0.2,-0.038604,0.11618,-50
3.4,-0.099756,0.20006,-0.1,0.2,-0.038707,0.11622,-50
3.5,-0.10109,0.20098,-0.1,0.2,-0.03817,0.11561,-50
3.6,-0.10142,0.20028,-0.1,0.2,-0.038231,0.11582,-50
3.7,-0.1009,0.2,-0.1,0.2,-0.038163,0.11576,-50
3.8,-0.099565,0.19944,-0.1,0.2,-0.038546,0.11616,-50
3.9,-0.098769,0.19961,-0.1,0.2,-0.038691,0.11625,50
4,-0.1001,0.19958,-0.1,0.2,-0.038251,0.11619,50
4.1,-0.099101,0.20094,-0.1,0.2,-0.038888,0.11565,50
4.2,-0.098496,0.20095,-0.1,0.2,-0.038638,0.11591,50
4.3,-0.10125,0.19917,-0.1,0.2,-0.038257,0.11604,50
4.4,-0.10121,0.19807,-0.1,0.2,-0.038642,0.11706,50
4.5,-0.099341,0.20049,-0.1,0.2,-0.038649,0.11565,50
4.6,-0.099858,0.20265,-0.1,0.2,-0.038102,0.11501,50
4.7,-0.1002,0.19999,-0.1,0.2,-0.038645,0.11611,50
4.8,-0.099648,0.19898,-0.1,0.2,-0.038545,0.11601,50
4.9,-0.099819,0.20025,-0.1,0.2,-0.038535,0.11566,50
5,-0.10049,0.19955,-0.1,0.2,-0.038352,0.11622,50
5.1,-0.099111,0.20044,-0.1,0.2,-0.038927,0.11553,50
5.2,-0.099692,0.20015,-0.1,0.2,-0.038319,0.11614,50
5.3,-0.10196,0.19875,-0.1,0.2,-0.038232,0.11606,50
5.4,-0.099429,0.20021,-0.1,0.2,-0.038854,0.11607,50
5.5,-0.099194,0.20125,-0.1,0.2,-0.038303,0.11531,50
5.6,-0.10065,0.19946,-0.1,0.2,-0.03852,0.1164,50
5.7,-0.1,0.19943,-0.1,0.2,-0.038519,0.11581,50
5.8,-0.099634,0.19959,-0.1,0.2,-0.03871,0.1166,50
5.9,-0.099927,0.19962,-0.1,0.2,-0.03861,0.11621,-50
6,-0.10018,0.2003,-0.1,0.2,-0.038496,0.11618,-50
6.1,-0.098926,0.20088,-0.1,0.2,-0.038918,0.1159,-50
6.2,-0.09958,0.20102,-0.1,0.2,-0.038488,0.11573,-50
6.3,-0.10123,0.2002,-0.1,0.2,-0.038326,0.11566,-50
6.4,-0.10132,0.19851,-0.1,0.2,-0.038339,0.11642,-50
6.5,-0.098969,0.20012,-0.1,0.2,-0.03894,0.11588,-50
6.6,-0.099419,0.2008,-0.1,0.2,-0.038375,0.11588,-50
6.7,-0.10088,0.19881,-0.1,0.2,-0.0385,0.11637,-50
6.8,-0.10083,0.19983,-0.1,0.2,-0.038308,0.116,-50
6.9,-0.10005,0.20008,-0.1,0.2,-0.038598,0.11627,50
7,-0.099438,0.20028,-0.1,0.2,-0.038545,0.11597,50
7.1,-0.098276,0.2017,-0.1,0.2,-0.038897,0.11532,50
7.2,-0.09917,0.19991,-0.1,0.2,-0.038654,0.11635,50
7.3,-0.1012,0.19877,-0.1,0.2,-0.038441,0.11594,50
7.4,-0.10046,0.19984,-0.1,0.2,-0.03865,0.1162,50
7.5,-0.10066,0.19972,-0.1,0.2,-0.038333,0.11607,50
7.6,-0.10043,0.20037,-0.1,0.2,-0.038506,0.11582,50
7.7,-0.099424,0.20003,-0.1,0.2,-0.038667,0.11628,50
7.8,-0.10002,0.19936,-0.1,0.2,-0.038502,0.11627,50
7.9,-0.10082,0.19988,-0.1,0.2,-0.038276,0.11604,50
8,-0.10067,0.19972,-0.1,0.2,-0.038408,0.11638,50
8.1,-0.098066,0.20162,-0.1,0.2,-0.038997,0.11532,50
8.2,-0.099077,0.2,-0.1,0.2,-0.038479,0.11662,50
8.3,-0.10179,0.19878,-0.1,0.2,-0.038237,0.11582,50
8.4,-0.10114,0.19961,-0.1,0.2,-0.038319,0.11654,50
8.5,-0.0998,0.2004,-0.1,0.2,-0.038554,0.11571,50
8.6,-0.099165,0.20248,-0.1,0.2,-0.038215,0.11486,50
8.7,-0.10095,0.19959,-0.1,0.2,-0.038119,0.11615,50
8.8,-0.10046,0.1977,-0.1,0.2,-0.038636,0.11663,50
8.9,-0.099145,0.1998,-0.1,0.2,-0.038508,0.11608,50
9,-0.09914,0.20126,-0.1,0.2,-0.038548,0.11564,50
9.1,-0.098344,0.20172,-0.1,0.2,-0.038789,0.1153,50
9.2,-0.10042,0.19995,-0.1,0.2,-0.038164,0.11578,50
9.3,-0.10035,0.19819,-0.1,0.2,-0.039055,0.11665,50
9.4,-0.099272,0.20014,-0.1,0.2,-0.038473,0.11558,50
9.5,-0.10083,0.20003,-0.1,0.2,-0.03848,0.11624,50
9.6,-0.10161,0.19942,-0.1,0.2,-0.03808,0.11585,50
9.7,-0.099932,0.20096,-0.1,0.2,-0.038632,0.11557,50
9.8,-0.096879,0.20103,-0.1,0.2,-0.039333,0.11598,50
9.9,-0.096415,0.20068,-0.1,0.2,-0.039449,0.11571,50
10,-0.099223,0.2,-0.1,-0.2,-0.040747,0.015705,50
10.1,-0.098759,0.201,-0.1,-0.2,0.005892,-0.084295,50
10.2,-0.16545,0.055551,-0.1,-0.2,0.019947,-0.1323,50
10.3,-0.13511,-0.09641,-0.1,-0.2,0.006118,-0.10478,50
10.4,-0.10317,-0.20237,-0.1,-0.2,0.002764,-0.10015,50
10.5,-0.098066,-0.20574,-0.1,-0.2,0.005676,-0.10285,50
10.6,-0.1011,-0.20197,-0.1,-0.2,0.007271,-0.10353,50
10.7,-0.096449,-0.20172,-0.1,-0.2,0.003734,-0.10113,50
10.8,-0.08967,-0.2015,-0.1,-0.2,0.002278,-0.09995,50
10.9,-0.094579,-0.20088,-0.1,-0.2,0.003568,-0.10089,50
11,-0.10073,-0.20078,-0.1,-0.2,0.00407,-0.10069,50
11.1,-0.10075,-0.19966,-0.1,-0.2,0.003704,-0.10123,50
11.2,-0.10004,-0.19943,-0.1,-0.2,0.003696,-0.1008,50
11.3,-0.099683,-0.20032,-0.1,-0.2,0.003447,-0.10076,50
11.4,-0.099424,-0.19907,-0.1,-0.2,0.003799,-0.10153,50
11.5,-0.10093,-0.20037,-0.1,-0.2,0.003894,-0.10064,50
11.6,-0.10082,-0.20117,-0.1,-0.2,0.003712,-0.1007,50
11.7,-0.10061,-0.19954,-0.1,-0.2,0.004124,-0.10128,50
11.8,-0.09914,-0.20014,-0.1,-0.2,0.003202,-0.10032,50
11.9,-0.099853,-0.20035,-0.1,-0.2,0.004149,-0.10101,50
12,-0.10096,-0.19922,-0.1,-0.2,0.003881,-0.10132,50
12.1,-0.098716,-0.19911,-0.1,-0.2,0.003479,-0.1011,50
12.2,-0.099551,-0.20023,-0.1,-0.2,0.003814,-0.10096,50
12.3,-0.1016,-0.20054,-0.1,-0.2,0.0042,-0.10115,50
12.4,-0.10109,-0.2007,-0.1,-0.2,0.003909,-0.10065,50
12.5,-0.099126,-0.20012,-0.1,-0.2,0.003542,-0.10081,50
12.6,-0.099834,-0.20028,-0.1,-0.2,0.003989,-0.10056,50
12.7,-0.1006,-0.19914,-0.1,-0.2,0.004062,-0.10169,50
12.8,-0.1002,-0.19906,-0.1,-0.2,0.004084,-0.10112,50
12.9,-0.099946,-0.20067,-0.1,-0.2,0.003748,-0.10086,50
13,-0.099805,-0.20024,-0.1,-0.2,0.004002,-0.10103,50
13.1,-0.098676,-0.20002,-0.1,-0.2,0.00329,-0.1007,50
13.2,-0.099067,-0.20009,-0.1,-0.2,0.003836,-0.10087,50
13.3,-0.10065,-0.2002,-0.1,-0.2,0.003769,-0.10087,50
13.4,-0.099863,-0.20064,-0.1,-0.2,0.00352,-0.1003,50
13.5,-0.10033,-0.20034,-0.1,-0.2,0.003875,-0.10078,50
13.6,-0.10061,-0.1991,-0.1,-0.2,0.003916,-0.1012,50
13.7,-0.10096,-0.19914,-0.1,-0.2,0.004273,-0.10138,50
13.8,-0.099526,-0.20003,-0.1,-0.2,0.003437,-0.10077,50
13.9,-0.099629,-0.2009,-0.1,-0.2,0.004011,-0.10062,50
14,-0.10069,-0.20012,-0.1,-0.2,0.003911,-0.10113,50
14.1,-0.099648,-0.19936,-0.1,-0.2,0.003856,-0.101,50
14.2,-0.099311,-0.20061,-0.1,-0.2,0.003508,-0.10039,50
14.3,-0.099956,-0.20069,-0.1,-0.2,0.003865,-0.10062,50
14.4,-0.10127,-0.20008,-0.1,-0.2,0.004158,-0.10083,50
14.5,-0.10089,-0.19969,-0.1,-0.2,0.004033,-0.10092,50
14.6,-0.098457,-0.19912,-0.1,-0.2,0.003402,-0.10096,50
14.7,-0.099521,-0.1999,-0.1,-0.2,0.004099,-0.10087,50
14.8,-0.1021,-0.20106,-0.1,-0.2,0.004288,-0.10071,50
14.9,-0.10103,-0.20077,-0.1,-0.2,0.004028,-0.10048,50
15,-0.099277,-0.19964,0.1,-0.2,0.089557,-0.14383,50
15.1,-0.098349,-0.19936,0.1,-0.2,0.050756,-0.12556,50
15.2,0.092943,-0.19436,0.1,-0.2,0.046962,-0.12003,50
15.3,0.10338,-0.20543,0.1,-0.2,0.047246,-0.12053,50
15.4,0.10085,-0.20169,0.1,-0.2,0.052799,-0.12354,50
15.5,0.10039,-0.20061,0.1,-0.2,0.050421,-0.12234,50
15.6,0.11186,-0.20084,0.1,-0.2,0.044826,-0.11861,50
15.7,0.11267,-0.20061,0.1,-0.2,0.047037,-0.12032,50
15.8,0.1014,-0.19963,0.1,-0.2,0.047686,-0.12087,50
15.9,0.10015,-0.1991,0.1,-0.2,0.047572,-0.12106,50
16,0.10069,-0.19876,0.1,-0.2,0.047065,-0.12114,50
16.1,0.10144,-0.19994,0.1,-0.2,0.046807,-0.1205,50
16.2,0.098686,-0.20105,0.1,-0.2,0.047903,-0.12086,50
16.3,0.098374,-0.2004,0.1,-0.2,0.047315,-0.12071,50
16.4,0.10011,-0.19888,0.1,-0.2,0.047635,-0.12147,50
16.5,0.099355,-0.20008,0.1,-0.2,0.047531,-0.12063,50
16.6,0.10039,-0.20069,0.1,-0.2,0.047228,-0.12075,50
16.7,0.10055,-0.19974,0.1,-0.2,0.047501,-0.12094,50
16.8,0.10102,-0.19963,0.1,-0.2,0.046957,-0.12084,50
16.9,0.10055,-0.20009,0.1,-0.2,0.047428,-0.12077,50
17,0.09936,-0.20015,0.1,-0.2,0.047332,-0.12095,50
17.1,0.10066,-0.19948,0.1,-0.2,0.047096,-0.12097,50
17.2,0.10007,-0.20021,0.1,-0.2,0.047349,-0.12074,50
17.3,0.099316,-0.20084,0.1,-0.2,0.047276,-0.12053,50
17.4,0.099053,-0.19967,0.1,-0.2,0.047732,-0.12127,50
17.5,0.09957,-0.19946,0.1,-0.2,0.04735,-0.12091,50
17.6,0.099853,-0.20032,0.1,-0.2,0.047573,-0.12083,50
17.7,0.10089,-0.20096,0.1,-0.2,0.046821,-0.12008,50
17.8,0.10111,-0.20001,0.1,-0.2,0.047319,-0.12083,50
17.9,0.099023,-0.19936,0.1,-0.2,0.047659,-0.12102,50
18,0.09998,-0.19965,0.1,-0.2,0.047127,-0.12082,50
18.1,0.10239,-0.19926,0.1,-0.2,0.046664,-0.12091,50
18.2,0.099404,-0.19969,0.1,-0.2,0.04788,-0.12131,50
18.3,0.098916,-0.20163,0.1,-0.2,0.046813,-0.1199,50
18.4,0.10006,-0.19998,0.1,-0.2,0.047613,-0.12134,50
18.5,0.09914,-0.19925,0.1,-0.2,0.04737,-0.12081,50
18.6,0.099805,-0.20048,0.1,-0.2,0.047374,-0.12069,50
18.7,0.098916,-0.2003,0.1,-0.2,0.047791,-0.12091,50
18.8,0.10018,-0.19954,0.1,-0.2,0.04717,-0.12095,50
18.9,0.10072,-0.20002,0.1,-0.2,0.047487,-0.12066,50
19,0.10049,-0.20023,0.1,-0.2,0.047077,-0.12076,50
19.1,0.10121,-0.19915,0.1,-0.2,0.047245,-0.12114,50
19.2,0.099263,-0.20051,0.1,-0.2,0.047521,-0.12054,50
19.3,0.099819,-0.20061,0.1,-0.2,0.047058,-0.12068,50
19.4,0.099526,-0.1996,0.1,-0.2,0.047777,-0.12105,50
19.5,0.098032,-0.20053,0.1,-0.2,0.047715,-0.12063,50
19.6,0.10051,-0.19986,0.1,-0.2,0.047189,-0.12087,50
19.7,0.10146,-0.19983,0.1,-0.2,0.047204,-0.12048,50
19.8,0.10131,-0.19988,0.1,-0.2,0.046962,-0.1208,50
19.9,0.099741,-0.19986,0.1,-0.2,0.047657,-0.12082,50
20,0.09935,-0.19978,0.1,-0.2,0.047201,-0.12104,50
20.1,0.101,-0.1986,0.1,-0.2,0.047255,-0.12148,50
20.2,0.099932,-0.20073,0.1,-0.2,0.047235,-0.12037,50
20.3,0.098979,-0.2019,0.1,-0.2,0.047387,-0.12035,50
20.4,0.099077,-0.19938,0.1,-0.2,0.047676,-0.12135,50
20.5,0.099453,-0.19819,0.1,-0.2,0.047707,-0.12165,50
20.6,0.10049,-0.20012,0.1,-0.2,0.047207,-0.1207,50
20.7,0.10004,-0.20099,0.1,-0.2,0.047591,-0.12089,50
20.8,0.099678,-0.19995,0.1,-0.2,0.04749,-0.1211,50
20.9,0.099165,-0.20086,0.1,-0.2,0.047744,-0.1204,50
21,0.099551,-0.20074,0.1,-0.2,0.047397,-0.12067,50
21.1,0.10176,-0.19946,0.1,-0.2,0.04703,-0.12054,50
21.2,0.10081,-0.19975,0.1,-0.2,0.047443,-0.12078,50
21.3,0.099082,-0.20003,0.1,-0.2,0.047614,-0.1208,50
21.4,0.099683,-0.19913,0.1,-0.2,0.047521,-0.12137,50
21.5,0.1001,-0.19926,0.1,-0.2,0.047533,-0.12111,50
21.6,0.10015,-0.20067,0.1,-0.2,0.047306,-0.12066,50
21.7,0.099101,-0.20055,0.1,-0.2,0.047915,-0.12104,50
21.8,0.099145,-0.20017,0.1,-0.2,0.047534,-0.1208,50
21.9,0.099951,-0.19985,0.1,-0.2,0.047749,-0.12104,50
22,0.10018,-0.19982,0.1,-0.2,0.047484,-0.12089,50
22.1,0.10178,-0.19986,0.1,-0.2,0.047039,-0.12072,50
22.2,0.10049,-0.20088,0.1,-0.2,0.047497,-0.12031,50
22.3,0.099043,-0.19972,0.1,-0.2,0.047664,-0.12138,50
22.4,0.099404,-0.19904,0.1,-0.2,0.047723,-0.12106,50
22.5,0.099741,-0.20119,0.1,-0.2,0.047316,-0.1202,50
22.6,0.10117,-0.20064,0.1,-0.2,0.047099,-0.12048,50
22.7,0.10089,-0.19882,0.1,-0.2,0.047486,-0.12123,50
22.8,0.099204,-0.20029,0.1,-0.2,0.047555,-0.12037,50
22.9,0.09917,-0.1996,0.1,-0.2,0.047698,-0.12155,50
23,0.099883,-0.19927,0.1,-0.2,0.047534,-0.12084,50
23.1,0.1016,-0.19992,0.1,-0.2,0.046916,-0.12102,50
23.2,0.1005,-0.19969,0.1,-0.2,0.047732,-0.12117,50
23.3,0.098564,-0.20097,0.1,-0.2,0.047508,-0.12066,50
23.4,0.10099,-0.2,0.1,-0.2,0.047021,-0.12092,50
23.5,0.10015,-0.20018,0.1,-0.2,0.047583,-0.12062,50
23.6,0.098271,-0.20043,0.1,-0.2,0.047763,-0.12104,50
23.7,0.098955,-0.2,0.1,-0.2,0.047737,-0.12077,50
23.8,0.10007,-0.19953,0.1,-0.2,0.04753,-0.12119,50
23.9,0.10169,-0.19992,0.1,-0.2,0.047022,-0.12041,50
24,0.10037,-0.19998,0.1,-0.2,0.047739,-0.12126,50
24.1,0.10129,-0.19927,0.1,-0.2,0.046745,-0.12083,50
24.2,0.10121,-0.20019,0.1,-0.2,0.04733,-0.12075,50
24.3,0.099463,-0.19999,0.1,-0.2,0.047245,-0.12116,50
24.4,0.099673,-0.20044,0.1,-0.2,0.047291,-0.12044,50
24.5,0.098945,-0.20012,0.1,-0.2,0.047595,-0.12129,50
24.6,0.1001,-0.19988,0.1,-0.2,0.04707,-0.12048,50
24.7,0.099702,-0.20082,0.1,-0.2,0.047573,-0.12065,50
24.8,0.099282,-0.19936,0.1,-0.2,0.047516,-0.12131,50
24.9,0.099263,-0.1998,0.1,-0.2,0.047758,-0.12078,50
25,0.099937,-0.20068,0.1,0.2,0.049165,-0.020784,50
25.1,0.10177,-0.19905,0.1,0.2,0.001262,0.079216,50
25.2,0.1684,-0.054173,0.1,0.2,-0.011996,0.12667,50
25.3,0.13416,0.095893,0.1,0.2,0.00192,0.099749,50
25.4,0.10134,0.20099,0.1,0.2,0.005538,0.095244,50
25.5,0.097578,0.20552,0.1,0.2,0.002173,0.097833,50
25.6,0.10087,0.20307,0.1,0.2,0.001186,0.097773,50
25.7,0.095331,0.20236,0.1,0.2,0.004689,0.095544,50
25.8,0.089245,0.20221,0.1,0.2,0.006195,0.093899,50
25.9,0.096728,0.20198,0.1,0.2,0.003984,0.095123,50
26,0.10305,0.19983,0.1,0.2,0.003591,0.095868,50
26.1,0.10042,0.19983,0.1,0.2,0.004609,0.094805,50
26.2,0.09872,0.20034,0.1,0.2,0.004682,0.094943,50
26.3,0.098198,0.19888,0.1,0.2,0.004815,0.09557,50
26.4,0.099805,0.19908,0.1,0.2,0.004126,0.095689,50
26.5,0.10135,0.19983,0.1,0.2,0.004246,0.095794,50
26.6,0.099468,0.20042,0.1,0.2,0.004812,0.095005,50
26.7,0.10002,0.2008,0.1,0.2,0.00429,0.095286,50
26.8,0.1011,0.19962,0.1,0.2,0.004145,0.095789,50
26.9,0.10044,0.20017,0.1,0.2,0.004345,0.095087,50
27,0.098574,0.2008,0.1,0.2,0.005053,0.094775,50
27.1,0.10013,0.19996,0.1,0.2,0.003946,0.095462,50
27.2,0.10023,0.19966,0.1,0.2,0.004806,0.095194,50
27.3,0.098979,0.1993,0.1,0.2,0.004409,0.095558,50
27.4,0.10024,0.19984,0.1,0.2,0.004514,0.095372,50
27.5,0.10042,0.20003,0.1,0.2,0.004299,0.095532,50
27.6,0.10025,0.19995,0.1,0.2,0.004456,0.095457,50
27.7,0.099609,0.20024,0.1,0.2,0.004608,0.095192,50
27.8,0.1,0.20003,0.1,0.2,0.004353,0.095524,50
27.9,0.09895,0.20012,0.1,0.2,0.004886,0.095172,-50
28,0.099995,0.20034,0.1,0.2,0.004386,0.095194,-50
28.1,0.10257,0.20098,0.1,0.2,0.003961,0.095082,-50
28.2,0.10105,0.19985,0.1,0.2,0.004325,0.095374,-50
28.3,0.099126,0.19975,0.1,0.2,0.004483,0.095095,-50
28.4,0.098989,0.19915,0.1,0.2,0.004525,0.095591,-50
28.5,0.099321,0.20003,0.1,0.2,0.004481,0.095155,-50
28.6,0.09958,0.19934,0.1,0.2,0.004542,0.095752,-50
28.7,0.099131,0.20009,0.1,0.2,0.004704,0.095174,-50
28.8,0.10017,0.20101,0.1,0.2,0.00455,0.095048,-50
28.9,0.10149,0.20013,0.1,0.2,0.004175,0.095378,-50
29,0.10099,0.19998,0.1,0.2,0.004325,0.095283,-50
29.1,0.10079,0.20032,0.1,0.2,0.004167,0.095161,-50
29.2,0.10052,0.19967,0.1,0.2,0.00421,0.095484,-50
29.3,0.099849,0.19913,0.1,0.2,0.00419,0.095646,-50
29.4,0.10019,0.19982,0.1,0.2,0.004105,0.095547,-50
29.5,0.10033,0.19996,0.1,0.2,0.004108,0.095632,-50
29.6,0.098789,0.20048,0.1,0.2,0.004598,0.095186,-50
29.7,0.098994,0.20022,0.1,0.2,0.004426,0.095306,-50
29.8,0.098852,0.19956,0.1,0.2,0.004697,0.095477,-50
29.9,0.09957,0.19979,0.1,0.2,0.004427,0.095392,-50
30,0.10082,0.20032,0.1,0.2,0.004348,0.095389,-50
30.1,0.10188,0.20042,-0.1,0.2,-0.005652,0.10539,-50
30.2,0.10116,0.1998,-0.1,0.2,-0.015652,0.11539,-50
30.3,0.079746,0.20664,-0.1,0.2,-0.025652,0.1186,-50
30.4,0.050681,0.21465,-0.1,0.2,-0.035652,0.11926,-50
30.5,0.010437,0.21654,-0.1,0.2,-0.045652,0.11829,-50
30.6,-0.033797,0.21138,-0.1,0.2,-0.04422,0.11793,-50
30.7,-0.082515,0.20039,-0.1,0.2,-0.041404,0.11768,-50
30.8,-0.1035,0.20086,-0.1,0.2,-0.040445,0.11621,-50
30.9,-0.10631,0.20226,-0.1,0.2,-0.040311,0.11589,-50
31,-0.10633,0.20135,-0.1,0.2,-0.039696,0.11557,-50
31.1,-0.10522,0.20111,-0.1,0.2,-0.039163,0.11505,-50
31.2,-0.10335,0.20088,-0.1,0.2,-0.039044,0.11491,-50
31.3,-0.10122,0.19993,-0.1,0.2,-0.039265,0.1152,-50
31.4,-0.1005,0.19877,-0.1,0.2,-0.039238,0.11568,-50
31.5,-0.099253,0.19914,-0.1,0.2,-0.03962,0.11572,-50
31.6,-0.098701,0.20058,-0.1,0.2,-0.039536,0.1154,-50
31.7,-0.099707,0.1997,-0.1,0.2,-0.039483,0.11576,-50
31.8,-0.10135,0.19955,-0.1,0.2,-0.039105,0.11559,-50
31.9,-0.10189,0.19985,-0.1,0.2,-0.038965,0.11553,-50
32,-0.10047,0.20038,-0.1,0.2,-0.039203,0.1154,-50
32.1,-0.099033,0.20086,-0.1,0.2,-0.039347,0.11526,-50
32.2,-0.098999,0.20028,-0.1,0.2,-0.03938,0.11538,-50
32.3,-0.10067,0.20021,-0.1,0.2,-0.038949,0.11511,-50
32.4,-0.1009,0.19924,-0.1,0.2,-0.039127,0.11558,-50
32.5,-0.10122,0.19937,-0.1,0.2,-0.038844,0.11549,-50
32.6,-0.099448,0.20037,-0.1,0.2,-0.039377,0.11533,-50
32.7,-0.099424,0.19965,-0.1,0.2,-0.03909,0.11576,-50
32.8,-0.10141,0.19994,-0.1,0.2,-0.038758,0.11525,-50
32.9,-0.09956,0.20032,-0.1,0.2,-0.039296,0.11547,-50
33,-0.09874,0.20036,-0.1,0.2,-0.039271,0.1154,-50
33.1,-0.097739,0.20065,-0.1,0.2,-0.039792,0.1153,-50
33.2,-0.09851,0.19992,-0.1,0.2,-0.039521,0.11559,-50
33.3,-0.10007,0.19919,-0.1,0.2,-0.039559,0.11568,-50
33.4,-0.10021,0.19999,-0.1,0.2,-0.039483,0.11552,-50
33.5,-0.1008,0.19979,-0.1,0.2,-0.039325,0.11564,-50
33.6,-0.10085,0.20078,-0.1,0.2,-0.039244,0.11508,-50
33.7,-0.10116,0.2004,-0.1,0.2,-0.038968,0.11524,-50
33.8,-0.099604,0.20003,-0.1,0.2,-0.039538,0.11527,-50
33.9,-0.10069,0.19962,-0.1,0.2,-0.03884,0.11544,-50
34,-0.10053,0.19959,-0.1,0.2,-0.03932,0.11535,-50
34.1,-0.10008,0.20031,-0.1,0.2,-0.038966,0.11529,-50
34.2,-0.10009,0.19895,-0.1,0.2,-0.03931,0.11584,-50
34.3,-0.099253,0.1997,-0.1,0.2,-0.039376,0.11566,-50
34.4,-0.099053,0.20012,-0.1,0.2,-0.039452,0.1157,-50
34.5,-0.099492,0.20103,-0.1,0.2,-0.039338,0.11518,-50
34.6,-0.10034,0.20011,-0.1,0.2,-0.039186,0.1155,-50
34.7,-0.10044,0.20035,-0.1,0.2,-0.039251,0.11512,-50
34.8,-0.099995,0.19894,-0.1,0.2,-0.039342,0.11598,-50
34.9,-0.099658,0.20019,-0.1,0.2,-0.039439,0.11527,-50
35,-0.1003,0.20082,-0.1,0.2,-0.039037,0.11525,-50
35.1,-0.10005,0.20049,-0.1,0.2,-0.039355,0.11508,-50
35.2,-0.1,0.19982,-0.1,0.2,-0.039155,0.11541,-50
35.3,-0.099971,0.2002,-0.1,0.2,-0.039335,0.11506,-50
35.4,-0.10018,0.19898,-0.1,0.2,-0.039178,0.11582,-50
35.5,-0.10055,0.19933,-0.1,0.2,-0.039246,0.11549,-50
35.6,-0.10001,0.20048,-0.1,0.2,-0.039178,0.11538,-50
35.7,-0.099531,0.19976,-0.1,0.2,-0.03941,0.11568,-50
35.8,-0.099385,0.19984,-0.1,0.2,-0.039409,0.11562,-50
35.9,-0.099648,0.20064,-0.1,0.2,-0.039346,0.11529,-50
36,-0.10061,0.20024,-0.1,0.2,-0.039097,0.11537,-50
36.1,-0.10015,0.20005,-0.1,0.2,-0.039361,0.11532,-50
36.2,-0.1001,0.19992,-0.1,0.2,-0.039173,0.11545,-50
36.3,-0.099585,0.19917,-0.1,0.2,-0.039546,0.11579,-50
36.4,-0.098906,0.19936,-0.1,0.2,-0.039622,0.11594,-50
36.5,-0.10051,0.20007,-0.1,0.2,-0.039187,0.1156,-50
36.6,-0.10048,0.19997,-0.1,0.2,-0.039401,0.11574,-50
36.7,-0.09915,0.20097,-0.1,0.2,-0.039558,0.11533,-50
36.8,-0.10003,0.20035,-0.1,0.2,-0.039257,0.11551,-50
36.9,-0.10099,0.19903,-0.1,0.2,-0.039259,0.1158,-50
37,-0.099687,0.20096,-0.1,0.2,-0.039389,0.11483,50
37.1,-0.097778,0.20184,-0.1,0.2,-0.03989,0.11501,50
37.2,-0.10039,0.19932,-0.1,0.2,-0.039008,0.11542,50
37.3,-0.10238,0.19818,-0.1,0.2,-0.039171,0.11574,50
37.4,-0.10081,0.19929,-0.1,0.2,-0.039212,0.11572,50
37.5,-0.099331,0.20056,-0.1,0.2,-0.039518,0.1154,50
37.6,-0.098554,0.20061,-0.1,0.2,-0.039592,0.11558,50
37.7,-0.10025,0.19912,-0.1,0.2,-0.039248,0.11596,50
37.8,-0.10066,0.20015,-0.1,0.2,-0.03929,0.1152,50
37.9,-0.10043,0.19957,-0.1,0.2,-0.039289,0.11624,50
38,-0.099263,0.1997,-0.1,0.2,-0.039783,0.11564,50
38.1,-0.097905,0.20192,-0.1,0.2,-0.039652,0.11506,50
38.2,-0.10015,0.20047,-0.1,0.2,-0.039272,0.11536,50
38.3,-0.10133,0.19978,-0.1,0.2,-0.039195,0.1151,50
38.4,-0.10012,0.19942,-0.1,0.2,-0.039619,0.11589,50
38.5,-0.09938,0.19944,-0.1,0.2,-0.039611,0.11561,50
38.6,-0.10072,0.20013,-0.1,0.2,-0.03906,0.11537,50
38.7,-0.10131,0.19998,-0.1,0.2,-0.039161,0.11542,50
38.8,-0.10043,0.20013,-0.1,0.2,-0.03917,0.11537,50
38.9,-0.099639,0.20042,-0.1,0.2,-0.039367,0.11527,50
39,-0.1001,0.19964,-0.1,0.2,-0.03911,0.11564,50
39.1,-0.099316,0.19987,-0.1,0.2,-0.039652,0.11545,50
39.2,-0.098999,0.20164,-0.1,0.2,-0.039128,0.11454,50
39.3,-0.10056,0.1998,-0.1,0.2,-0.0393,0.11563,50
39.4,-0.099976,0.19897,-0.1,0.2,-0.039479,0.11547,50
39.5,-0.099233,0.20044,-0.1,0.2,-0.039486,0.11521,50
39.6,-0.10061,0.19908,-0.1,0.2,-0.03923,0.11599,50
39.7,-0.10076,0.1995,-0.1,0.2,-0.039308,0.11535,50
39.8,-0.10033,0.20019,-0.1,0.2,-0.039185,0.11572,50
39.9,-0.09854,0.20019,-0.1,0.2,-0.040007,0.11564,50
40,-0.098501,0.20101,-0.1,0.2,-0.039483,0.11535,-50
40.1,-0.10045,0.20034,-0.1,-0.2,-0.029483,0.10535,-50
40.2,-0.10107,0.19994,-0.1,-0.2,-0.019483,0.095349,-50
40.3,-0.080991,0.1922,-0.1,-0.2,-0.009483,0.085349,-50
40.4,-0.053319,0.1841,-0.1,-0.2,-0.012123,0.075349,-50
40.5,-0.017856,0.17347,-0.1,-0.2,-0.012752,0.065349,-50
40.6,-0.013299,0.15243,-0.1,-0.2,-0.011195,0.055349,-50
40.7,-0.015849,0.13172,-0.1,-0.2,-0.010701,0.045349,-50
40.8,-0.020234,0.11157,-0.1,-0.2,-0.009853,0.035349,-50
40.9,-0.025343,0.09241,-0.1,-0.2,-0.009552,0.025349,-50
41,-0.031258,0.072684,-0.1,-0.2,-0.00838,0.015349,-50
41.1,-0.037558,0.053998,-0.1,-0.2,-0.007418,0.005349,-50
41.2,-0.04378,0.033812,-0.1,-0.2,-0.006241,-0.004651,-50
41.3,-0.048527,0.01454,-0.1,-0.2,-0.005454,-0.014651,-50
41.4,-0.053822,-0.004615,-0.1,-0.2,-0.004191,-0.024651,-50
41.5,-0.059409,-0.024698,-0.1,-0.2,-0.003148,-0.034651,-50
41.6,-0.06419,-0.045402,-0.1,-0.2,-0.002191,-0.044651,-50
41.7,-0.068493,-0.06506,-0.1,-0.2,-0.00132,-0.054651,-50
41.8,-0.07241,-0.083761,-0.1,-0.2,-0.000544,-0.064651,-50
41.9,-0.078945,-0.10291,-0.1,-0.2,0.001022,-0.074651,-50
42,-0.084098,-0.12319,-0.1,-0.2,0.001704,-0.084651,-50
42.1,-0.087179,-0.14099,-0.1,-0.2,0.002544,-0.094651,-50
42.2,-0.093578,-0.16131,-0.1,-0.2,0.00394,-0.10175,-50
42.3,-0.099321,-0.18053,-0.1,-0.2,0.004644,-0.10218,-50
42.4,-0.10198,-0.19511,-0.1,-0.2,0.004484,-0.10181,-50
42.5,-0.098154,-0.19944,-0.1,-0.2,0.003396,-0.1013,-50
42.6,-0.097792,-0.20064,-0.1,-0.2,0.003677,-0.10101,-50
42.7,-0.10038,-0.20099,-0.1,-0.2,0.003963,-0.10107,-50
42.8,-0.099658,-0.20007,-0.1,-0.2,0.003627,-0.10113,-50
42.9,-0.099316,-0.2,-0.1,-0.2,0.003657,-0.10097,-50
43,-0.10125,-0.20092,-0.1,-0.2,0.004042,-0.10076,-50
43.1,-0.1012,-0.20067,-0.1,-0.2,0.003928,-0.1008,-50
43.2,-0.10013,-0.19922,-0.1,-0.2,0.003948,-0.10119,-50
43.3,-0.098833,-0.19868,-0.1,-0.2,0.003642,-0.1014,-50
43.4,-0.09914,-0.20038,-0.1,-0.2,0.003736,-0.10082,-50
43.5,-0.1007,-0.20108,-0.1,-0.2,0.003911,-0.10081,-50
43.6,-0.10037,-0.19974,-0.1,-0.2,0.003841,-0.10113,-50
43.7,-0.098652,-0.19939,-0.1,-0.2,0.003445,-0.10104,-50
43.8,-0.099243,-0.20046,-0.1,-0.2,0.003629,-0.10071,-50
43.9,-0.10157,-0.20134,-0.1,-0.2,0.004029,-0.10053,-50
44,-0.10106,-0.20028,-0.1,-0.2,0.003829,-0.10076,-50
44.1,-0.099385,-0.19866,-0.1,-0.2,0.003725,-0.10119,-50
44.2,-0.099516,-0.2,-0.1,-0.2,0.003742,-0.10071,-50
44.3,-0.09978,-0.19996,-0.1,-0.2,0.003705,-0.10103,-50
44.4,-0.099282,-0.19947,-0.1,-0.2,0.00362,-0.10105,-50
44.5,-0.09957,-0.19973,-0.1,-0.2,0.003646,-0.10108,-50
44.6,-0.10126,-0.20111,-0.1,-0.2,0.004018,-0.1006,-50
44.7,-0.10234,-0.20044,-0.1,-0.2,0.004263,-0.10104,-50
44.8,-0.099497,-0.19991,-0.1,-0.2,0.00359,-0.10074,-50
44.9,-0.098857,-0.20051,-0.1,-0.2,0.003704,-0.10045,-50
45,-0.099668,-0.19975,-0.1,-0.2,0.003737,-0.1009,-50
45.1,-0.09937,-0.19849,0.1,-0.2,0.013737,-0.1109,-50
45.2,-0.09978,-0.19968,0.1,-0.2,0.023737,-0.1209,-50
45.3,-0.080703,-0.20649,0.1,-0.2,0.033737,-0.12427,-50
45.4,-0.050339,-0.21633,0.1,-0.2,0.043737,-0.12389,-50
45.5,-0.011121,-0.21667,0.1,-0.2,0.053737,-0.12379,-50
45.6,0.03453,-0.21028,0.1,-0.2,0.052206,-0.12341,-50
45.7,0.082794,-0.20003,0.1,-0.2,0.049476,-0.12318,-50
45.8,0.10291,-0.20071,0.1,-0.2,0.048703,-0.12181,-50
45.9,0.10553,-0.20264,0.1,-0.2,0.048563,-0.12128,-50
46,0.10642,-0.20071,0.1,-0.2,0.047823,-0.1214,-50
46.1,0.1064,-0.19985,0.1,-0.2,0.047142,-0.12105,-50
46.2,0.10448,-0.19907,0.1,-0.2,0.047083,-0.12148,-50
46.3,0.1018,-0.19996,0.1,-0.2,0.047257,-0.12116,-50
46.4,0.099619,-0.2017,0.1,-0.2,0.047319,-0.12061,-50
46.5,0.099404,-0.20048,0.1,-0.2,0.047294,-0.12097,-50
46.6,0.10032,-0.19959,0.1,-0.2,0.047172,-0.12096,-50
46.7,0.10007,-0.2003,0.1,-0.2,0.047258,-0.12074,-50
46.8,0.099507,-0.19963,0.1,-0.2,0.047404,-0.12118,-50
46.9,0.10118,-0.19975,0.1,-0.2,0.046877,-0.12087,-50
47,0.099971,-0.20023,0.1,-0.2,0.047398,-0.12088,-50
47.1,0.10033,-0.19958,0.1,-0.2,0.046946,-0.12118,-50
47.2,0.10069,-0.20014,0.1,-0.2,0.047116,-0.12074,-50
47.3,0.098159,-0.20029,0.1,-0.2,0.047639,-0.12113,-50
47.4,0.09853,-0.1998,0.1,-0.2,0.047509,-0.12116,-50
47.5,0.10056,-0.19993,0.1,-0.2,0.047168,-0.12097,-50
47.6,0.10067,-0.20048,0.1,-0.2,0.047216,-0.12075,-50
47.7,0.10051,-0.19976,0.1,-0.2,0.047172,-0.12109,-50
47.8,0.1008,-0.19974,0.1,-0.2,0.047092,-0.12093,-50
47.9,0.10018,-0.20013,0.1,-0.2,0.047162,-0.12093,-50
48,0.099341,-0.20028,0.1,-0.2,0.04733,-0.12089,-50
48.1,0.10053,-0.20019,0.1,-0.2,0.046904,-0.12079,-50
48.2,0.099702,-0.20106,0.1,-0.2,0.047308,-0.12033,-50
48.3,0.099443,-0.20003,0.1,-0.2,0.047133,-0.12085,-50
48.4,0.10095,-0.19885,0.1,-0.2,0.047024,-0.12097,-50
48.5,0.10112,-0.19869,0.1,-0.2,0.046961,-0.12133,-50
48.6,0.098305,-0.20022,0.1,-0.2,0.047739,-0.12104,-50
48.7,0.099297,-0.20107,0.1,-0.2,0.046997,-0.12078,-50
48.8,0.10117,-0.20059,0.1,-0.2,0.046972,-0.1205,-50
48.9,0.099199,-0.20046,0.1,-0.2,0.047416,-0.12069,-50
49,0.099072,-0.2001,0.1,-0.2,0.047329,-0.12072,-50
49.1,0.099971,-0.19895,0.1,-0.2,0.047344,-0.12118,-50
49.2,0.10002,-0.19958,0.1,-0.2,0.047343,-0.12096,-50
49.3,0.099971,-0.20074,0.1,-0.2,0.047265,-0.12065,-50
49.4,0.099092,-0.20048,0.1,-0.2,0.04759,-0.12078,-50
49.5,0.10014,-0.19973,0.1,-0.2,0.047204,-0.1209,-50
49.6,0.099858,-0.19944,0.1,-0.2,0.047612,-0.12103,-50
49.7,0.099746,-0.20042,0.1,-0.2,0.047333,-0.12075,-50
49.8,0.10032,-0.19978,0.1,-0.2,0.047391,-0.12099,-50
49.9,0.1006,-0.19978,0.1,-0.2,0.047246,-0.1209,-50
