0,-0.96976,-0.97022,-0.1,0.2,0.01,0.01
0.1,-0.017568,-0.17555,-0.1,0.2,0,0.02
0.2,0.19246,-0.009568,-0.1,0.2,-0.01,0.03
0.3,0.15882,0.026711,-0.1,0.2,-0.02,0.04
0.4,0.078505,0.041118,-0.1,0.2,-0.03,0.05
0.5,0.002847,0.052806,-0.1,0.2,-0.038537,0.06
0.6,-0.060352,0.063927,-0.1,0.2,-0.029255,0.07
0.7,-0.10975,0.076166,-0.1,0.2,-0.028905,0.08
0.8,-0.10563,0.10253,-0.1,0.2,-0.031304,0.09
0.9,-0.098559,0.12465,-0.1,0.2,-0.033856,0.1
1,-0.096166,0.14277,-0.1,0.2,-0.03651,0.11
1.1,-0.095526,0.16153,-0.1,0.2,-0.038483,0.11797
1.2,-0.09727,0.17878,-0.1,0.2,-0.038008,0.11839
1.3,-0.099199,0.19473,-0.1,0.2,-0.037686,0.11737
1.4,-0.10002,0.19984,-0.1,0.2,-0.037495,0.11721
1.5,-0.10098,0.20003,-0.1,0.2,-0.03737,0.11722
1.6,-0.10083,0.20113,-0.1,0.2,-0.037339,0.11665
1.7,-0.1006,0.20076,-0.1,0.2,-0.037233,0.11677
1.8,-0.099341,0.20026,-0.1,0.2,-0.037644,0.11676
1.9,-0.099101,0.20186,-0.1,0.2,-0.037373,0.11597
2,-0.10002,0.19995,-0.1,0.2,-0.037383,0.11663
2.1,-0.10077,0.19822,-0.1,0.2,-0.037363,0.11708
2.2,-0.10018,0.19946,-0.1,0.2,-0.037477,0.11685
2.3,-0.097729,0.20227,-0.1,0.2,-0.037943,0.116
2.4,-0.098867,0.20033,-0.1,0.2,-0.037551,0.11672
2.5,-0.10152,0.19918,-0.1,0.2,-0.037309,0.11648
2.6,-0.10136,0.19953,-0.1,0.2,-0.037266,0.11666
2.7,-0.099971,0.1994,-0.1,0.2,-0.037602,0.11688
2.8,-0.098584,0.20057,-0.1,0.2,-0.037791,0.11656
2.9,-0.09959,0.19968,-0.1,0.2,-0.037553,0.11697
3,-0.098994,0.20064,-0.1,0.2,-0.037967,0.11639
3.1,-0.1,0.19986,-0.1,0.2,-0.037447,0.1169
3.2,-0.10097,0.19847,-0.1,0.2,-0.037706,0.11719
3.3,-0.10034,0.20028,-0.1,0.2,-0.037528,0.11672
3.4,-0.10002,0.20078,-0.1,0.2,-0.037589,0.11662
3.5,-0.10076,0.20083,-0.1,0.2,-0.037244,0.11631
3.6,-0.10054,0.20076,-0.1,0.2,-0.037377,0.11617
3.7,-0.098769,0.19997,-0.1,0.2,-0.037798,0.11657
3.8,-0.099883,0.19896,-0.1,0.2,-0.037459,0.11686
3.9,-0.10083,0.19998,-0.1,0.2,-0.037398,0.11638
4,-0.099956,0.19992,-0.1,0.2,-0.037538,0.11675
4.1,-0.10093,0.20015,-0.1,0.2,-0.037145,0.11638
4.2,-0.099795,0.20055,-0.1,0.2,-0.037583,0.11635
4.3,-0.099228,0.20019,-0.1,0.2,-0.037492,0.1165
4.4,-0.099595,0.19913,-0.1,0.2,-0.037654,0.11685
4.5,-0.099863,0.20036,-0.1,0.2,-0.037492,0.11635
4.6,-0.10017,0.19987,-0.1,0.2,-0.037486,0.11671
4.7,-0.10071,0.19912,-0.1,0.2,-0.0374,0.11687
4.8,-0.10018,0.19917,-0.1,0.2,-0.037588,0.11708
4.9,-0.10002,0.2001,-0.1,0.2,-0.037452,0.11682
5,-0.099248,0.20123,-0.1,0.2,-0.037672,0.1164
5.1,-0.099653,0.20072,-0.1,0.2,-0.037432,0.11649
5.2,-0.098965,0.19968,-0.1,0.2,-0.037968,0.11676
5.3,-0.099043,0.20028,-0.1,0.2,-0.037721,0.11654
5.4,-0.10042,0.19939,-0.1,0.2,-0.037634,0.11687
5.5,-0.09999,0.19997,-0.1,0.2,-0.037798,0.11662
5.6,-0.099424,0.20056,-0.1,0.2,-0.037789,0.11656
5.7,-0.099502,0.20103,-0.1,0.2,-0.037799,0.11617
5.8,-0.098286,0.20055,-0.1,0.2,-0.038238,0.11642
5.9,-0.10024,0.19951,-0.1,0.2,-0.037633,0.11655
6,-0.101,0.19831,-0.1,0.2,-0.037927,0.11708
6.1,-0.10037,0.2002,-0.1,0.2,-0.037745,0.11649
6.2,-0.099849,0.20173,-0.1,0.2,-0.037773,0.11598
6.3,-0.099272,0.2009,-0.1,0.2,-0.03791,0.11616
6.4,-0.1002,0.19929,-0.1,0.2,-0.03774,0.11652
6.5,-0.10112,0.19892,-0.1,0.2,-0.037622,0.11662
6.6,-0.10087,0.19987,-0.1,0.2,-0.037588,0.11642
6.7,-0.10016,0.19987,-0.1,0.2,-0.037686,0.11661
6.8,-0.10002,0.19984,-0.1,0.2,-0.037668,0.11658
6.9,-0.10019,0.2003,-0.1,0.2,-0.03758,0.1164
7,-0.099643,0.1998,-0.1,0.2,-0.037796,0.11669
7.1,-0.09935,0.19967,-0.1,0.2,-0.03785,0.11674
7.2,-0.099018,0.20093,-0.1,0.2,-0.037942,0.11625
7.3,-0.099013,0.20095,-0.1,0.2,-0.037934,0.11624
7.4,-0.10109,0.19944,-0.1,0.2,-0.037493,0.11651
7.5,-0.10193,0.19895,-0.1,0.2,-0.03746,0.11661
7.6,-0.10068,0.19974,-0.1,0.2,-0.037584,0.11657
7.7,-0.10009,0.20042,-0.1,0.2,-0.037527,0.11639
7.8,-0.10039,0.20069,-0.1,0.2,-0.037386,0.11616
7.9,-0.10016,0.19951,-0.1,0.2,-0.037532,0.11663
8,-0.10034,0.20062,-0.1,0.2,-0.037317,0.11596
8.1,-0.099394,0.20061,-0.1,0.2,-0.037623,0.11618
8.2,-0.098891,0.1997,-0.1,0.2,-0.037752,0.11643
8.3,-0.098545,0.19903,-0.1,0.2,-0.038057,0.11683
8.4,-0.099849,0.19951,-0.1,0.2,-0.037685,0.11667
8.5,-0.10064,0.19991,-0.1,0.2,-0.037681,0.11659
8.6,-0.10008,0.20046,-0.1,0.2,-0.03772,0.11643
8.7,-0.099556,0.20081,-0.1,0.2,-0.037795,0.11624
8.8,-0.1,0.1996,-0.1,0.2,-0.037716,0.11666
8.9,-0.10007,0.19964,-0.1,0.2,-0.03782,0.11652
9,-0.10015,0.20057,-0.1,0.2,-0.037612,0.11626
9.1,-0.099096,0.20095,-0.1,0.2,-0.038005,0.11608
9.2,-0.099326,0.19952,-0.1,0.2,-0.037851,0.11666
9.3,-0.10059,0.19949,-0.1,0.2,-0.037749,0.11638
9.4,-0.099712,0.20061,-0.1,0.2,-0.037912,0.1162
9.5,-0.1004,0.19929,-0.1,0.2,-0.037674,0.11673
9.6,-0.10065,0.20035,-0.1,0.2,-0.03771,0.11605
9.7,-0.10088,0.20059,-0.1,0.2,-0.037378,0.11616
9.8,-0.10048,0.19959,-0.1,0.2,-0.03768,0.11635
9.9,-0.10007,0.19978,-0.1,0.2,-0.037545,0.11636
10,-0.099575,0.1997,-0.1,-0.2,-0.047545,0.10636
10.1,-0.10077,0.19936,-0.1,-0.2,-0.052914,0.096363
10.2,-0.13097,0.17747,-0.1,-0.2,-0.046133,0.086363
10.3,-0.16571,0.15323,-0.1,-0.2,-0.041914,0.076363
10.4,-0.16996,0.1385,-0.1,-0.2,-0.03935,0.066363
10.5,-0.16874,0.12134,-0.1,-0.2,-0.036144,0.056363
10.6,-0.16629,0.10426,-0.1,-0.2,-0.033593,0.046363
10.7,-0.16147,0.086452,-0.1,-0.2,-0.030699,0.036363
10.8,-0.15782,0.068923,-0.1,-0.2,-0.02773,0.026363
10.9,-0.15384,0.051414,-0.1,-0.2,-0.025028,0.016363
11,-0.14908,0.033612,-0.1,-0.2,-0.022438,0.006363
11.1,-0.1448,0.016405,-0.1,-0.2,-0.019843,-0.003637
11.2,-0.14108,-0.002139,-0.1,-0.2,-0.017134,-0.013637
11.3,-0.13814,-0.02043,-0.1,-0.2,-0.01428,-0.023637
11.4,-0.13546,-0.038759,-0.1,-0.2,-0.011347,-0.033637
11.5,-0.13119,-0.056611,-0.1,-0.2,-0.008841,-0.043637
11.6,-0.12692,-0.074369,-0.1,-0.2,-0.006119,-0.053637
11.7,-0.12383,-0.090628,-0.1,-0.2,-0.003409,-0.063637
11.8,-0.1204,-0.10854,-0.1,-0.2,-0.000649,-0.073637
11.9,-0.11749,-0.1273,-0.1,-0.2,0.002389,-0.083637
12,-0.11284,-0.1442,-0.1,-0.2,0.004801,-0.093637
12.1,-0.1082,-0.16215,-0.1,-0.2,0.006808,-0.10126
12.2,-0.10364,-0.17884,-0.1,-0.2,0.006343,-0.10197
12.3,-0.099297,-0.19406,-0.1,-0.2,0.00554,-0.10097
12.4,-0.099697,-0.20122,-0.1,-0.2,0.00574,-0.099987
12.5,-0.10135,-0.20233,-0.1,-0.2,0.005926,-0.099841
12.6,-0.099228,-0.20008,-0.1,-0.2,0.005448,-0.10016
12.7,-0.098916,-0.19933,-0.1,-0.2,0.005695,-0.10021
12.8,-0.099585,-0.20059,-0.1,-0.2,0.005459,-0.099834
12.9,-0.098725,-0.20028,-0.1,-0.2,0.005212,-0.099842
13,-0.09959,-0.19978,-0.1,-0.2,0.005517,-0.099994
13.1,-0.099829,-0.19953,-0.1,-0.2,0.00535,-0.10017
13.2,-0.10036,-0.20067,-0.1,-0.2,0.005558,-0.099662
13.3,-0.10011,-0.20022,-0.1,-0.2,0.005322,-0.099974
13.4,-0.10026,-0.19986,-0.1,-0.2,0.00562,-0.099877
13.5,-0.10123,-0.20068,-0.1,-0.2,0.005695,-0.099725
13.6,-0.098149,-0.19967,-0.1,-0.2,0.004844,-0.099829
13.7,-0.09875,-0.19892,-0.1,-0.2,0.005462,-0.10012
13.8,-0.10057,-0.20009,-0.1,-0.2,0.005402,-0.099991
13.9,-0.10094,-0.19982,-0.1,-0.2,0.00566,-0.1002
14,-0.1007,-0.20003,-0.1,-0.2,0.005569,-0.10009
14.1,-0.098637,-0.20087,-0.1,-0.2,0.004951,-0.09951
14.2,-0.099375,-0.19972,-0.1,-0.2,0.00541,-0.10005
14.3,-0.10069,-0.20023,-0.1,-0.2,0.005472,-0.099779
14.4,-0.10086,-0.20057,-0.1,-0.2,0.00552,-0.099724
14.5,-0.10107,-0.2005,-0.1,-0.2,0.005676,-0.099648
14.6,-0.10017,-0.19971,-0.1,-0.2,0.005457,-0.09989
14.7,-0.098779,-0.1991,-0.1,-0.2,0.005274,-0.099998
14.8,-0.10015,-0.20046,-0.1,-0.2,0.005617,-0.09963
14.9,-0.099707,-0.20031,-0.1,-0.2,0.005187,-0.099776
15,-0.09917,-0.19895,0.1,-0.2,0.015187,-0.089776
15.1,-0.10021,-0.20018,0.1,-0.2,0.025187,-0.088004
15.2,-0.067082,-0.17732,0.1,-0.2,0.035187,-0.098004
15.3,-0.026672,-0.16175,0.1,-0.2,0.045187,-0.108
15.4,0.012713,-0.16495,0.1,-0.2,0.054775,-0.118
15.5,0.052581,-0.17404,0.1,-0.2,0.051699,-0.12238
15.6,0.090574,-0.18422,0.1,-0.2,0.050389,-0.12161
15.7,0.09935,-0.19748,0.1,-0.2,0.04997,-0.12061
15.8,0.10191,-0.20176,0.1,-0.2,0.049644,-0.11991
15.9,0.10263,-0.20069,0.1,-0.2,0.049674,-0.12021
16,0.10286,-0.20003,0.1,-0.2,0.04933,-0.12005
16.1,0.10367,-0.19959,0.1,-0.2,0.048733,-0.12006
16.2,0.10318,-0.19842,0.1,-0.2,0.048807,-0.12059
16.3,0.10108,-0.20033,0.1,-0.2,0.048891,-0.11997
16.4,0.10005,-0.20098,0.1,-0.2,0.048828,-0.11994
16.5,0.099683,-0.20115,0.1,-0.2,0.048916,-0.11953
16.6,0.099609,-0.20078,0.1,-0.2,0.048836,-0.11958
16.7,0.09958,-0.19991,0.1,-0.2,0.049008,-0.11972
16.8,0.09937,-0.19975,0.1,-0.2,0.049065,-0.11982
16.9,0.10013,-0.19988,0.1,-0.2,0.048884,-0.11974
17,0.099585,-0.19992,0.1,-0.2,0.049172,-0.11983
17.1,0.099458,-0.19967,0.1,-0.2,0.049111,-0.12001
17.2,0.10258,-0.19931,0.1,-0.2,0.048261,-0.1199
17.3,0.10168,-0.19951,0.1,-0.2,0.048767,-0.11997
17.4,0.099258,-0.1997,0.1,-0.2,0.048945,-0.12028
17.5,0.098872,-0.20111,0.1,-0.2,0.048995,-0.11956
17.6,0.098974,-0.2004,0.1,-0.2,0.049028,-0.11998
17.7,0.09981,-0.19856,0.1,-0.2,0.049072,-0.1205
17.8,0.10009,-0.20065,0.1,-0.2,0.048921,-0.11963
17.9,0.098745,-0.20165,0.1,-0.2,0.049259,-0.1195
18,0.099512,-0.20046,0.1,-0.2,0.048984,-0.11963
18.1,0.10016,-0.19895,0.1,-0.2,0.049178,-0.12007
18.2,0.10027,-0.1994,0.1,-0.2,0.049038,-0.11998
18.3,0.10182,-0.19977,0.1,-0.2,0.048555,-0.11986
18.4,0.099507,-0.1999,0.1,-0.2,0.049376,-0.12003
18.5,0.098725,-0.20036,0.1,-0.2,0.049106,-0.11997
18.6,0.099575,-0.19998,0.1,-0.2,0.049229,-0.11997
18.7,0.10061,-0.20048,0.1,-0.2,0.048821,-0.11966
18.8,0.10048,-0.2003,0.1,-0.2,0.049007,-0.11968
18.9,0.099995,-0.20068,0.1,-0.2,0.048922,-0.11944
19,0.099736,-0.1996,0.1,-0.2,0.049116,-0.1199
19.1,0.09875,-0.19948,0.1,-0.2,0.049434,-0.11998
19.2,0.10065,-0.19882,0.1,-0.2,0.048847,-0.12035
19.3,0.10129,-0.19978,0.1,-0.2,0.048965,-0.11987
19.4,0.09977,-0.20055,0.1,-0.2,0.049062,-0.11997
19.5,0.098672,-0.20029,0.1,-0.2,0.049413,-0.11999
19.6,0.098916,-0.20037,0.1,-0.2,0.049283,-0.11992
19.7,0.099858,-0.19988,0.1,-0.2,0.049251,-0.11999
19.8,0.10148,-0.20012,0.1,-0.2,0.048739,-0.11971
19.9,0.10074,-0.20064,0.1,-0.2,0.049043,-0.11951
20,0.099844,-0.19991,0.1,-0.2,0.049019,-0.11989
20.1,0.10037,-0.19885,0.1,-0.2,0.049035,-0.12018
20.2,0.10049,-0.19936,0.1,-0.2,0.048957,-0.12013
20.3,0.099013,-0.19969,0.1,-0.2,0.049409,-0.12033
20.4,0.099219,-0.20062,0.1,-0.2,0.049124,-0.11994
20.5,0.099849,-0.20005,0.1,-0.2,0.049225,-0.12015
20.6,0.10066,-0.20037,0.1,-0.2,0.048904,-0.1198
20.7,0.10075,-0.20083,0.1,-0.2,0.0489,-0.11955
20.8,0.10068,-0.19959,0.1,-0.2,0.048849,-0.12001
20.9,0.099761,-0.19965,0.1,-0.2,0.049164,-0.11992
21,0.099126,-0.19956,0.1,-0.2,0.049188,-0.12027
21.1,0.09938,-0.20005,0.1,-0.2,0.049244,-0.11997
21.2,0.10201,-0.1996,0.1,-0.2,0.048409,-0.12012
21.3,0.10189,-0.19894,0.1,-0.2,0.048827,-0.12032
21.4,0.098969,-0.20103,0.1,-0.2,0.049091,-0.11982
21.5,0.099087,-0.20108,0.1,-0.2,0.048913,-0.11977
21.6,0.10076,-0.19954,0.1,-0.2,0.048708,-0.12003
21.7,0.099917,-0.19982,0.1,-0.2,0.049035,-0.11993
21.8,0.099976,-0.20022,0.1,-0.2,0.048739,-0.1199
21.9,0.099766,-0.2003,0.1,-0.2,0.049026,-0.11977
22,0.099526,-0.19978,0.1,-0.2,0.048952,-0.12008
22.1,0.10007,-0.19912,0.1,-0.2,0.049,-0.12026
22.2,0.10056,-0.19991,0.1,-0.2,0.048782,-0.12002
22.3,0.10022,-0.20055,0.1,-0.2,0.048882,-0.11984
22.4,0.099516,-0.20051,0.1,-0.2,0.048967,-0.11986
22.5,0.10045,-0.19967,0.1,-0.2,0.048726,-0.12003
22.6,0.10015,-0.19934,0.1,-0.2,0.048994,-0.12019
22.7,0.099824,-0.20064,0.1,-0.2,0.048816,-0.11974
22.8,0.099302,-0.20052,0.1,-0.2,0.049071,-0.11986
22.9,0.099951,-0.2,0.1,-0.2,0.048823,-0.11987
23,0.099888,-0.19991,0.1,-0.2,0.049043,-0.11988
23.1,0.099795,-0.19959,0.1,-0.2,0.048964,-0.12013
23.2,0.10107,-0.19976,0.1,-0.2,0.048664,-0.1199
23.3,0.099648,-0.19994,0.1,-0.2,0.049154,-0.12008
23.4,0.10035,-0.20106,0.1,-0.2,0.048547,-0.11945
23.5,0.10122,-0.20058,0.1,-0.2,0.048552,-0.11948
23.6,0.098852,-0.20052,0.1,-0.2,0.049136,-0.11949
23.7,0.098378,-0.20053,0.1,-0.2,0.049028,-0.11948
23.8,0.09999,-0.19899,0.1,-0.2,0.048939,-0.11995
23.9,0.10007,-0.20005,0.1,-0.2,0.048997,-0.11948
24,0.099429,-0.1997,0.1,-0.2,0.049112,-0.11999
24.1,0.10012,-0.1999,0.1,-0.2,0.048965,-0.11967
24.2,0.10172,-0.19947,0.1,-0.2,0.048521,-0.11992
24.3,0.10077,-0.19946,0.1,-0.2,0.048936,-0.11993
24.4,0.098706,-0.20078,0.1,-0.2,0.04911,-0.11969
24.5,0.099131,-0.20102,0.1,-0.2,0.048965,-0.11945
24.6,0.10163,-0.19853,0.1,-0.2,0.048508,-0.12025
24.7,0.10029,-0.19978,0.1,-0.2,0.04908,-0.11968
24.8,0.098999,-0.20073,0.1,-0.2,0.048897,-0.11982
24.9,0.098823,-0.20141,0.1,-0.2,0.049197,-0.11915
25,0.099897,-0.19981,0.1,0.2,0.059197,-0.10915
25.1,0.10093,-0.19877,0.1,0.2,0.06416,-0.099146
25.2,0.13328,-0.17519,0.1,0.2,0.056905,-0.089146
25.3,0.16698,-0.15157,0.1,0.2,0.052986,-0.079146
25.4,0.17089,-0.13696,0.1,0.2,0.050044,-0.069146
25.5,0.16781,-0.12173,0.1,0.2,0.047639,-0.059146
25.6,0.16281,-0.103,0.1,0.2,0.045292,-0.049146
25.7,0.16129,-0.085514,0.1,0.2,0.041747,-0.039146
25.8,0.15932,-0.066867,0.1,0.2,0.038694,-0.029146
25.9,0.15258,-0.050041,0.1,0.2,0.036639,-0.019146
26,0.14818,-0.032728,0.1,0.2,0.033632,-0.009146
26.1,0.14565,-0.013504,0.1,0.2,0.030839,0.000854
26.2,0.14189,0.00398,0.1,0.2,0.028119,0.010854
26.3,0.13763,0.022286,0.1,0.2,0.025479,0.020854
26.4,0.13457,0.040645,0.1,0.2,0.022525,0.030854
26.5,0.1309,0.057817,0.1,0.2,0.019982,0.040854
26.6,0.12628,0.074711,0.1,0.2,0.017443,0.050854
26.7,0.12329,0.092884,0.1,0.2,0.014529,0.060854
26.8,0.12039,0.1099,0.1,0.2,0.011836,0.070854
26.9,0.11689,0.12858,0.1,0.2,0.00888,0.080854
27,0.11276,0.14655,0.1,0.2,0.00624,0.090854
27.1,0.10804,0.16405,0.1,0.2,0.004684,0.097516
27.2,0.10519,0.18288,0.1,0.2,0.004657,0.097104
27.3,0.10141,0.19564,0.1,0.2,0.005474,0.09678
27.4,0.098882,0.19901,0.1,0.2,0.005549,0.09656
27.5,0.097841,0.19992,0.1,0.2,0.005987,0.09651
27.6,0.097441,0.19976,0.1,0.2,0.006072,0.096504
27.7,0.09872,0.20052,0.1,0.2,0.006034,0.096234
27.8,0.099233,0.20034,0.1,0.2,0.006166,0.09629
27.9,0.099614,0.20112,0.1,0.2,0.006166,0.095711
28,0.10077,0.2,0.1,0.2,0.005882,0.096316
28.1,0.10154,0.19939,0.1,0.2,0.005582,0.096426
28.2,0.10149,0.19931,0.1,0.2,0.005522,0.096718
28.3,0.099785,0.19957,0.1,0.2,0.005851,0.096551
28.4,0.098086,0.19983,0.1,0.2,0.006244,0.096438
28.5,0.099209,0.20113,0.1,0.2,0.006001,0.095887
28.6,0.10068,0.19959,0.1,0.2,0.005789,0.096763
28.7,0.10003,0.19894,0.1,0.2,0.005858,0.096721
28.8,0.10025,0.20019,0.1,0.2,0.005806,0.096487
28.9,0.10099,0.20052,0.1,0.2,0.005637,0.096477
29,0.10107,0.20105,0.1,0.2,0.005642,0.096102
29.1,0.10124,0.20116,0.1,0.2,0.005494,0.095951
29.2,0.10143,0.20122,0.1,0.2,0.0054,0.095695
29.3,0.098842,0.19903,0.1,0.2,0.005999,0.096339
29.4,0.097915,0.19839,0.1,0.2,0.005871,0.096409
29.5,0.099033,0.19983,0.1,0.2,0.005974,0.096269
29.6,0.099053,0.19922,0.1,0.2,0.006013,0.096661
29.7,0.099814,0.19958,0.1,0.2,0.005829,0.096561
29.8,0.10001,0.20055,0.1,0.2,0.006024,0.096305
29.9,0.10023,0.20057,0.1,0.2,0.005877,0.096233
30,0.099355,0.19959,0.1,0.2,0.006191,0.096519
30.1,0.10011,0.20035,-0.1,0.2,-0.003809,0.086519
30.2,0.1012,0.20061,-0.1,0.2,-0.013809,0.084343
30.3,0.069441,0.17928,-0.1,0.2,-0.023809,0.094343
30.4,0.026764,0.16203,-0.1,0.2,-0.033809,0.10434
30.5,-0.013734,0.16402,-0.1,0.2,-0.043003,0.11434
30.6,-0.052078,0.17424,-0.1,0.2,-0.040565,0.11865
30.7,-0.089758,0.18353,-0.1,0.2,-0.039034,0.11847
30.8,-0.099917,0.19649,-0.1,0.2,-0.038577,0.11737
30.9,-0.10112,0.20152,-0.1,0.2,-0.038608,0.11681
31,-0.10349,0.2013,-0.1,0.2,-0.037898,0.11659
31.1,-0.10304,0.19963,-0.1,0.2,-0.038182,0.11695
31.2,-0.10183,0.20097,-0.1,0.2,-0.037721,0.11621
31.3,-0.10115,0.20003,-0.1,0.2,-0.037877,0.11667
31.4,-0.10086,0.19955,-0.1,0.2,-0.037761,0.11665
31.5,-0.10155,0.19963,-0.1,0.2,-0.037462,0.11664
31.6,-0.10085,0.19968,-0.1,0.2,-0.03766,0.11671
31.7,-0.099966,0.2004,-0.1,0.2,-0.037627,0.1165
31.8,-0.099028,0.20086,-0.1,0.2,-0.037878,0.11632
31.9,-0.099516,0.20031,-0.1,0.2,-0.037676,0.11643
32,-0.10192,0.19913,-0.1,0.2,-0.037188,0.1166
32.1,-0.10049,0.19949,-0.1,0.2,-0.03774,0.11663
32.2,-0.098134,0.2017,-0.1,0.2,-0.037888,0.11597
32.3,-0.098379,0.20147,-0.1,0.2,-0.037867,0.11592
32.4,-0.10074,0.19849,-0.1,0.2,-0.037543,0.11677
32.5,-0.10187,0.19829,-0.1,0.2,-0.037464,0.11673
32.6,-0.0998,0.20026,-0.1,0.2,-0.03781,0.11649
32.7,-0.099399,0.20045,-0.1,0.2,-0.037676,0.11654
32.8,-0.098857,0.20018,-0.1,0.2,-0.038068,0.11654
32.9,-0.099096,0.20055,-0.1,0.2,-0.03784,0.11637
33,-0.10064,0.20016,-0.1,0.2,-0.037615,0.11631
33.1,-0.099858,0.20022,-0.1,0.2,-0.03793,0.11629
33.2,-0.099204,0.20073,-0.1,0.2,-0.037895,0.11609
33.3,-0.10043,0.19962,-0.1,0.2,-0.037682,0.11641
33.4,-0.1014,0.19915,-0.1,0.2,-0.037544,0.11645
33.5,-0.1003,0.19922,-0.1,0.2,-0.03781,0.11673
33.6,-0.10029,0.19972,-0.1,0.2,-0.037594,0.11662
33.7,-0.099116,0.20032,-0.1,0.2,-0.038049,0.11654
33.8,-0.099194,0.20082,-0.1,0.2,-0.03776,0.11632
33.9,-0.10014,0.20047,-0.1,0.2,-0.037745,0.11621
34,-0.10104,0.19978,-0.1,0.2,-0.037462,0.11637
34.1,-0.099458,0.20001,-0.1,0.2,-0.038048,0.11632
34.2,-0.099101,0.20092,-0.1,0.2,-0.037745,0.11603
34.3,-0.10013,0.20017,-0.1,0.2,-0.037759,0.11613
34.4,-0.099888,0.19942,-0.1,0.2,-0.037874,0.11643
34.5,-0.10004,0.1996,-0.1,0.2,-0.037802,0.11637
34.6,-0.10038,0.19885,-0.1,0.2,-0.037811,0.11688
34.7,-0.099668,0.19995,-0.1,0.2,-0.03801,0.11649
34.8,-0.09935,0.20055,-0.1,0.2,-0.037916,0.1165
34.9,-0.099902,0.20094,-0.1,0.2,-0.037853,0.11606
35,-0.101,0.20056,-0.1,0.2,-0.037482,0.11606
35.1,-0.10051,0.20022,-0.1,0.2,-0.037762,0.11599
35.2,-0.099214,0.20047,-0.1,0.2,-0.037875,0.11599
35.3,-0.098471,0.19892,-0.1,0.2,-0.038286,0.11673
35.4,-0.10132,0.19797,-0.1,0.2,-0.037494,0.117
35.5,-0.10112,0.20035,-0.1,0.2,-0.037835,0.11618
35.6,-0.098862,0.20132,-0.1,0.2,-0.037953,0.11629
35.7,-0.09873,0.20034,-0.1,0.2,-0.03815,0.11633
35.8,-0.10067,0.19977,-0.1,0.2,-0.037609,0.11636
35.9,-0.10074,0.19923,-0.1,0.2,-0.037926,0.11658
36,-0.10099,0.19962,-0.1,0.2,-0.037508,0.11653
36.1,-0.10079,0.20031,-0.1,0.2,-0.037678,0.11626
36.2,-0.099072,0.20125,-0.1,0.2,-0.037876,0.116
36.3,-0.099082,0.20031,-0.1,0.2,-0.037866,0.11625
36.4,-0.10037,0.19962,-0.1,0.2,-0.037664,0.11624
36.5,-0.10096,0.19925,-0.1,0.2,-0.0376,0.11646
36.6,-0.10057,0.19922,-0.1,0.2,-0.037681,0.11661
36.7,-0.10034,0.19956,-0.1,0.2,-0.037634,0.11665
36.8,-0.10037,0.20008,-0.1,0.2,-0.03758,0.11649
36.9,-0.099126,0.19988,-0.1,0.2,-0.037964,0.11675
37,-0.099136,0.2004,-0.1,0.2,-0.037812,0.11647
37.1,-0.10048,0.20059,-0.1,0.2,-0.037542,0.11626
37.2,-0.1001,0.20004,-0.1,0.2,-0.037788,0.11644
37.3,-0.099956,0.19968,-0.1,0.2,-0.037693,0.11657
37.4,-0.1001,0.19973,-0.1,0.2,-0.037754,0.11655
37.5,-0.099941,0.20023,-0.1,0.2,-0.037716,0.11642
37.6,-0.099585,0.20042,-0.1,0.2,-0.037822,0.11635
37.7,-0.099306,0.19959,-0.1,0.2,-0.03795,0.11673
37.8,-0.10029,0.19903,-0.1,0.2,-0.037759,0.11689
37.9,-0.10072,0.20032,-0.1,0.2,-0.037654,0.11639
38,-0.099385,0.20032,-0.1,0.2,-0.037986,0.11666
38.1,-0.099795,0.19984,-0.1,0.2,-0.037771,0.11668
38.2,-0.10013,0.20114,-0.1,0.2,-0.037751,0.11599
38.3,-0.099121,0.20086,-0.1,0.2,-0.037969,0.11622
38.4,-0.10058,0.19905,-0.1,0.2,-0.037609,0.11663
38.5,-0.10159,0.199,-0.1,0.2,-0.037541,0.11657
38.6,-0.099814,0.19986,-0.1,0.2,-0.037891,0.11664
38.7,-0.099453,0.20015,-0.1,0.2,-0.037768,0.1166
38.8,-0.10046,0.20029,-0.1,0.2,-0.037586,0.11639
38.9,-0.099531,0.2014,-0.1,0.2,-0.037819,0.11589
39,-0.099463,0.19954,-0.1,0.2,-0.037775,0.1167
39.1,-0.099741,0.19955,-0.1,0.2,-0.037936,0.11637
39.2,-0.097978,0.20096,-0.1,0.2,-0.038315,0.11622
39.3,-0.099971,0.19991,-0.1,0.2,-0.037721,0.11644
39.4,-0.10037,0.19869,-0.1,0.2,-0.038169,0.11683
39.5,-0.10027,0.20002,-0.1,0.2,-0.037813,0.11647
39.6,-0.10077,0.20041,-0.1,0.2,-0.037779,0.11634
39.7,-0.099937,0.20012,-0.1,0.2,-0.037961,0.11648
39.8,-0.099775,0.1996,-0.1,0.2,-0.037946,0.11667
39.9,-0.1008,0.19964,-0.1,0.2,-0.037681,0.11658
40,-0.10069,0.19989,-0.1,0.2,-0.037762,0.11657
40.1,-0.099585,0.20019,-0.1,-0.2,-0.047762,0.10657
40.2,-0.098437,0.2015,-0.1,-0.2,-0.053954,0.096568
40.3,-0.13211,0.17568,-0.1,-0.2,-0.04567,0.086568
40.4,-0.16696,0.15416,-0.1,-0.2,-0.042521,0.076568
40.5,-0.17142,0.13818,-0.1,-0.2,-0.03879,0.066568
40.6,-0.16905,0.12293,-0.1,-0.2,-0.036744,0.056568
40.7,-0.16367,0.10537,-0.1,-0.2,-0.034161,0.046568
40.8,-0.16084,0.087048,-0.1,-0.2,-0.031102,0.036568
40.9,-0.15779,0.069338,-0.1,-0.2,-0.028169,0.026568
41,-0.1551,0.052283,-0.1,-0.2,-0.02509,0.016568
41.1,-0.14974,0.033758,-0.1,-0.2,-0.022761,0.006568
41.2,-0.14389,0.017118,-0.1,-0.2,-0.0204,-0.003432
41.3,-0.14223,-0.001768,-0.1,-0.2,-0.017021,-0.013432
41.4,-0.13908,-0.021197,-0.1,-0.2,-0.014513,-0.023432
41.5,-0.13576,-0.038945,-0.1,-0.2,-0.011354,-0.033432
41.6,-0.13095,-0.055863,-0.1,-0.2,-0.009196,-0.043432
41.7,-0.12659,-0.072733,-0.1,-0.2,-0.006354,-0.053432
41.8,-0.12404,-0.090105,-0.1,-0.2,-0.003603,-0.063432
41.9,-0.12067,-0.10767,-0.1,-0.2,-0.000854,-0.073432
42,-0.11689,-0.12638,-0.1,-0.2,0.001927,-0.083432
42.1,-0.11254,-0.14397,-0.1,-0.2,0.004553,-0.093432
42.2,-0.10725,-0.16085,-0.1,-0.2,0.006237,-0.10167
42.3,-0.1047,-0.17979,-0.1,-0.2,0.006476,-0.10145
42.4,-0.10142,-0.19464,-0.1,-0.2,0.005554,-0.1011
42.5,-0.10052,-0.19992,-0.1,-0.2,0.00597,-0.10041
42.6,-0.10115,-0.20178,-0.1,-0.2,0.005819,-0.10014
42.7,-0.099756,-0.20083,-0.1,-0.2,0.005696,-0.10008
42.8,-0.09874,-0.20009,-0.1,-0.2,0.005459,-0.10008
42.9,-0.098686,-0.20033,-0.1,-0.2,0.005373,-0.099829
43,-0.099678,-0.19969,-0.1,-0.2,0.00555,-0.10022
43.1,-0.10021,-0.20011,-0.1,-0.2,0.005583,-0.099959
43.2,-0.099013,-0.19947,-0.1,-0.2,0.005194,-0.10028
43.3,-0.09999,-0.20011,-0.1,-0.2,0.005648,-0.099948
43.4,-0.10055,-0.20051,-0.1,-0.2,0.005412,-0.10003
43.5,-0.098076,-0.19978,-0.1,-0.2,0.004893,-0.099898
43.6,-0.1002,-0.20047,-0.1,-0.2,0.00561,-0.099764
43.7,-0.10135,-0.1998,-0.1,-0.2,0.005518,-0.10027
43.8,-0.1004,-0.2001,-0.1,-0.2,0.005533,-0.099815
43.9,-0.10058,-0.2003,-0.1,-0.2,0.005573,-0.099976
44,-0.10022,-0.19975,-0.1,-0.2,0.005561,-0.10005
44.1,-0.099658,-0.20022,-0.1,-0.2,0.005403,-0.09981
44.2,-0.09936,-0.19948,-0.1,-0.2,0.005399,-0.10018
44.3,-0.098916,-0.19888,-0.1,-0.2,0.005269,-0.10039
44.4,-0.099585,-0.19983,-0.1,-0.2,0.005404,-0.10019
44.5,-0.10029,-0.20056,-0.1,-0.2,0.005387,-0.10007
44.6,-0.099932,-0.20044,-0.1,-0.2,0.005291,-0.099964
44.7,-0.099741,-0.2003,-0.1,-0.2,0.005262,-0.099903
44.8,-0.10036,-0.20011,-0.1,-0.2,0.005444,-0.099979
44.9,-0.10039,-0.20003,-0.1,-0.2,0.005391,-0.099981
45,-0.10015,-0.2004,-0.1,-0.2,0.005385,-0.099762
45.1,-0.09999,-0.20057,0.1,-0.2,0.015385,-0.089762
45.2,-0.098857,-0.19958,0.1,-0.2,0.025385,-0.088705
45.3,-0.067087,-0.17774,0.1,-0.2,0.035385,-0.098705
45.4,-0.026588,-0.16339,0.1,-0.2,0.045385,-0.1087
45.5,0.012342,-0.16591,0.1,-0.2,0.055158,-0.11871
45.6,0.051937,-0.17555,0.1,-0.2,0.051947,-0.12237
45.7,0.091385,-0.18488,0.1,-0.2,0.050265,-0.12176
45.8,0.10002,-0.19775,0.1,-0.2,0.050064,-0.12056
45.9,0.10176,-0.20114,0.1,-0.2,0.049789,-0.12044
46,0.10466,-0.20003,0.1,-0.2,0.049177,-0.12043
46.1,0.10379,-0.20115,0.1,-0.2,0.049175,-0.11971
46.2,0.10376,-0.19956,0.1,-0.2,0.04842,-0.12034
46.3,0.10265,-0.19938,0.1,-0.2,0.048799,-0.12004
46.4,0.099961,-0.20046,0.1,-0.2,0.048867,-0.12011
46.5,0.099814,-0.20005,0.1,-0.2,0.048869,-0.12012
46.6,0.099595,-0.2001,0.1,-0.2,0.048947,-0.12009
46.7,0.099731,-0.20092,0.1,-0.2,0.048816,-0.11966
46.8,0.10052,-0.19977,0.1,-0.2,0.048685,-0.12008
46.9,0.10042,-0.20006,0.1,-0.2,0.048785,-0.11975
47,0.10011,-0.19981,0.1,-0.2,0.048724,-0.12008
47.1,0.099868,-0.19999,0.1,-0.2,0.048869,-0.11987
47.2,0.10131,-0.19981,0.1,-0.2,0.048283,-0.11997
47.3,0.10019,-0.19935,0.1,-0.2,0.04893,-0.12018
47.4,0.098725,-0.19994,0.1,-0.2,0.048921,-0.12024
47.5,0.098945,-0.19985,0.1,-0.2,0.049078,-0.12028
47.6,0.09917,-0.20042,0.1,-0.2,0.049023,-0.12006
47.7,0.099546,-0.20034,0.1,-0.2,0.049028,-0.12007
47.8,0.099863,-0.2003,0.1,-0.2,0.048986,-0.11996
47.9,0.099175,-0.20018,0.1,-0.2,0.049273,-0.12005
48,0.099233,-0.2004,0.1,-0.2,0.04917,-0.1199
48.1,0.10093,-0.20017,0.1,-0.2,0.048785,-0.1198
48.2,0.10398,-0.19841,0.1,-0.2,0.048018,-0.12029
48.3,0.10099,-0.19924,0.1,-0.2,0.048998,-0.12018
48.4,0.097665,-0.20106,0.1,-0.2,0.049096,-0.12005
48.5,0.098378,-0.20064,0.1,-0.2,0.049135,-0.11997
48.6,0.099897,-0.20079,0.1,-0.2,0.048799,-0.11962
48.7,0.1011,-0.19987,0.1,-0.2,0.048639,-0.11984
48.8,0.10044,-0.2002,0.1,-0.2,0.048815,-0.1196
48.9,0.099375,-0.19926,0.1,-0.2,0.049038,-0.12028
49,0.099131,-0.19986,0.1,-0.2,0.049129,-0.11992
49.1,0.099824,-0.20002,0.1,-0.2,0.048905,-0.12006
49.2,0.10176,-0.19914,0.1,-0.2,0.048528,-0.12019
49.3,0.10001,-0.20029,0.1,-0.2,0.049064,-0.11989
49.4,0.098476,-0.20102,0.1,-0.2,0.049079,-0.11984
49.5,0.09893,-0.19988,0.1,-0.2,0.049217,-0.12009
49.6,0.099194,-0.19941,0.1,-0.2,0.04928,-0.12026
49.7,0.099741,-0.19981,0.1,-0.2,0.049184,-0.12015
49.8,0.1016,-0.20039,0.1,-0.2,0.04862,-0.1198
49.9,0.10217,-0.19883,0.1,-0.2,0.048664,-0.12046
