0,-0.78566,-0.83659,-0.1,0.2,0.01,0.009917,-50
0.1,-0.010359,-0.18549,-0.1,0.2,1.1e-05,-8.3e-05,-50
0.2,0.19124,-0.014701,-0.1,0.2,-0.009988,0.009913,-50
0.3,0.14109,-0.006955,-0.1,0.2,-0.019988,0.019913,-50
0.4,0.054437,-0.000532,-0.1,0.2,-0.019228,0.029913,-50
0.5,-0.02441,0.009353,-0.1,0.2,-0.016133,0.039911,-50
0.6,-0.060347,0.02862,-0.1,0.2,-0.018493,0.049911,-50
0.7,-0.068225,0.050374,-0.1,0.2,-0.019725,0.059911,-50
0.8,-0.071976,0.069787,-0.1,0.2,-0.024237,0.069911,-50
0.9,-0.073123,0.089455,-0.1,0.2,-0.025701,0.079911,-50
1,-0.080874,0.10475,-0.1,0.2,-0.027975,0.089908,-50
1.1,-0.082364,0.12432,-0.1,0.2,-0.03197,0.099908,-50
1.2,-0.085314,0.14282,-0.1,0.2,-0.033361,0.10991,-50
1.3,-0.090076,0.16065,-0.1,0.2,-0.037365,0.11798,-50
1.4,-0.091263,0.1782,-0.1,0.2,-0.036478,0.11948,-50
1.5,-0.099433,0.19258,-0.1,0.2,-0.035006,0.1178,-50
1.6,-0.099976,0.20026,-0.1,0.2,-0.036078,0.11735,-50
1.7,-0.098232,0.20017,-0.1,0.2,-0.035721,0.11833,-50
1.8,-0.10223,0.19903,-0.1,0.2,-0.034263,0.1174,-50
1.9,-0.10084,0.20116,-0.1,0.2,-0.036093,0.11706,-50
2,-0.097939,0.19981,-0.1,0.2,-0.035245,0.11866,-50
2.1,-0.099893,0.19904,-0.1,0.2,-0.036421,0.11744,-50
2.2,-0.10015,0.20136,-0.1,0.2,-0.033966,0.11739,-50
2.3,-0.10326,0.1996,-0.1,0.2,-0.035433,0.11721,-50
2.4,-0.096962,0.19981,-0.1,0.2,-0.036667,0.11881,-50
2.5,-0.098784,0.19913,-0.1,0.2,-0.03523,0.11788,-50
2.6,-0.10245,0.20005,-0.1,0.2,-0.034821,0.11767,-50
2.7,-0.098921,0.20055,-0.1,0.2,-0.036988,0.11799,-50
2.8,-0.097705,0.2,-0.1,0.2,-0.035133,0.1183,-50
2.9,-0.10365,0.19936,-0.1,0.2,-0.034419,0.11711,-50
3,-0.10113,0.20086,-0.1,0.2,-0.035337,0.11758,-50
3.1,-0.096977,0.2017,-0.1,0.2,-0.036629,0.11684,-50
3.2,-0.097861,0.20019,-0.1,0.2,-0.035347,0.1181,-50
3.3,-0.1027,0.1984,-0.1,0.2,-0.034994,0.11716,-50
3.4,-0.10048,0.20109,-0.1,0.2,-0.035548,0.11701,-50
3.5,-0.099668,0.19899,-0.1,0.2,-0.035295,0.11848,-50
3.6,-0.1011,0.19783,-0.1,0.2,-0.035216,0.11823,-50
3.7,-0.097563,0.20209,-0.1,0.2,-0.037123,0.1169,-50
3.8,-0.097748,0.2012,-0.1,0.2,-0.034947,0.11819,-50
3.9,-0.10473,0.19748,-0.1,0.2,-0.034503,0.11764,-50
4,-0.10068,0.20092,-0.1,0.2,-0.035714,0.11723,-50
4.1,-0.097641,0.20086,-0.1,0.2,-0.035805,0.11791,-50
4.2,-0.099043,0.19925,-0.1,0.2,-0.035988,0.11798,-50
4.3,-0.10006,0.19927,-0.1,0.2,-0.035429,0.11823,-50
4.4,-0.10048,0.20088,-0.1,0.2,-0.035802,0.11689,-50
4.5,-0.10145,0.2009,-0.1,0.2,-0.033884,0.11747,-50
4.6,-0.10146,0.19906,-0.1,0.2,-0.036595,0.11767,-50
4.7,-0.096288,0.20037,-0.1,0.2,-0.035737,0.11823,-50
4.8,-0.10115,0.19942,-0.1,0.2,-0.035134,0.11734,-50
4.9,-0.10076,0.20056,-0.1,0.2,-0.035513,0.11755,-50
5,-0.10013,0.2,-0.1,0.2,-0.035156,0.11758,-50
5.1,-0.09832,0.19943,-0.1,0.2,-0.037165,0.1184,-50
5.2,-0.098374,0.2007,-0.1,0.2,-0.034735,0.11707,-50
5.3,-0.1026,0.20077,-0.1,0.2,-0.035581,0.11691,-50
5.4,-0.099946,0.20062,-0.1,0.2,-0.035144,0.11724,-50
5.5,-0.10057,0.19839,-0.1,0.2,-0.035666,0.1182,-50
5.6,-0.098676,0.19956,-0.1,0.2,-0.036246,0.11765,-50
5.7,-0.099761,0.20021,-0.1,0.2,-0.034941,0.11786,-50
5.8,-0.10082,0.19921,-0.1,0.2,-0.036377,0.11799,-50
5.9,-0.099248,0.20003,-0.1,0.2,-0.035013,0.1181,-50
6,-0.10054,0.20002,-0.1,0.2,-0.036436,0.11759,-50
6.1,-0.09706,0.20259,-0.1,0.2,-0.03634,0.11687,-50
6.2,-0.10198,0.20024,-0.1,0.2,-0.033984,0.11716,-50
6.3,-0.10261,0.19971,-0.1,0.2,-0.036438,0.11671,-50
6.4,-0.097328,0.20094,-0.1,0.2,-0.035468,0.11759,-50
6.5,-0.099048,0.1994,-0.1,0.2,-0.037207,0.11718,-50
6.6,-0.095306,0.20231,-0.1,0.2,-0.037591,0.11672,-50
6.7,-0.097778,0.20134,-0.1,0.2,-0.037221,0.1166,-50
6.8,-0.10047,0.20023,-0.1,0.2,-0.036808,0.11646,-50
6.9,-0.10091,0.19894,-0.1,0.2,-0.037026,0.11737,-50
7,-0.09851,0.20122,-0.1,0.2,-0.038135,0.11566,-50
7.1,-0.098144,0.2013,-0.1,0.2,-0.037002,0.11697,-50
7.2,-0.10244,0.19808,-0.1,0.2,-0.036846,0.11664,-50
7.3,-0.1019,0.19958,-0.1,0.2,-0.036191,0.11672,-50
7.4,-0.099849,0.20033,-0.1,0.2,-0.037834,0.11645,-50
7.5,-0.098159,0.20055,-0.1,0.2,-0.036624,0.11693,-50
7.6,-0.10089,0.19873,-0.1,0.2,-0.037486,0.11706,-50
7.7,-0.1005,0.20075,-0.1,0.2,-0.035893,0.1161,-50
7.8,-0.10074,0.20047,-0.1,0.2,-0.037805,0.11668,-50
7.9,-0.097123,0.19991,-0.1,0.2,-0.037644,0.11732,-50
8,-0.10091,0.19958,-0.1,0.2,-0.036446,0.11638,-50
8.1,-0.1022,0.19959,-0.1,0.2,-0.036648,0.11705,-50
8.2,-0.10021,0.1998,-0.1,0.2,-0.037012,0.1167,-50
8.3,-0.10024,0.19963,-0.1,0.2,-0.036264,0.1173,-50
8.4,-0.099263,0.2002,-0.1,0.2,-0.038139,0.11655,-50
8.5,-0.097187,0.20176,-0.1,0.2,-0.036909,0.11667,-50
8.6,-0.10157,0.19988,-0.1,0.2,-0.036824,0.1162,-50
8.7,-0.1015,0.19956,-0.1,0.2,-0.036226,0.11688,-50
8.8,-0.099409,0.19908,-0.1,0.2,-0.03832,0.11712,-50
8.9,-0.097797,0.20061,-0.1,0.2,-0.036438,0.11668,-50
9,-0.10216,0.19978,-0.1,0.2,-0.036808,0.11641,-50
9.1,-0.10051,0.20037,-0.1,0.2,-0.0364,0.11654,-50
9.2,-0.098945,0.19987,-0.1,0.2,-0.038086,0.11686,-50
9.3,-0.09894,0.20018,-0.1,0.2,-0.035913,0.11652,-50
9.4,-0.10178,0.19964,-0.1,0.2,-0.037552,0.11649,-50
9.5,-0.099277,0.20148,-0.1,0.2,-0.036003,0.11583,-50
9.6,-0.10126,0.19958,-0.1,0.2,-0.037157,0.11663,-50
9.7,-0.099111,0.19939,-0.1,0.2,-0.036742,0.11675,-50
9.8,-0.099853,0.19903,-0.1,0.2,-0.037307,0.11715,-50
9.9,-0.10091,0.19971,-0.1,0.2,-0.035722,0.11659,-50
10,-0.10003,0.20111,-0.1,-0.2,-0.045722,0.10683,-50
10.1,-0.097621,0.20137,-0.1,-0.2,-0.05204,0.09684,-50
10.2,-0.12784,0.17902,-0.1,-0.2,-0.045846,0.08684,-50
10.3,-0.16443,0.15391,-0.1,-0.2,-0.0409,0.07684,-50
10.4,-0.17213,0.13901,-0.1,-0.2,-0.037866,0.06684,-50
10.5,-0.16818,0.12159,-0.1,-0.2,-0.035309,0.05684,-50
10.6,-0.16439,0.10508,-0.1,-0.2,-0.032151,0.04684,-50
10.7,-0.16086,0.087233,-0.1,-0.2,-0.029825,0.03684,-50
10.8,-0.15418,0.071179,-0.1,-0.2,-0.028678,0.02684,-50
10.9,-0.15286,0.051868,-0.1,-0.2,-0.022982,0.01684,-50
11,-0.15218,0.033011,-0.1,-0.2,-0.022866,0.006841,-50
11.1,-0.144,0.01704,-0.1,-0.2,-0.018357,-0.003159,-50
11.2,-0.14314,-0.003043,-0.1,-0.2,-0.01722,-0.013159,-50
11.3,-0.13774,-0.019394,-0.1,-0.2,-0.013056,-0.023159,-50
11.4,-0.13634,-0.039101,-0.1,-0.2,-0.011338,-0.033159,-50
11.5,-0.1308,-0.055893,-0.1,-0.2,-0.007947,-0.043159,-50
11.6,-0.12871,-0.073861,-0.1,-0.2,-0.005513,-0.053159,-50
11.7,-0.12372,-0.089592,-0.1,-0.2,-0.003248,-0.063159,-50
11.8,-0.12062,-0.10787,-0.1,-0.2,0.000103,-0.073151,-50
11.9,-0.11891,-0.12723,-0.1,-0.2,0.003222,-0.083151,-50
12,-0.11234,-0.14238,-0.1,-0.2,0.003863,-0.093151,-50
12.1,-0.10667,-0.16017,-0.1,-0.2,0.007182,-0.10093,-50
12.2,-0.10861,-0.18156,-0.1,-0.2,0.007773,-0.10014,-50
12.3,-0.10342,-0.19596,-0.1,-0.2,0.005689,-0.099621,-50
12.4,-0.097118,-0.1985,-0.1,-0.2,0.005229,-0.099165,-50
12.5,-0.099897,-0.19964,-0.1,-0.2,0.006597,-0.099929,-50
12.6,-0.10225,-0.19947,-0.1,-0.2,0.006521,-0.10021,-50
12.7,-0.098979,-0.1997,-0.1,-0.2,0.005149,-0.099492,-50
12.8,-0.099565,-0.20114,-0.1,-0.2,0.0069,-0.099078,-50
12.9,-0.10112,-0.20119,-0.1,-0.2,0.005102,-0.099304,-50
13,-0.097284,-0.19841,-0.1,-0.2,0.00567,-0.099692,-50
13.1,-0.10168,-0.20129,-0.1,-0.2,0.006809,-0.098652,-50
13.2,-0.10145,-0.19978,-0.1,-0.2,0.005581,-0.10044,-50
13.3,-0.098364,-0.19782,-0.1,-0.2,0.00636,-0.099701,-50
13.4,-0.10228,-0.20186,-0.1,-0.2,0.006947,-0.099208,-50
13.5,-0.10183,-0.20008,-0.1,-0.2,0.006814,-0.1003,-50
13.6,-0.099062,-0.19946,-0.1,-0.2,0.00602,-0.099203,-50
13.7,-0.098716,-0.20046,-0.1,-0.2,0.006179,-0.099535,-50
13.8,-0.099429,-0.1998,-0.1,-0.2,0.00602,-0.099538,-50
13.9,-0.098315,-0.19915,-0.1,-0.2,0.005179,-0.099839,-50
14,-0.10009,-0.19933,-0.1,-0.2,0.00715,-0.10003,-50
14.1,-0.10208,-0.20146,-0.1,-0.2,0.005411,-0.099009,-50
14.2,-0.098921,-0.20049,-0.1,-0.2,0.006318,-0.099221,-50
14.3,-0.10243,-0.20131,-0.1,-0.2,0.007137,-0.098872,-50
14.4,-0.099556,-0.19843,-0.1,-0.2,0.004994,-0.10053,-50
14.5,-0.097387,-0.19935,-0.1,-0.2,0.006655,-0.098217,-50
14.6,-0.10188,-0.20218,-0.1,-0.2,0.005607,-0.099548,-50
14.7,-0.097573,-0.19808,-0.1,-0.2,0.005364,-0.099392,-50
14.8,-0.10146,-0.20009,-0.1,-0.2,0.007491,-0.099643,-50
14.9,-0.10232,-0.20109,-0.1,-0.2,0.005374,-0.098939,-50
15,-0.096952,-0.19825,0.1,-0.2,0.015353,-0.088939,-50
15.1,-0.10136,-0.19988,0.1,-0.2,0.025353,-0.085669,-50
15.2,-0.069499,-0.17729,0.1,-0.2,0.035339,-0.095638,-50
15.3,-0.028225,-0.159,0.1,-0.2,0.045319,-0.10564,-50
15.4,0.011277,-0.161,0.1,-0.2,0.054829,-0.11564,-50
15.5,0.051917,-0.17123,0.1,-0.2,0.05107,-0.12027,-50
15.6,0.089314,-0.17937,0.1,-0.2,0.051352,-0.12232,-50
15.7,0.096625,-0.19456,0.1,-0.2,0.049953,-0.11978,-50
15.8,0.099556,-0.20026,0.1,-0.2,0.05041,-0.12053,-50
15.9,0.10046,-0.2016,0.1,-0.2,0.049188,-0.11847,-50
16,0.10074,-0.20147,0.1,-0.2,0.050099,-0.11948,-50
16.1,0.099819,-0.19888,0.1,-0.2,0.049577,-0.12001,-50
16.2,0.10149,-0.1988,0.1,-0.2,0.049305,-0.11975,-50
16.3,0.099785,-0.20093,0.1,-0.2,0.050083,-0.11915,-50
16.4,0.098086,-0.20051,0.1,-0.2,0.050223,-0.12007,-50
16.5,0.099849,-0.19918,0.1,-0.2,0.049873,-0.11976,-50
16.6,0.10057,-0.20011,0.1,-0.2,0.049772,-0.11959,-50
16.7,0.10024,-0.20122,0.1,-0.2,0.049725,-0.11877,-50
16.8,0.10021,-0.20022,0.1,-0.2,0.049592,-0.11969,-50
16.9,0.10093,-0.19887,0.1,-0.2,0.049489,-0.11955,-50
17,0.101,-0.19868,0.1,-0.2,0.049193,-0.12039,-50
17.1,0.10016,-0.19962,0.1,-0.2,0.049948,-0.11958,-50
17.2,0.097973,-0.20203,0.1,-0.2,0.049975,-0.11918,-50
17.3,0.099287,-0.20026,0.1,-0.2,0.049897,-0.11977,-50
17.4,0.10015,-0.19927,0.1,-0.2,0.049938,-0.11974,-50
17.5,0.09981,-0.19984,0.1,-0.2,0.050044,-0.11981,-50
17.6,0.10005,-0.20024,0.1,-0.2,0.049752,-0.11947,-50
17.7,0.099673,-0.20027,0.1,-0.2,0.050387,-0.11969,-50
17.8,0.099917,-0.20046,0.1,-0.2,0.04939,-0.11919,-50
17.9,0.10077,-0.19934,0.1,-0.2,0.050293,-0.12006,-50
18,0.10146,-0.19751,0.1,-0.2,0.048464,-0.12098,-50
18.1,0.1016,-0.20017,0.1,-0.2,0.050403,-0.11887,-50
18.2,0.096474,-0.20271,0.1,-0.2,0.049947,-0.12004,-50
18.3,0.10044,-0.19833,0.1,-0.2,0.049849,-0.1203,-50
18.4,0.10103,-0.20046,0.1,-0.2,0.049204,-0.11905,-50
18.5,0.10039,-0.2005,0.1,-0.2,0.049902,-0.11998,-50
18.6,0.10008,-0.19938,0.1,-0.2,0.049212,-0.11979,-50
18.7,0.098291,-0.20115,0.1,-0.2,0.051412,-0.11919,-50
18.8,0.098984,-0.20053,0.1,-0.2,0.048017,-0.11974,-50
18.9,0.10311,-0.19841,0.1,-0.2,0.050935,-0.11956,-50
19,0.096957,-0.20153,0.1,-0.2,0.04945,-0.11945,-50
19.1,0.10184,-0.19946,0.1,-0.2,0.049388,-0.11933,-50
19.2,0.098188,-0.20032,0.1,-0.2,0.051418,-0.11973,-50
19.3,0.098662,-0.19987,0.1,-0.2,0.048763,-0.11966,-50
19.4,0.10261,-0.19907,0.1,-0.2,0.050507,-0.1195,-50
19.5,0.099043,-0.20095,0.1,-0.2,0.049252,-0.11945,-50
19.6,0.10156,-0.19961,0.1,-0.2,0.049721,-0.1194,-50
19.7,0.098999,-0.20135,0.1,-0.2,0.050087,-0.11873,-50
19.8,0.10025,-0.19975,0.1,-0.2,0.048997,-0.11979,-50
19.9,0.10212,-0.19856,0.1,-0.2,0.04945,-0.11927,-50
20,0.098471,-0.2002,0.1,-0.2,0.050401,-0.11997,-50
20.1,0.098418,-0.20032,0.1,-0.2,0.049835,-0.11931,-50
20.2,0.10083,-0.1998,0.1,-0.2,0.049444,-0.11976,-50
20.3,0.1013,-0.19764,0.1,-0.2,0.049679,-0.12102,-50
20.4,0.099219,-0.19994,0.1,-0.2,0.050445,-0.11959,-50
20.5,0.098691,-0.20199,0.1,-0.2,0.049475,-0.11963,-50
20.6,0.10109,-0.19987,0.1,-0.2,0.049858,-0.11965,-50
20.7,0.099429,-0.20042,0.1,-0.2,0.050032,-0.11958,-50
20.8,0.099248,-0.20039,0.1,-0.2,0.05015,-0.11955,-50
20.9,0.10021,-0.20052,0.1,-0.2,0.049517,-0.11911,-50
21,0.10204,-0.19846,0.1,-0.2,0.049082,-0.12046,-50
21.1,0.099995,-0.19958,0.1,-0.2,0.050623,-0.11928,-50
21.2,0.097089,-0.20068,0.1,-0.2,0.0502,-0.12065,-50
21.3,0.10129,-0.19922,0.1,-0.2,0.049335,-0.11934,-50
21.4,0.10108,-0.20159,0.1,-0.2,0.049664,-0.11897,-50
21.5,0.1006,-0.19988,0.1,-0.2,0.049085,-0.11988,-50
21.6,0.10008,-0.20042,0.1,-0.2,0.050219,-0.11855,-50
21.7,0.098413,-0.20012,0.1,-0.2,0.049507,-0.12042,-50
21.8,0.10187,-0.19858,0.1,-0.2,0.049192,-0.119,-50
21.9,0.098784,-0.20187,0.1,-0.2,0.050583,-0.11902,-50
22,0.099966,-0.19926,0.1,-0.2,0.04834,-0.12009,-50
22.1,0.10208,-0.19934,0.1,-0.2,0.050361,-0.11862,-50
22.2,0.096171,-0.20061,0.1,-0.2,0.050552,-0.12086,-50
22.3,0.1005,-0.19871,0.1,-0.2,0.049331,-0.11921,-50
22.4,0.10183,-0.20144,0.1,-0.2,0.049263,-0.11887,-50
22.5,0.099219,-0.20032,0.1,-0.2,0.050573,-0.11973,-50
22.6,0.10007,-0.19781,0.1,-0.2,0.048762,-0.12079,-50
22.7,0.10153,-0.19949,0.1,-0.2,0.050451,-0.11904,-50
22.8,0.098545,-0.20091,0.1,-0.2,0.048974,-0.12067,-50
22.9,0.10056,-0.1996,0.1,-0.2,0.050782,-0.11907,-50
23,0.098466,-0.20014,0.1,-0.2,0.049042,-0.12114,-50
23.1,0.10162,-0.19996,0.1,-0.2,0.050373,-0.11832,-50
23.2,0.097851,-0.20316,0.1,-0.2,0.049551,-0.1194,-50
23.3,0.10168,-0.19805,0.1,-0.2,0.04952,-0.11994,-50
23.4,0.099477,-0.19845,0.1,-0.2,0.050713,-0.12056,-50
23.5,0.098842,-0.20071,0.1,-0.2,0.049554,-0.11929,-50
23.6,0.10119,-0.20169,0.1,-0.2,0.049552,-0.11876,-50
23.7,0.10082,-0.19912,0.1,-0.2,0.049424,-0.12043,-50
23.8,0.10024,-0.1999,0.1,-0.2,0.049985,-0.11864,-50
23.9,0.097875,-0.20281,0.1,-0.2,0.050124,-0.11865,-50
24,0.10077,-0.19813,0.1,-0.2,0.049102,-0.12046,-50
24.1,0.10255,-0.19743,0.1,-0.2,0.049474,-0.11972,-50
24.2,0.09998,-0.20049,0.1,-0.2,0.049289,-0.1198,-50
24.3,0.098188,-0.20078,0.1,-0.2,0.050938,-0.11957,-50
24.4,0.097836,-0.20055,0.1,-0.2,0.049513,-0.12,-50
24.5,0.10118,-0.19954,0.1,-0.2,0.050273,-0.11937,-50
24.6,0.10016,-0.20003,0.1,-0.2,0.049207,-0.12009,-50
24.7,0.10082,-0.19943,0.1,-0.2,0.050462,-0.11954,-50
24.8,0.10009,-0.20129,0.1,-0.2,0.048392,-0.1191,-50
24.9,0.10145,-0.19931,0.1,-0.2,0.050667,-0.12002,-50
25,0.098613,-0.19976,0.1,0.2,0.060665,-0.11002,-50
25.1,0.10137,-0.20006,0.1,0.2,0.065251,-0.10003,-50
25.2,0.13475,-0.17586,0.1,0.2,0.058032,-0.090026,-50
25.3,0.16884,-0.15423,0.1,0.2,0.0536,-0.080026,-50
25.4,0.17132,-0.14013,0.1,0.2,0.051722,-0.070026,-50
25.5,0.1677,-0.12356,0.1,0.2,0.047646,-0.060026,-50
25.6,0.1669,-0.10362,0.1,0.2,0.044735,-0.050026,-50
25.7,0.16032,-0.087468,0.1,0.2,0.043158,-0.040026,-50
25.8,0.15568,-0.069582,0.1,0.2,0.039401,-0.030026,-50
25.9,0.15267,-0.051673,0.1,0.2,0.038363,-0.020026,-50
26,0.14976,-0.033031,0.1,0.2,0.032636,-0.010026,-50
26.1,0.14921,-0.014701,0.1,0.2,0.032196,-2.6e-05,-50
26.2,0.13767,-0.00063,0.1,0.2,0.030539,0.009974,-50
26.3,0.13789,0.020474,0.1,0.2,0.025413,0.019974,-50
26.4,0.13811,0.039375,0.1,0.2,0.023949,0.029974,-50
26.5,0.1311,0.056474,0.1,0.2,0.020378,0.039974,-50
26.6,0.12723,0.074847,0.1,0.2,0.019311,0.049974,-50
26.7,0.12202,0.090252,0.1,0.2,0.015681,0.059974,-50
26.8,0.12249,0.10859,0.1,0.2,0.012568,0.069966,-50
26.9,0.1174,0.1256,0.1,0.2,0.010898,0.079966,-50
27,0.11364,0.1445,0.1,0.2,0.006372,0.089966,-50
27.1,0.11083,0.16222,0.1,0.2,0.006311,0.097944,-50
27.2,0.10242,0.17789,0.1,0.2,0.006244,0.098296,-50
27.3,0.10353,0.19686,0.1,0.2,0.005587,0.095804,-50
27.4,0.10174,0.20217,0.1,0.2,0.00745,0.095851,-50
27.5,0.096952,0.19896,0.1,0.2,0.007279,0.096107,-50
27.6,0.099839,0.19893,0.1,0.2,0.006572,0.096904,-50
27.7,0.1011,0.20101,0.1,0.2,0.006797,0.095324,-50
27.8,0.098764,0.19921,0.1,0.2,0.00796,0.097362,-50
27.9,0.099048,0.19892,0.1,0.2,0.006023,0.09583,-50
28,0.10464,0.20204,0.1,0.2,0.005665,0.096838,-50
28.1,0.099209,0.1992,0.1,0.2,0.007839,0.096232,-50
28.2,0.097597,0.20046,0.1,0.2,0.006282,0.095689,-50
28.3,0.1002,0.19986,0.1,0.2,0.007749,0.09705,-50
28.4,0.09918,0.19973,0.1,0.2,0.005915,0.095452,-50
28.5,0.10373,0.20321,0.1,0.2,0.006266,0.09551,-50
28.6,0.098042,0.19836,0.1,0.2,0.007995,0.096624,-50
28.7,0.098764,0.19918,0.1,0.2,0.005314,0.095702,-50
28.8,0.1012,0.20027,0.1,0.2,0.008516,0.096801,-50
28.9,0.097446,0.1984,0.1,0.2,0.005433,0.096111,-50
29,0.10272,0.202,0.1,0.2,0.007822,0.095948,-50
29.1,0.097919,0.19846,0.1,0.2,0.006305,0.096849,-50
29.2,0.10296,0.20074,0.1,0.2,0.005564,0.096138,-50
29.3,0.099907,0.20061,0.1,0.2,0.007888,0.096186,-50
29.4,0.096361,0.19906,0.1,0.2,0.007014,0.095978,-50
29.5,0.10097,0.1997,0.1,0.2,0.006491,0.097027,-50
29.6,0.10121,0.19926,0.1,0.2,0.006355,0.096701,-50
29.7,0.10072,0.20106,0.1,0.2,0.006643,0.095979,-50
29.8,0.099302,0.20012,0.1,0.2,0.00707,0.096595,-50
29.9,0.099155,0.19887,0.1,0.2,0.006567,0.096802,-50
30,0.101,0.20074,0.1,0.2,0.006418,0.096088,-50
30.1,0.099971,0.20019,-0.1,0.2,-0.003568,0.086088,-50
30.2,0.099507,0.19978,-0.1,0.2,-0.013568,0.084625,-50
30.3,0.066457,0.17683,-0.1,0.2,-0.023552,0.094597,-50
30.4,0.025578,0.16161,-0.1,0.2,-0.033552,0.1046,-50
30.5,-0.015111,0.16435,-0.1,0.2,-0.041493,0.1146,-50
30.6,-0.054188,0.17356,-0.1,0.2,-0.039723,0.11841,-50
30.7,-0.087673,0.1851,-0.1,0.2,-0.038273,0.11801,-50
30.8,-0.099043,0.19645,-0.1,0.2,-0.036733,0.11676,-50
30.9,-0.10084,0.20086,-0.1,0.2,-0.037526,0.11618,-50
31,-0.098818,0.20189,-0.1,0.2,-0.03723,0.11594,-50
31.1,-0.10069,0.19982,-0.1,0.2,-0.036875,0.11645,-50
31.2,-0.099888,0.19895,-0.1,0.2,-0.037978,0.11686,-50
31.3,-0.10099,0.1988,-0.1,0.2,-0.035629,0.11707,-50
31.4,-0.10328,0.19859,-0.1,0.2,-0.037166,0.11694,-50
31.5,-0.097807,0.2022,-0.1,0.2,-0.037215,0.11603,-50
31.6,-0.099111,0.20012,-0.1,0.2,-0.037098,0.1173,-50
31.7,-0.09958,0.20133,-0.1,0.2,-0.037459,0.1149,-50
31.8,-0.1001,0.20064,-0.1,0.2,-0.036208,0.11709,-50
31.9,-0.1023,0.19711,-0.1,0.2,-0.037234,0.11679,-50
32,-0.096107,0.20165,-0.1,0.2,-0.039002,0.11634,-50
32.1,-0.099311,0.20091,-0.1,0.2,-0.035302,0.1161,-50
32.2,-0.10557,0.19764,-0.1,0.2,-0.036748,0.11686,-50
32.3,-0.097983,0.19991,-0.1,0.2,-0.037972,0.11701,-50
32.4,-0.098847,0.20068,-0.1,0.2,-0.036283,0.11637,-50
32.5,-0.10063,0.20003,-0.1,0.2,-0.037914,0.11667,-50
32.6,-0.099355,0.20052,-0.1,0.2,-0.036152,0.11638,-50
32.7,-0.10212,0.19995,-0.1,0.2,-0.036918,0.11604,-50
32.8,-0.098037,0.20103,-0.1,0.2,-0.037788,0.11635,-50
32.9,-0.10075,0.19927,-0.1,0.2,-0.03547,0.11655,-50
33,-0.10095,0.19989,-0.1,0.2,-0.038692,0.11605,-50
33.1,-0.097275,0.20108,-0.1,0.2,-0.035848,0.11661,-50
33.2,-0.10304,0.19868,-0.1,0.2,-0.037362,0.1161,-50
33.3,-0.098252,0.20044,-0.1,0.2,-0.037196,0.11696,-50
33.4,-0.099702,0.19952,-0.1,0.2,-0.03741,0.1164,-50
33.5,-0.1006,0.19979,-0.1,0.2,-0.036393,0.11688,-50
33.6,-0.10114,0.20091,-0.1,0.2,-0.037193,0.11527,-50
33.7,-0.10065,0.20052,-0.1,0.2,-0.035462,0.11678,-50
33.8,-0.10026,0.19855,-0.1,0.2,-0.038837,0.11657,-50
33.9,-0.097309,0.1995,-0.1,0.2,-0.035654,0.11772,-50
34,-0.10221,0.19899,-0.1,0.2,-0.038363,0.11616,-50
34.1,-0.097392,0.2022,-0.1,0.2,-0.03621,0.11679,-50
34.2,-0.10358,0.19902,-0.1,0.2,-0.036182,0.11603,-50
34.3,-0.10027,0.19973,-0.1,0.2,-0.036945,0.11721,-50
34.4,-0.09831,0.19986,-0.1,0.2,-0.037441,0.11656,-50
34.5,-0.098994,0.20028,-0.1,0.2,-0.036752,0.117,-50
34.6,-0.10143,0.19959,-0.1,0.2,-0.036522,0.11643,-50
34.7,-0.1004,0.20137,-0.1,0.2,-0.036672,0.11583,-50
34.8,-0.099565,0.20015,-0.1,0.2,-0.036872,0.11682,-50
34.9,-0.099668,0.19882,-0.1,0.2,-0.037077,0.11689,-50
35,-0.097836,0.20018,-0.1,0.2,-0.038293,0.11687,-50
35.1,-0.099223,0.20102,-0.1,0.2,-0.036248,0.11612,-50
35.2,-0.103,0.1991,-0.1,0.2,-0.03678,0.11685,-50
35.3,-0.099463,0.20006,-0.1,0.2,-0.037443,0.11643,-50
35.4,-0.099419,0.20098,-0.1,0.2,-0.036482,0.11616,-50
35.5,-0.1013,0.19915,-0.1,0.2,-0.036857,0.1169,-50
35.6,-0.099834,0.19867,-0.1,0.2,-0.037107,0.11732,-50
35.7,-0.099863,0.20031,-0.1,0.2,-0.036713,0.11633,-50
35.8,-0.099297,0.20112,-0.1,0.2,-0.037488,0.11657,-50
35.9,-0.097993,0.20064,-0.1,0.2,-0.037748,0.11654,-50
36,-0.10061,0.20073,-0.1,0.2,-0.036177,0.11574,-50
36.1,-0.1025,0.1998,-0.1,0.2,-0.036702,0.11622,-50
36.2,-0.098847,0.19838,-0.1,0.2,-0.037928,0.11771,-50
36.3,-0.098505,0.1994,-0.1,0.2,-0.037139,0.11663,-50
36.4,-0.099683,0.20103,-0.1,0.2,-0.037701,0.1165,-50
36.5,-0.10178,0.2006,-0.1,0.2,-0.035305,0.116,-50
36.6,-0.10167,0.20074,-0.1,0.2,-0.038232,0.11577,-50
36.7,-0.0962,0.20135,-0.1,0.2,-0.037083,0.11642,-50
36.8,-0.10116,0.19883,-0.1,0.2,-0.037069,0.11613,-50
36.9,-0.1011,0.19918,-0.1,0.2,-0.036549,0.11674,-50
37,-0.099512,0.20073,-0.1,0.2,-0.038045,0.1155,-50
37.1,-0.099858,0.20017,-0.1,0.2,-0.035473,0.11693,-50
37.2,-0.10184,0.19832,-0.1,0.2,-0.038629,0.11636,-50
37.3,-0.097221,0.20155,-0.1,0.2,-0.036018,0.11634,-50
37.4,-0.10365,0.19901,-0.1,0.2,-0.036379,0.11598,-50
37.5,-0.099463,0.19917,-0.1,0.2,-0.037378,0.11747,-50
37.6,-0.097802,0.19981,-0.1,0.2,-0.037691,0.11645,-50
37.7,-0.098706,0.20102,-0.1,0.2,-0.037173,0.11663,-50
37.8,-0.1018,0.19914,-0.1,0.2,-0.03636,0.11679,-50
37.9,-0.10087,0.20019,-0.1,0.2,-0.03743,0.11621,-50
38,-0.096947,0.2017,-0.1,0.2,-0.038169,0.11637,-50
38.1,-0.099424,0.2002,-0.1,0.2,-0.036671,0.11627,-50
38.2,-0.10301,0.19851,-0.1,0.2,-0.036582,0.11672,-50
38.3,-0.10004,0.19989,-0.1,0.2,-0.03765,0.11638,-50
38.4,-0.10007,0.19981,-0.1,0.2,-0.035891,0.11694,-50
38.5,-0.10204,0.19903,-0.1,0.2,-0.037194,0.11645,-50
38.6,-0.097446,0.20025,-0.1,0.2,-0.037676,0.11753,-50
38.7,-0.098188,0.19898,-0.1,0.2,-0.037952,0.11749,-50
38.8,-0.10075,0.20057,-0.1,0.2,-0.036204,0.11643,-50
38.9,-0.10247,0.20103,-0.1,0.2,-0.03683,0.11611,-50
39,-0.099038,0.20122,-0.1,0.2,-0.037278,0.11629,-50
39.1,-0.098447,0.20083,-0.1,0.2,-0.037542,0.11597,-50
39.2,-0.099873,0.19915,-0.1,0.2,-0.036868,0.11708,-50
39.3,-0.10142,0.19846,-0.1,0.2,-0.037117,0.11663,-50
39.4,-0.10075,0.19971,-0.1,0.2,-0.036403,0.11698,-50
39.5,-0.099321,0.20022,-0.1,0.2,-0.038285,0.11654,-50
39.6,-0.099414,0.20136,-0.1,0.2,-0.035213,0.116,-50
39.7,-0.10267,0.2004,-0.1,0.2,-0.037652,0.11561,-50
39.8,-0.09769,0.20009,-0.1,0.2,-0.036627,0.11726,-50
39.9,-0.0998,0.1987,-0.1,0.2,-0.038156,0.11631,-50
40,-0.097065,0.20134,-0.1,0.2,-0.03764,0.11669,-50
40.1,-0.10322,0.1986,-0.1,-0.2,-0.047639,0.10669,-50
40.2,-0.10343,0.19897,-0.1,-0.2,-0.052173,0.09669,-50
40.3,-0.13568,0.1765,-0.1,-0.2,-0.045064,0.08669,-50
40.4,-0.16893,0.15416,-0.1,-0.2,-0.040658,0.07669,-50
40.5,-0.17169,0.13877,-0.1,-0.2,-0.038358,0.06669,-50
40.6,-0.16646,0.1232,-0.1,-0.2,-0.035944,0.05669,-50
40.7,-0.16481,0.10378,-0.1,-0.2,-0.03163,0.04669,-50
40.8,-0.16197,0.086774,-0.1,-0.2,-0.030393,0.03669,-50
40.9,-0.15604,0.070564,-0.1,-0.2,-0.0264,0.02669,-50
41,-0.15241,0.051995,-0.1,-0.2,-0.026055,0.01669,-50
41.1,-0.14731,0.034183,-0.1,-0.2,-0.02109,0.00669,-50
41.2,-0.14759,0.014515,-0.1,-0.2,-0.019947,-0.003309,-50
41.3,-0.14058,-0.001739,-0.1,-0.2,-0.016574,-0.013309,-50
41.4,-0.13961,-0.020689,-0.1,-0.2,-0.013689,-0.023309,-50
41.5,-0.1367,-0.038784,-0.1,-0.2,-0.010256,-0.033309,-50
41.6,-0.13196,-0.056176,-0.1,-0.2,-0.008774,-0.043309,-50
41.7,-0.12628,-0.072425,-0.1,-0.2,-0.005594,-0.053309,-50
41.8,-0.12365,-0.091927,-0.1,-0.2,-0.003634,-0.063309,-50
41.9,-0.11958,-0.10856,-0.1,-0.2,-0.000523,-0.073303,-50
42,-0.11682,-0.12712,-0.1,-0.2,0.0017,-0.083303,-50
42.1,-0.11416,-0.14504,-0.1,-0.2,0.005939,-0.093303,-50
42.2,-0.11286,-0.16219,-0.1,-0.2,0.00793,-0.10178,-50
42.3,-0.10602,-0.17962,-0.1,-0.2,0.007006,-0.1008,-50
42.4,-0.10069,-0.19491,-0.1,-0.2,0.005843,-0.10045,-50
42.5,-0.098276,-0.19915,-0.1,-0.2,0.005613,-0.099753,-50
42.6,-0.10127,-0.20125,-0.1,-0.2,0.007113,-0.099742,-50
42.7,-0.10176,-0.19955,-0.1,-0.2,0.005958,-0.10087,-50
42.8,-0.098969,-0.19997,-0.1,-0.2,0.006552,-0.099032,-50
42.9,-0.099311,-0.20115,-0.1,-0.2,0.004879,-0.099969,-50
43,-0.097788,-0.19835,-0.1,-0.2,0.006392,-0.10006,-50
43.1,-0.10285,-0.20166,-0.1,-0.2,0.006729,-0.099298,-50
43.2,-0.10126,-0.201,-0.1,-0.2,0.006133,-0.099583,-50
43.3,-0.098593,-0.19934,-0.1,-0.2,0.005769,-0.099549,-50
43.4,-0.099756,-0.19898,-0.1,-0.2,0.006671,-0.10038,-50
43.5,-0.099971,-0.19971,-0.1,-0.2,0.005475,-0.099651,-50
43.6,-0.098159,-0.20145,-0.1,-0.2,0.005451,-0.098509,-50
43.7,-0.09999,-0.19912,-0.1,-0.2,0.006049,-0.10101,-50
43.8,-0.10139,-0.19834,-0.1,-0.2,0.006932,-0.10004,-50
43.9,-0.10307,-0.20224,-0.1,-0.2,0.006954,-0.099371,-50
44,-0.098164,-0.20052,-0.1,-0.2,0.004447,-0.099338,-50
44.1,-0.097431,-0.19922,-0.1,-0.2,0.007161,-0.099698,-50
44.2,-0.10217,-0.20059,-0.1,-0.2,0.005414,-0.099704,-50
44.3,-0.098276,-0.19901,-0.1,-0.2,0.00613,-0.099714,-50
44.4,-0.10102,-0.2011,-0.1,-0.2,0.006179,-0.099097,-50
44.5,-0.10031,-0.19927,-0.1,-0.2,0.006063,-0.10054,-50
44.6,-0.099409,-0.19934,-0.1,-0.2,0.006018,-0.099265,-50
44.7,-0.10121,-0.20122,-0.1,-0.2,0.006748,-0.099729,-50
44.8,-0.10176,-0.19993,-0.1,-0.2,0.006869,-0.099971,-50
44.9,-0.098393,-0.19909,-0.1,-0.2,0.005018,-0.099881,-50
45,-0.09556,-0.19866,-0.1,-0.2,0.0049,-0.099831,-50
45.1,-0.102,-0.20192,0.1,-0.2,0.014877,-0.089831,-50
45.2,-0.10439,-0.20106,0.1,-0.2,0.024877,-0.087175,-50
45.3,-0.074042,-0.1798,0.1,-0.2,0.034877,-0.097175,-50
45.4,-0.031033,-0.16186,0.1,-0.2,0.044877,-0.10718,-50
45.5,0.008249,-0.16463,0.1,-0.2,0.054877,-0.11718,-50
45.6,0.047849,-0.17423,0.1,-0.2,0.052172,-0.12114,-50
45.7,0.087253,-0.18323,0.1,-0.2,0.050653,-0.1215,-50
45.8,0.097871,-0.19611,0.1,-0.2,0.050082,-0.11958,-50
45.9,0.10028,-0.2015,0.1,-0.2,0.049207,-0.11915,-50
46,0.10109,-0.19898,0.1,-0.2,0.049939,-0.12058,-50
46.1,0.099678,-0.19959,0.1,-0.2,0.049709,-0.11954,-50
46.2,0.10018,-0.20187,0.1,-0.2,0.049295,-0.11879,-50
46.3,0.099477,-0.20057,0.1,-0.2,0.05031,-0.11964,-50
46.4,0.10002,-0.19909,0.1,-0.2,0.048933,-0.11972,-50
46.5,0.099863,-0.20005,0.1,-0.2,0.051096,-0.11925,-50
46.6,0.098232,-0.19985,0.1,-0.2,0.048946,-0.1204,-50
46.7,0.10334,-0.19859,0.1,-0.2,0.04937,-0.11907,-50
46.8,0.098711,-0.20181,0.1,-0.2,0.050167,-0.11935,-50
46.9,0.098974,-0.2,0.1,-0.2,0.049536,-0.11966,-50
47,0.10297,-0.19871,0.1,-0.2,0.04804,-0.11952,-50
47.1,0.099292,-0.20036,0.1,-0.2,0.05186,-0.11962,-50
47.2,0.094579,-0.20183,0.1,-0.2,0.049789,-0.11954,-50
47.3,0.10317,-0.19887,0.1,-0.2,0.048919,-0.11927,-50
47.4,0.10228,-0.19876,0.1,-0.2,0.049481,-0.12012,-50
47.5,0.099985,-0.20026,0.1,-0.2,0.049383,-0.11908,-50
47.6,0.098911,-0.2004,0.1,-0.2,0.050113,-0.12008,-50
47.7,0.099971,-0.19859,0.1,-0.2,0.049108,-0.12031,-50
47.8,0.10029,-0.2005,0.1,-0.2,0.050278,-0.11912,-50
47.9,0.099155,-0.2011,0.1,-0.2,0.048893,-0.1199,-50
48,0.10259,-0.19858,0.1,-0.2,0.049111,-0.11968,-50
48.1,0.098882,-0.20064,0.1,-0.2,0.050258,-0.11965,-50
48.2,0.099028,-0.19902,0.1,-0.2,0.049083,-0.12087,-50
48.3,0.10125,-0.20013,0.1,-0.2,0.049734,-0.11872,-50
48.4,0.098921,-0.20122,0.1,-0.2,0.049391,-0.12041,-50
48.5,0.10076,-0.19831,0.1,-0.2,0.049652,-0.12006,-50
48.6,0.099468,-0.20108,0.1,-0.2,0.04957,-0.11934,-50
48.7,0.09916,-0.19997,0.1,-0.2,0.05013,-0.12048,-50
48.8,0.098628,-0.19959,0.1,-0.2,0.050414,-0.11996,-50
48.9,0.099902,-0.20059,0.1,-0.2,0.049405,-0.11977,-50
49,0.10219,-0.19962,0.1,-0.2,0.049233,-0.11979,-50
49.1,0.10066,-0.19998,0.1,-0.2,0.049644,-0.1198,-50
49.2,0.099956,-0.20029,0.1,-0.2,0.049203,-0.11967,-50
49.3,0.10032,-0.19951,0.1,-0.2,0.049654,-0.12014,-50
49.4,0.099766,-0.20015,0.1,-0.2,0.049297,-0.11956,-50
49.5,0.098906,-0.20049,0.1,-0.2,0.050458,-0.11996,-50
49.6,0.098017,-0.20044,0.1,-0.2,0.049998,-0.11978,-50
49.7,0.10102,-0.2005,0.1,-0.2,0.049194,-0.11909,-50
49.8,0.10059,-0.20067,0.1,-0.2,0.050099,-0.11927,-50
49.9,0.10028,-0.19987,0.1,-0.2,0.048786,-0.11948,-50
