0,-0.96413,-0.96416,-0.1,0.2,-0.001,0.01,-50
0.1,-0.019189,-0.17509,-0.1,0.2,-0.011,0,-50
0.2,0.15635,-0.021802,-0.1,0.2,-0.001,0.01,-50
0.3,0.091619,-0.018325,-0.1,0.2,0.009,0.02,-50
0.4,0.050623,0.002764,-0.1,0.2,0.000287,0.03,-50
0.5,0.04591,0.031194,-0.1,0.2,-0.005524,0.04,-50
0.6,0.023272,0.047277,-0.1,0.2,-0.007478,0.05,-50
0.7,-0.001226,0.060537,-0.1,0.2,-0.011088,0.058842,-50
0.8,-0.013104,0.078681,-0.1,0.2,-0.014648,0.06681,-50
0.9,-0.025568,0.094427,-0.1,0.2,-0.016764,0.074237,-50
1,-0.036371,0.10827,-0.1,0.2,-0.018817,0.080696,-50
1.1,-0.041973,0.12189,-0.1,0.2,-0.020587,0.086321,-50
1.2,-0.048654,0.13428,-0.1,0.2,-0.021756,0.091248,-50
1.3,-0.052508,0.14501,-0.1,0.2,-0.022971,0.095463,-50
1.4,-0.056,0.15437,-0.1,0.2,-0.02385,0.099018,-50
1.5,-0.058388,0.16228,-0.1,0.2,-0.024657,0.102,-50
1.6,-0.05918,0.17066,-0.1,0.2,-0.025324,0.10448,-50
1.7,-0.06106,0.17516,-0.1,0.2,-0.025815,0.10658,-50
1.8,-0.062852,0.17894,-0.1,0.2,-0.026402,0.10816,-50
1.9,-0.063741,0.18279,-0.1,0.2,-0.026962,0.10949,-50
2,-0.06505,0.18587,-0.1,0.2,-0.027418,0.11064,-50
2.1,-0.066281,0.18862,-0.1,0.2,-0.027905,0.11158,-50
2.2,-0.067526,0.19081,-0.1,0.2,-0.028371,0.11235,-50
2.3,-0.068752,0.19164,-0.1,0.2,-0.028827,0.11298,-50
2.4,-0.070076,0.19335,-0.1,0.2,-0.029268,0.11346,-50
2.5,-0.072615,0.194,-0.1,0.2,-0.029706,0.11392,-50
2.6,-0.073959,0.19529,-0.1,0.2,-0.030247,0.11427,-50
2.7,-0.076244,0.19559,-0.1,0.2,-0.030648,0.1146,-50
2.8,-0.077573,0.19606,-0.1,0.2,-0.031126,0.11484,-50
2.9,-0.079673,0.19576,-0.1,0.2,-0.031489,0.11508,-50
3,-0.08253,0.19629,-0.1,0.2,-0.031913,0.11527,-50
3.1,-0.082906,0.19664,-0.1,0.2,-0.032388,0.11549,-50
3.2,-0.084772,0.19665,-0.1,0.2,-0.032598,0.11568,-50
3.3,-0.087267,0.19703,-0.1,0.2,-0.032946,0.11585,-50
3.4,-0.089006,0.19787,-0.1,0.2,-0.033336,0.11603,-50
3.5,-0.089158,0.19628,-0.1,0.2,-0.033628,0.1162,-50
3.6,-0.091331,0.1986,-0.1,0.2,-0.033753,0.11627,-50
3.7,-0.093118,0.19762,-0.1,0.2,-0.034067,0.11651,-50
3.8,-0.093856,0.19687,-0.1,0.2,-0.034324,0.11656,-50
3.9,-0.095448,0.19719,-0.1,0.2,-0.034463,0.11665,-50
4,-0.096425,0.19797,-0.1,0.2,-0.034676,0.11682,-50
4.1,-0.097734,0.19823,-0.1,0.2,-0.034814,0.11698,-50
4.2,-0.099448,0.19794,-0.1,0.2,-0.034974,0.11709,-50
4.3,-0.10088,0.19825,-0.1,0.2,-0.035159,0.11717,-50
4.4,-0.10051,0.19801,-0.1,0.2,-0.035301,0.11728,-50
4.5,-0.10115,0.19908,-0.1,0.2,-0.035257,0.11736,-50
4.6,-0.10052,0.19845,-0.1,0.2,-0.035313,0.11749,-50
4.7,-0.10146,0.19814,-0.1,0.2,-0.035242,0.11752,-50
4.8,-0.1012,0.19915,-0.1,0.2,-0.035326,0.11759,-50
4.9,-0.10172,0.19916,-0.1,0.2,-0.035286,0.11771,-50
5,-0.10177,0.19892,-0.1,0.2,-0.035324,0.11775,-50
5.1,-0.10097,0.19895,-0.1,0.2,-0.035311,0.11779,-50
5.2,-0.10157,0.19913,-0.1,0.2,-0.035218,0.11784,-50
5.3,-0.10192,0.19874,-0.1,0.2,-0.035265,0.1179,-50
5.4,-0.1018,0.19904,-0.1,0.2,-0.035282,0.11793,-50
5.5,-0.10123,0.19899,-0.1,0.2,-0.035251,0.118,-50
5.6,-0.10086,0.20042,-0.1,0.2,-0.035179,0.11805,-50
5.7,-0.10103,0.19946,-0.1,0.2,-0.035132,0.11813,-50
5.8,-0.10177,0.2002,-0.1,0.2,-0.03514,0.11809,-50
5.9,-0.10109,0.20032,-0.1,0.2,-0.035199,0.11813,-50
6,-0.10081,0.20014,-0.1,0.2,-0.035117,0.11813,-50
6.1,-0.10168,0.19996,-0.1,0.2,-0.035079,0.11811,-50
6.2,-0.10158,0.19969,-0.1,0.2,-0.035154,0.1181,-50
6.3,-0.10065,0.20077,-0.1,0.2,-0.035128,0.11809,-50
6.4,-0.10098,0.19966,-0.1,0.2,-0.035024,0.11813,-50
6.5,-0.10212,0.20008,-0.1,0.2,-0.035049,0.11807,-50
6.6,-0.099795,0.2007,-0.1,0.2,-0.035148,0.11809,-50
6.7,-0.10002,0.20073,-0.1,0.2,-0.034905,0.11811,-50
6.8,-0.10059,0.20069,-0.1,0.2,-0.034929,0.11807,-50
6.9,-0.099756,0.19971,-0.1,0.2,-0.034983,0.11803,-50
7,-0.098969,0.20051,-0.1,0.2,-0.034897,0.11797,-50
7.1,-0.10067,0.19917,-0.1,0.2,-0.034825,0.11801,-50
7.2,-0.099473,0.20065,-0.1,0.2,-0.034997,0.11795,-50
7.3,-0.099365,0.20044,-0.1,0.2,-0.034876,0.11803,-50
7.4,-0.099844,0.20001,-0.1,0.2,-0.034872,0.11799,-50
7.5,-0.097827,0.20067,-0.1,0.2,-0.034923,0.11796,-50
7.6,-0.097685,0.20227,-0.1,0.2,-0.034733,0.11797,-50
7.7,-0.098882,0.20118,-0.1,0.2,-0.034742,0.11798,-50
7.8,-0.098696,0.19977,-0.1,0.2,-0.034878,0.11784,-50
7.9,-0.097963,0.20106,-0.1,0.2,-0.034872,0.11775,-50
8,-0.098535,0.2007,-0.1,0.2,-0.034815,0.11779,-50
8.1,-0.099248,0.19961,-0.1,0.2,-0.03489,0.11773,-50
8.2,-0.098491,0.19975,-0.1,0.2,-0.034972,0.11767,-50
8.3,-0.098823,0.20004,-0.1,0.2,-0.034908,0.11769,-50
8.4,-0.1005,0.20003,-0.1,0.2,-0.034955,0.11771,-50
8.5,-0.099653,0.19968,-0.1,0.2,-0.035126,0.11771,-50
8.6,-0.0998,0.20014,-0.1,0.2,-0.03504,0.1177,-50
8.7,-0.097099,0.20109,-0.1,0.2,-0.035058,0.11772,-50
8.8,-0.095941,0.20234,-0.1,0.2,-0.034803,0.11774,-50
8.9,-0.095057,0.20208,-0.1,0.2,-0.034722,0.11772,-50
9,-0.092762,0.20222,-0.1,0.2,-0.034679,0.11759,-50
9.1,-0.092708,0.20269,-0.1,0.2,-0.03451,0.11749,-50
9.2,-0.091282,0.20234,-0.1,0.2,-0.034577,0.11739,-50
9.3,-0.092005,0.20267,-0.1,0.2,-0.034515,0.11725,-50
9.4,-0.092317,0.20156,-0.1,0.2,-0.034671,0.11714,-50
9.5,-0.091819,0.20107,-0.1,0.2,-0.03478,0.11698,-50
9.6,-0.091907,0.2017,-0.1,0.2,-0.03481,0.11689,-50
9.7,-0.092518,0.20196,-0.1,0.2,-0.0349,0.11685,-50
9.8,-0.092435,0.20029,-0.1,0.2,-0.035039,0.11677,-50
9.9,-0.092518,0.20011,-0.1,0.2,-0.035106,0.11663,-50
10,-0.0939,0.20036,-0.1,-0.2,-0.035189,0.10663,-50
10.1,-0.095165,0.19918,-0.1,-0.2,-0.035396,0.096634,-50
10.2,-0.1013,0.18541,-0.1,-0.2,-0.035577,0.086634,-50
10.3,-0.10966,0.16687,-0.1,-0.2,-0.036208,0.076634,-50
10.4,-0.12166,0.14666,-0.1,-0.2,-0.036989,0.066634,-50
10.5,-0.13259,0.12668,-0.1,-0.2,-0.038032,0.056634,-50
10.6,-0.14555,0.105,-0.1,-0.2,-0.038854,0.046634,-50
10.7,-0.16007,0.084054,-0.1,-0.2,-0.039759,0.036634,-50
10.8,-0.17517,0.062427,-0.1,-0.2,-0.040684,0.026634,-50
10.9,-0.18791,0.041382,-0.1,-0.2,-0.041518,0.016634,-50
11,-0.20264,0.021197,-0.1,-0.2,-0.041976,0.006634,-50
11.1,-0.21773,-0.001314,-0.1,-0.2,-0.042496,-0.003366,-50
11.2,-0.23084,-0.02191,-0.1,-0.2,-0.042904,-0.013366,-50
11.3,-0.24404,-0.041915,-0.1,-0.2,-0.042972,-0.023366,-50
11.4,-0.25728,-0.064977,-0.1,-0.2,-0.042917,-0.032771,-50
11.5,-0.26911,-0.084928,-0.1,-0.2,-0.042734,-0.041251,-50
11.6,-0.27766,-0.10347,-0.1,-0.2,-0.042285,-0.048501,-50
11.7,-0.28654,-0.12056,-0.1,-0.2,-0.041406,-0.054718,-50
11.8,-0.29357,-0.13598,-0.1,-0.2,-0.040474,-0.059972,-50
11.9,-0.29899,-0.14972,-0.1,-0.2,-0.039276,-0.06433,-50
12,-0.3003,-0.1594,-0.1,-0.2,-0.037856,-0.067874,-50
12.1,-0.30049,-0.1683,-0.1,-0.2,-0.03599,-0.07063,-50
12.2,-0.29937,-0.17615,-0.1,-0.2,-0.034005,-0.072883,-50
12.3,-0.29421,-0.18041,-0.1,-0.2,-0.031893,-0.074664,-50
12.4,-0.2883,-0.18319,-0.1,-0.2,-0.02941,-0.075963,-50
12.5,-0.28048,-0.18565,-0.1,-0.2,-0.026906,-0.077013,-50
12.6,-0.26917,-0.1858,-0.1,-0.2,-0.02428,-0.077914,-50
12.7,-0.25916,-0.18688,-0.1,-0.2,-0.021401,-0.078636,-50
12.8,-0.24771,-0.18558,-0.1,-0.2,-0.018758,-0.079373,-50
12.9,-0.23518,-0.18494,-0.1,-0.2,-0.016079,-0.079996,-50
13,-0.22173,-0.18322,-0.1,-0.2,-0.013411,-0.080701,-50
13.1,-0.20915,-0.18262,-0.1,-0.2,-0.010782,-0.081412,-50
13.2,-0.19583,-0.18184,-0.1,-0.2,-0.008369,-0.082236,-50
13.3,-0.18461,-0.17955,-0.1,-0.2,-0.006013,-0.083085,-50
13.4,-0.17203,-0.17846,-0.1,-0.2,-0.003988,-0.083936,-50
13.5,-0.16059,-0.17846,-0.1,-0.2,-0.001947,-0.084931,-50
13.6,-0.14924,-0.17874,-0.1,-0.2,-0.00014,-0.086008,-50
13.7,-0.13984,-0.17963,-0.1,-0.2,0.001543,-0.087092,-50
13.8,-0.13002,-0.17966,-0.1,-0.2,0.002929,-0.088178,-50
13.9,-0.12347,-0.17904,-0.1,-0.2,0.004261,-0.089197,-50
14,-0.11575,-0.1803,-0.1,-0.2,0.005183,-0.090198,-50
14.1,-0.10965,-0.18145,-0.1,-0.2,0.006151,-0.091278,-50
14.2,-0.1047,-0.18276,-0.1,-0.2,0.006889,-0.092291,-50
14.3,-0.099165,-0.18383,-0.1,-0.2,0.007455,-0.093251,-50
14.4,-0.096332,-0.18531,-0.1,-0.2,0.008028,-0.094141,-50
14.5,-0.093504,-0.18632,-0.1,-0.2,0.008289,-0.094986,-50
14.6,-0.09137,-0.18853,-0.1,-0.2,0.008521,-0.095746,-50
14.7,-0.088987,-0.18904,-0.1,-0.2,0.008658,-0.096485,-50
14.8,-0.089026,-0.1915,-0.1,-0.2,0.008799,-0.097072,-50
14.9,-0.087985,-0.192,-0.1,-0.2,0.008685,-0.097681,-50
15,-0.087082,-0.19328,0.1,-0.2,0.010674,-0.098118,-50
15.1,-0.08863,-0.19459,0.1,-0.2,0.012639,-0.09855,-50
15.2,-0.082691,-0.1948,0.1,-0.2,0.014363,-0.098919,-50
15.3,-0.076215,-0.19399,0.1,-0.2,0.016814,-0.099194,-50
15.4,-0.068615,-0.19363,0.1,-0.2,0.019256,-0.099434,-50
15.5,-0.059043,-0.18978,0.1,-0.2,0.02174,-0.099725,-50
15.6,-0.047951,-0.18734,0.1,-0.2,0.024335,-0.099948,-50
15.7,-0.034515,-0.18679,0.1,-0.2,0.02698,-0.1004,-50
15.8,-0.022725,-0.18536,0.1,-0.2,0.029736,-0.10102,-50
15.9,-0.011111,-0.18548,0.1,-0.2,0.032201,-0.10164,-50
16,0.003145,-0.18138,0.1,-0.2,0.034531,-0.10238,-50
16.1,0.013973,-0.18113,0.1,-0.2,0.036997,-0.103,-50
16.2,0.025841,-0.18051,0.1,-0.2,0.038994,-0.10393,-50
16.3,0.037631,-0.17969,0.1,-0.2,0.040982,-0.10485,-50
16.4,0.048772,-0.17994,0.1,-0.2,0.042843,-0.10581,-50
16.5,0.057499,-0.17983,0.1,-0.2,0.044525,-0.10683,-50
16.6,0.067814,-0.17802,0.1,-0.2,0.045867,-0.10783,-50
16.7,0.074779,-0.17955,0.1,-0.2,0.047272,-0.10879,-50
16.8,0.0821,-0.18039,0.1,-0.2,0.048255,-0.10993,-50
16.9,0.087668,-0.18099,0.1,-0.2,0.049203,-0.11097,-50
17,0.093856,-0.18172,0.1,-0.2,0.049911,-0.11197,-50
17.1,0.097431,-0.18357,0.1,-0.2,0.050622,-0.11294,-50
17.2,0.10152,-0.18488,0.1,-0.2,0.051023,-0.1139,-50
17.3,0.10415,-0.18606,0.1,-0.2,0.051437,-0.11475,-50
17.4,0.10551,-0.1891,0.1,-0.2,0.051672,-0.11554,-50
17.5,0.10724,-0.18946,0.1,-0.2,0.05176,-0.11631,-50
17.6,0.1091,-0.19061,0.1,-0.2,0.051869,-0.11686,-50
17.7,0.1085,-0.19269,0.1,-0.2,0.051974,-0.11742,-50
17.8,0.10928,-0.19334,0.1,-0.2,0.051825,-0.11794,-50
17.9,0.10891,-0.19467,0.1,-0.2,0.051814,-0.11832,-50
18,0.10871,-0.1951,0.1,-0.2,0.051686,-0.11869,-50
18.1,0.10733,-0.19675,0.1,-0.2,0.051578,-0.11897,-50
18.2,0.10666,-0.19805,0.1,-0.2,0.05136,-0.11925,-50
18.3,0.10667,-0.19911,0.1,-0.2,0.051223,-0.11945,-50
18.4,0.10568,-0.19902,0.1,-0.2,0.051158,-0.11957,-50
18.5,0.10403,-0.19998,0.1,-0.2,0.050996,-0.11961,-50
18.6,0.10517,-0.20057,0.1,-0.2,0.050783,-0.11969,-50
18.7,0.1027,-0.20111,0.1,-0.2,0.050851,-0.1197,-50
18.8,0.10233,-0.20066,0.1,-0.2,0.050565,-0.11969,-50
18.9,0.10178,-0.20091,0.1,-0.2,0.050503,-0.11962,-50
19,0.10133,-0.20106,0.1,-0.2,0.050427,-0.1196,-50
19.1,0.09978,-0.20131,0.1,-0.2,0.050366,-0.11955,-50
19.2,0.099453,-0.20114,0.1,-0.2,0.050206,-0.11951,-50
19.3,0.09831,-0.20098,0.1,-0.2,0.050177,-0.11944,-50
19.4,0.09979,-0.20074,0.1,-0.2,0.050074,-0.11937,-50
19.5,0.099145,-0.20078,0.1,-0.2,0.050232,-0.11932,-50
19.6,0.099976,-0.1999,0.1,-0.2,0.050172,-0.11928,-50
19.7,0.099302,-0.19978,0.1,-0.2,0.05026,-0.11922,-50
19.8,0.099683,-0.20007,0.1,-0.2,0.050196,-0.11922,-50
19.9,0.098896,-0.20053,0.1,-0.2,0.050239,-0.11924,-50
20,0.10009,-0.19944,0.1,-0.2,0.050168,-0.11925,-50
20.1,0.1002,-0.19981,0.1,-0.2,0.050292,-0.1192,-50
20.2,0.099092,-0.19991,0.1,-0.2,0.050301,-0.11923,-50
20.3,0.099702,-0.2,0.1,-0.2,0.050194,-0.11925,-50
20.4,0.10013,-0.2,0.1,-0.2,0.050261,-0.11925,-50
20.5,0.099932,-0.20044,0.1,-0.2,0.050305,-0.11925,-50
20.6,0.10005,-0.19982,0.1,-0.2,0.050285,-0.11926,-50
20.7,0.099497,-0.20029,0.1,-0.2,0.050297,-0.11923,-50
20.8,0.099717,-0.2005,0.1,-0.2,0.050244,-0.11925,-50
20.9,0.10028,-0.20016,0.1,-0.2,0.05027,-0.11924,-50
21,0.10014,-0.19914,0.1,-0.2,0.050326,-0.11921,-50
21.1,0.099912,-0.19941,0.1,-0.2,0.05031,-0.11917,-50
21.2,0.099819,-0.19961,0.1,-0.2,0.050287,-0.11922,-50
21.3,0.099609,-0.2004,0.1,-0.2,0.050279,-0.11926,-50
21.4,0.098769,-0.2002,0.1,-0.2,0.050261,-0.11929,-50
21.5,0.09998,-0.19972,0.1,-0.2,0.050185,-0.11927,-50
21.6,0.1001,-0.19977,0.1,-0.2,0.050312,-0.11925,-50
21.7,0.099468,-0.20046,0.1,-0.2,0.050324,-0.11926,-50
21.8,0.099516,-0.20022,0.1,-0.2,0.050263,-0.11929,-50
21.9,0.099062,-0.19968,0.1,-0.2,0.050273,-0.11926,-50
22,0.099375,-0.19987,0.1,-0.2,0.050234,-0.11924,-50
22.1,0.099829,-0.20032,0.1,-0.2,0.050274,-0.11926,-50
22.2,0.099355,-0.20052,0.1,-0.2,0.050323,-0.11928,-50
22.3,0.09935,-0.20032,0.1,-0.2,0.05028,-0.11927,-50
22.4,0.099399,-0.2,0.1,-0.2,0.050286,-0.11924,-50
22.5,0.09978,-0.19987,0.1,-0.2,0.050297,-0.11921,-50
22.6,0.1004,-0.19904,0.1,-0.2,0.050339,-0.11921,-50
22.7,0.099067,-0.20026,0.1,-0.2,0.050401,-0.11919,-50
22.8,0.10003,-0.20022,0.1,-0.2,0.050269,-0.11927,-50
22.9,0.099673,-0.2,0.1,-0.2,0.05037,-0.11926,-50
23,0.099355,-0.19993,0.1,-0.2,0.050336,-0.11924,-50
23.1,0.098554,-0.19958,0.1,-0.2,0.050309,-0.11924,-50
23.2,0.099126,-0.19952,0.1,-0.2,0.050239,-0.11923,-50
23.3,0.099077,-0.20029,0.1,-0.2,0.050308,-0.11925,-50
23.4,0.099394,-0.20012,0.1,-0.2,0.050312,-0.1193,-50
23.5,0.099121,-0.19936,0.1,-0.2,0.050352,-0.11928,-50
23.6,0.099282,-0.20048,0.1,-0.2,0.050332,-0.11925,-50
23.7,0.099429,-0.20034,0.1,-0.2,0.050356,-0.11932,-50
23.8,0.098755,-0.20027,0.1,-0.2,0.050377,-0.11929,-50
23.9,0.098799,-0.2003,0.1,-0.2,0.050319,-0.11927,-50
24,0.099399,-0.19983,0.1,-0.2,0.050335,-0.11926,-50
24.1,0.098872,-0.20056,0.1,-0.2,0.050404,-0.11923,-50
24.2,0.098867,-0.19956,0.1,-0.2,0.05036,-0.11926,-50
24.3,0.099067,-0.19986,0.1,-0.2,0.050371,-0.1192,-50
24.4,0.099204,-0.20016,0.1,-0.2,0.050401,-0.11923,-50
24.5,0.10026,-0.19969,0.1,-0.2,0.050424,-0.11925,-50
24.6,0.09981,-0.2001,0.1,-0.2,0.050532,-0.11923,-50
24.7,0.099946,-0.19917,0.1,-0.2,0.050487,-0.11925,-50
24.8,0.10007,-0.2004,0.1,-0.2,0.050501,-0.11922,-50
24.9,0.099937,-0.19996,0.1,-0.2,0.050514,-0.1193,-50
25,0.099526,-0.19872,0.1,0.2,0.0505,-0.1093,-50
25.1,0.099751,-0.20002,0.1,0.2,0.050462,-0.099297,-50
25.2,0.10484,-0.18657,0.1,0.2,0.050488,-0.089297,-50
25.3,0.11512,-0.16704,0.1,0.2,0.050975,-0.079297,-50
25.4,0.12432,-0.14694,0.1,0.2,0.051902,-0.069297,-50
25.5,0.13687,-0.12459,0.1,0.2,0.052625,-0.059297,-50
25.6,0.15006,-0.10461,0.1,0.2,0.053574,-0.049297,-50
25.7,0.16306,-0.084132,0.1,0.2,0.054458,-0.039297,-50
25.8,0.17785,-0.062696,0.1,0.2,0.055193,-0.029297,-50
25.9,0.19275,-0.040293,0.1,0.2,0.055967,-0.019297,-50
26,0.20684,-0.019785,0.1,0.2,0.056604,-0.009297,-50
26.1,0.21982,5.9e-05,0.1,0.2,0.057016,0.000703,-50
26.2,0.23279,0.020449,0.1,0.2,0.05718,0.010703,-50
26.3,0.24612,0.041866,0.1,0.2,0.057214,0.020703,-50
26.4,0.25762,0.064005,0.1,0.2,0.057152,0.030216,-50
26.5,0.26973,0.08527,0.1,0.2,0.056784,0.038676,-50
26.6,0.27949,0.10365,0.1,0.2,0.056358,0.046008,-50
26.7,0.28682,0.12101,0.1,0.2,0.055588,0.052204,-50
26.8,0.2921,0.1357,0.1,0.2,0.054489,0.057455,-50
26.9,0.29671,0.1492,0.1,0.2,0.053123,0.061772,-50
27,0.30019,0.15909,0.1,0.2,0.051639,0.065324,-50
27.1,0.29977,0.16701,0.1,0.2,0.050003,0.068112,-50
27.2,0.29683,0.1754,0.1,0.2,0.047961,0.070356,-50
27.3,0.29134,0.17838,0.1,0.2,0.045684,0.072215,-50
27.4,0.28604,0.18291,0.1,0.2,0.043194,0.073519,-50
27.5,0.27983,0.18583,0.1,0.2,0.040777,0.074713,-50
27.6,0.2685,0.18571,0.1,0.2,0.038328,0.075641,-50
27.7,0.25756,0.18696,0.1,0.2,0.035452,0.076346,-50
27.8,0.24617,0.18524,0.1,0.2,0.032729,0.077092,-50
27.9,0.2345,0.18351,0.1,0.2,0.030071,0.0777,-50
28,0.22131,0.18384,0.1,0.2,0.027501,0.078395,-50
28.1,0.20962,0.18326,0.1,0.2,0.024902,0.079228,-50
28.2,0.1964,0.18208,0.1,0.2,0.022579,0.080021,-50
28.3,0.1844,0.17983,0.1,0.2,0.020226,0.080829,-50
28.4,0.17197,0.17953,0.1,0.2,0.018122,0.081668,-50
28.5,0.16167,0.17899,0.1,0.2,0.016097,0.082669,-50
28.6,0.15102,0.17877,0.1,0.2,0.0144,0.083679,-50
28.7,0.14143,0.17913,0.1,0.2,0.012771,0.084724,-50
28.8,0.13244,0.17916,0.1,0.2,0.01135,0.085794,-50
28.9,0.1233,0.17927,0.1,0.2,0.010081,0.086839,-50
29,0.11758,0.18045,0.1,0.2,0.008889,0.087884,-50
29.1,0.11188,0.18154,0.1,0.2,0.008112,0.088949,-50
29.2,0.10493,0.18251,0.1,0.2,0.007395,0.089954,-50
29.3,0.10014,0.1832,0.1,0.2,0.006616,0.090901,-50
29.4,0.096786,0.18494,0.1,0.2,0.006112,0.091793,-50
29.5,0.094877,0.18739,0.1,0.2,0.005792,0.092677,-50
29.6,0.092391,0.18799,0.1,0.2,0.005642,0.093491,-50
29.7,0.090974,0.18967,0.1,0.2,0.005457,0.094136,-50
29.8,0.089021,0.19082,0.1,0.2,0.005399,0.094779,-50
29.9,0.088078,0.19308,0.1,0.2,0.005304,0.095324,-50
30,0.088396,0.19326,0.1,0.2,0.005324,0.095839,-50
30.1,0.087468,0.19462,-0.1,0.2,0.003473,0.09619,-50
30.2,0.087956,0.19564,-0.1,0.2,0.001501,0.096561,-50
30.3,0.084454,0.19475,-0.1,0.2,-0.000327,0.096855,-50
30.4,0.077407,0.19383,-0.1,0.2,-0.002539,0.097051,-50
30.5,0.06947,0.19461,-0.1,0.2,-0.005053,0.09729,-50
30.6,0.059658,0.19119,-0.1,0.2,-0.007581,0.097619,-50
30.7,0.049099,0.18836,-0.1,0.2,-0.010208,0.097803,-50
30.8,0.036322,0.18683,-0.1,0.2,-0.012808,0.098172,-50
30.9,0.023424,0.18515,-0.1,0.2,-0.015513,0.098716,-50
31,0.011961,0.18381,-0.1,0.2,-0.018101,0.099333,-50
31.1,-0.001812,0.18163,-0.1,0.2,-0.020425,0.10004,-50
31.2,-0.014007,0.18001,-0.1,0.2,-0.022853,0.1008,-50
31.3,-0.025836,0.17934,-0.1,0.2,-0.024993,0.10168,-50
31.4,-0.037949,0.17887,-0.1,0.2,-0.026977,0.10266,-50
31.5,-0.046838,0.18019,-0.1,0.2,-0.028869,0.10368,-50
31.6,-0.056987,0.17978,-0.1,0.2,-0.030334,0.10477,-50
31.7,-0.066066,0.1789,-0.1,0.2,-0.03183,0.10575,-50
31.8,-0.074037,0.17986,-0.1,0.2,-0.033122,0.10674,-50
31.9,-0.080484,0.18063,-0.1,0.2,-0.034219,0.10782,-50
32,-0.08714,0.18147,-0.1,0.2,-0.035091,0.10884,-50
32.1,-0.092708,0.18265,-0.1,0.2,-0.035919,0.10983,-50
32.2,-0.097255,0.18416,-0.1,0.2,-0.036576,0.11079,-50
32.3,-0.10183,0.18513,-0.1,0.2,-0.037081,0.11169,-50
32.4,-0.10533,0.1857,-0.1,0.2,-0.037543,0.11251,-50
32.5,-0.10564,0.18901,-0.1,0.2,-0.037857,0.11327,-50
32.6,-0.10919,0.18876,-0.1,0.2,-0.037834,0.11406,-50
32.7,-0.11085,0.18977,-0.1,0.2,-0.038114,0.11461,-50
32.8,-0.10971,0.19202,-0.1,0.2,-0.03818,0.1152,-50
32.9,-0.11059,0.19319,-0.1,0.2,-0.037963,0.11576,-50
33,-0.11055,0.19438,-0.1,0.2,-0.03795,0.11619,-50
33.1,-0.10974,0.19562,-0.1,0.2,-0.03784,0.11656,-50
33.2,-0.11016,0.19625,-0.1,0.2,-0.037658,0.11687,-50
33.3,-0.10777,0.19799,-0.1,0.2,-0.0376,0.11711,-50
33.4,-0.10775,0.19807,-0.1,0.2,-0.037271,0.11734,-50
33.5,-0.10577,0.19954,-0.1,0.2,-0.037192,0.11744,-50
33.6,-0.10559,0.19942,-0.1,0.2,-0.036927,0.11757,-50
33.7,-0.10467,0.2,-0.1,0.2,-0.036851,0.1176,-50
33.8,-0.10288,0.20008,-0.1,0.2,-0.036709,0.11764,-50
33.9,-0.1027,0.20053,-0.1,0.2,-0.036491,0.11764,-50
34,-0.10168,0.20112,-0.1,0.2,-0.036445,0.11765,-50
34.1,-0.10117,0.20053,-0.1,0.2,-0.036322,0.11764,-50
34.2,-0.10078,0.20107,-0.1,0.2,-0.036256,0.11757,-50
34.3,-0.098632,0.20133,-0.1,0.2,-0.036208,0.11755,-50
34.4,-0.098496,0.20109,-0.1,0.2,-0.035996,0.1175,-50
34.5,-0.096991,0.20287,-0.1,0.2,-0.035997,0.11743,-50
34.6,-0.098081,0.20159,-0.1,0.2,-0.035869,0.11742,-50
34.7,-0.098398,0.20081,-0.1,0.2,-0.036002,0.11725,-50
34.8,-0.097343,0.20102,-0.1,0.2,-0.036052,0.11715,-50
34.9,-0.097939,0.19983,-0.1,0.2,-0.035968,0.11711,-50
35,-0.097714,0.2011,-0.1,0.2,-0.036051,0.11703,-50
35.1,-0.098447,0.20089,-0.1,0.2,-0.03605,0.11707,-50
35.2,-0.09874,0.20059,-0.1,0.2,-0.036143,0.11701,-50
35.3,-0.098686,0.20033,-0.1,0.2,-0.036186,0.11696,-50
35.4,-0.098593,0.20009,-0.1,0.2,-0.036193,0.11692,-50
35.5,-0.09728,0.20081,-0.1,0.2,-0.036198,0.1169,-50
35.6,-0.098984,0.1997,-0.1,0.2,-0.036087,0.11692,-50
35.7,-0.099502,0.19931,-0.1,0.2,-0.036276,0.11685,-50
35.8,-0.099961,0.19912,-0.1,0.2,-0.036335,0.11685,-50
35.9,-0.10007,0.19877,-0.1,0.2,-0.036384,0.11688,-50
36,-0.099033,0.1992,-0.1,0.2,-0.036395,0.11692,-50
36.1,-0.10016,0.19935,-0.1,0.2,-0.036296,0.11699,-50
36.2,-0.10136,0.19845,-0.1,0.2,-0.036412,0.11703,-50
36.3,-0.099614,0.2,-0.1,0.2,-0.036524,0.11704,-50
36.4,-0.10086,0.20016,-0.1,0.2,-0.036345,0.11716,-50
36.5,-0.099287,0.2012,-0.1,0.2,-0.036467,0.11716,-50
36.6,-0.099448,0.20086,-0.1,0.2,-0.03631,0.11718,-50
36.7,-0.10078,0.20008,-0.1,0.2,-0.036332,0.11711,-50
36.8,-0.099897,0.20022,-0.1,0.2,-0.036464,0.11705,-50
36.9,-0.09873,0.20167,-0.1,0.2,-0.036372,0.11705,-50
37,-0.10038,0.20074,-0.1,0.2,-0.036263,0.11708,-50
37.1,-0.099546,0.20066,-0.1,0.2,-0.036432,0.11697,-50
37.2,-0.099072,0.20059,-0.1,0.2,-0.036349,0.11693,-50
37.3,-0.10041,0.19971,-0.1,0.2,-0.036308,0.1169,-50
37.4,-0.099853,0.20024,-0.1,0.2,-0.036445,0.11684,-50
37.5,-0.098745,0.20052,-0.1,0.2,-0.036388,0.11687,-50
37.6,-0.10053,0.19924,-0.1,0.2,-0.036284,0.11687,-50
37.7,-0.10071,0.19941,-0.1,0.2,-0.036466,0.11681,-50
37.8,-0.10019,0.19939,-0.1,0.2,-0.036478,0.11685,-50
37.9,-0.10132,0.20011,-0.1,0.2,-0.036421,0.11688,-50
38,-0.10093,0.1993,-0.1,0.2,-0.036527,0.11693,-50
38.1,-0.10159,0.19883,-0.1,0.2,-0.036476,0.1169,-50
38.2,-0.1015,0.20007,-0.1,0.2,-0.03653,0.11693,-50
38.3,-0.10194,0.19936,-0.1,0.2,-0.036506,0.11701,-50
38.4,-0.10187,0.1999,-0.1,0.2,-0.036532,0.11699,-50
38.5,-0.099595,0.20066,-0.1,0.2,-0.036506,0.11704,-50
38.6,-0.1011,0.20021,-0.1,0.2,-0.036271,0.11706,-50
38.7,-0.10117,0.20022,-0.1,0.2,-0.036419,0.11702,-50
38.8,-0.10027,0.20063,-0.1,0.2,-0.036414,0.11701,-50
38.9,-0.10049,0.20118,-0.1,0.2,-0.036317,0.11701,-50
39,-0.10087,0.20038,-0.1,0.2,-0.036335,0.11699,-50
39.1,-0.10029,0.20019,-0.1,0.2,-0.036366,0.11691,-50
39.2,-0.099609,0.20038,-0.1,0.2,-0.036303,0.11689,-50
39.3,-0.09938,0.20031,-0.1,0.2,-0.036235,0.11688,-50
39.4,-0.10021,0.19964,-0.1,0.2,-0.036217,0.11686,-50
39.5,-0.098198,0.20007,-0.1,0.2,-0.036303,0.11683,-50
39.6,-0.098891,0.19961,-0.1,0.2,-0.036109,0.11686,-50
39.7,-0.099033,0.19953,-0.1,0.2,-0.036193,0.11684,-50
39.8,-0.09873,0.19903,-0.1,0.2,-0.036217,0.11686,-50
39.9,-0.099346,0.19897,-0.1,0.2,-0.036198,0.11687,-50
40,-0.099258,0.19949,-0.1,0.2,-0.036269,0.11692,-50
40.1,-0.10002,0.19908,-0.1,-0.2,-0.036267,0.10692,-50
40.2,-0.099863,0.19958,-0.1,-0.2,-0.036347,0.096919,-50
40.3,-0.10564,0.18549,-0.1,-0.2,-0.036332,0.086919,-50
40.4,-0.11486,0.16622,-0.1,-0.2,-0.036882,0.076919,-50
40.5,-0.12297,0.14847,-0.1,-0.2,-0.037702,0.066919,-50
40.6,-0.13644,0.12521,-0.1,-0.2,-0.038324,0.056919,-50
40.7,-0.14832,0.10461,-0.1,-0.2,-0.039374,0.046919,-50
40.8,-0.16071,0.084488,-0.1,-0.2,-0.040138,0.036919,-50
40.9,-0.17627,0.063424,-0.1,-0.2,-0.040832,0.026919,-50
41,-0.18932,0.042867,-0.1,-0.2,-0.041703,0.016919,-50
41.1,-0.20395,0.020982,-0.1,-0.2,-0.04218,0.006919,-50
41.2,-0.21746,-0.000508,-0.1,-0.2,-0.042676,-0.003081,-50
41.3,-0.23166,-0.02168,-0.1,-0.2,-0.04292,-0.013081,-50
41.4,-0.24446,-0.041592,-0.1,-0.2,-0.043095,-0.023081,-50
41.5,-0.25633,-0.063116,-0.1,-0.2,-0.042994,-0.032494,-50
41.6,-0.26824,-0.084332,-0.1,-0.2,-0.042677,-0.040953,-50
41.7,-0.27892,-0.10419,-0.1,-0.2,-0.042245,-0.048328,-50
41.8,-0.28706,-0.12111,-0.1,-0.2,-0.041577,-0.054608,-50
41.9,-0.2936,-0.13596,-0.1,-0.2,-0.040562,-0.059821,-50
42,-0.29813,-0.14905,-0.1,-0.2,-0.039312,-0.064136,-50
42.1,-0.30057,-0.15951,-0.1,-0.2,-0.037807,-0.067665,-50
42.2,-0.2996,-0.16758,-0.1,-0.2,-0.036057,-0.070475,-50
42.3,-0.29746,-0.17491,-0.1,-0.2,-0.033959,-0.072701,-50
42.4,-0.29397,-0.17922,-0.1,-0.2,-0.03176,-0.074506,-50
42.5,-0.28659,-0.18248,-0.1,-0.2,-0.029454,-0.075868,-50
42.6,-0.27965,-0.18492,-0.1,-0.2,-0.026813,-0.076988,-50
42.7,-0.26983,-0.18602,-0.1,-0.2,-0.024288,-0.077926,-50
42.8,-0.25928,-0.18676,-0.1,-0.2,-0.021558,-0.078707,-50
42.9,-0.24859,-0.18513,-0.1,-0.2,-0.018858,-0.079425,-50
43,-0.23641,-0.18459,-0.1,-0.2,-0.01625,-0.080046,-50
43.1,-0.22336,-0.18421,-0.1,-0.2,-0.013607,-0.080776,-50
43.2,-0.21001,-0.18352,-0.1,-0.2,-0.011003,-0.081537,-50
43.3,-0.19686,-0.18227,-0.1,-0.2,-0.008501,-0.082309,-50
43.4,-0.1859,-0.18074,-0.1,-0.2,-0.006151,-0.083102,-50
43.5,-0.17159,-0.1785,-0.1,-0.2,-0.004142,-0.08395,-50
43.6,-0.16172,-0.17882,-0.1,-0.2,-0.001923,-0.084858,-50
43.7,-0.15055,-0.17976,-0.1,-0.2,-0.00027,-0.08594,-50
43.8,-0.14131,-0.17989,-0.1,-0.2,0.001409,-0.087023,-50
43.9,-0.13225,-0.18039,-0.1,-0.2,0.002791,-0.088038,-50
44,-0.12371,-0.17949,-0.1,-0.2,0.004066,-0.089056,-50
44.1,-0.1166,-0.17998,-0.1,-0.2,0.0052,-0.090014,-50
44.2,-0.11076,-0.18119,-0.1,-0.2,0.006112,-0.091052,-50
44.3,-0.10419,-0.18098,-0.1,-0.2,0.006832,-0.092083,-50
44.4,-0.099516,-0.18264,-0.1,-0.2,0.007564,-0.093018,-50
44.5,-0.09559,-0.18467,-0.1,-0.2,0.00805,-0.094011,-50
44.6,-0.093773,-0.18634,-0.1,-0.2,0.008419,-0.09493,-50
44.7,-0.091595,-0.18737,-0.1,-0.2,0.008547,-0.095738,-50
44.8,-0.089934,-0.18891,-0.1,-0.2,0.008692,-0.096447,-50
44.9,-0.088239,-0.19016,-0.1,-0.2,0.008765,-0.097117,-50
45,-0.086613,-0.19201,-0.1,-0.2,0.008826,-0.097703,-50
45.1,-0.087306,-0.19353,0.1,-0.2,0.010863,-0.098241,-50
45.2,-0.088449,-0.19505,0.1,-0.2,0.012663,-0.098678,-50
45.3,-0.08356,-0.19427,0.1,-0.2,0.014427,-0.09904,-50
45.4,-0.075341,-0.19451,0.1,-0.2,0.016776,-0.099268,-50
45.5,-0.067145,-0.19268,0.1,-0.2,0.019393,-0.09956,-50
45.6,-0.057768,-0.18998,0.1,-0.2,0.021925,-0.099789,-50
45.7,-0.046574,-0.18887,0.1,-0.2,0.024487,-0.10009,-50
45.8,-0.034789,-0.1877,0.1,-0.2,0.027128,-0.10056,-50
45.9,-0.022178,-0.18601,0.1,-0.2,0.029714,-0.10109,-50
46,-0.009705,-0.18425,0.1,-0.2,0.032259,-0.10166,-50
46.1,0.003448,-0.18151,0.1,-0.2,0.034666,-0.10232,-50
46.2,0.015961,-0.18049,0.1,-0.2,0.037013,-0.10304,-50
46.3,0.026349,-0.18015,0.1,-0.2,0.039167,-0.10393,-50
46.4,0.037905,-0.1797,0.1,-0.2,0.040994,-0.1049,-50
46.5,0.05012,-0.17902,0.1,-0.2,0.042829,-0.10588,-50
46.6,0.058325,-0.18008,0.1,-0.2,0.04461,-0.10688,-50
46.7,0.065978,-0.17888,0.1,-0.2,0.045888,-0.10795,-50
46.8,0.074818,-0.17885,0.1,-0.2,0.047032,-0.10892,-50
46.9,0.081856,-0.18033,0.1,-0.2,0.048212,-0.10998,-50
47,0.087687,-0.18097,0.1,-0.2,0.049132,-0.11107,-50
47.1,0.092879,-0.18255,0.1,-0.2,0.049868,-0.11207,-50
47.2,0.097939,-0.18331,0.1,-0.2,0.050484,-0.11306,-50
47.3,0.10028,-0.1841,0.1,-0.2,0.051036,-0.11395,-50
47.4,0.10254,-0.18668,0.1,-0.2,0.051279,-0.11481,-50
47.5,0.1053,-0.18808,0.1,-0.2,0.051491,-0.11567,-50
47.6,0.10701,-0.19004,0.1,-0.2,0.051728,-0.11637,-50
47.7,0.10748,-0.19208,0.1,-0.2,0.051838,-0.11701,-50
47.8,0.10864,-0.19321,0.1,-0.2,0.051812,-0.11756,-50
47.9,0.10852,-0.19437,0.1,-0.2,0.051847,-0.11799,-50
48,0.10867,-0.19584,0.1,-0.2,0.051749,-0.11835,-50
48.1,0.10792,-0.19726,0.1,-0.2,0.051678,-0.11867,-50
48.2,0.10884,-0.19709,0.1,-0.2,0.05152,-0.11892,-50
48.3,0.10754,-0.19741,0.1,-0.2,0.051528,-0.11905,-50
48.4,0.10611,-0.19862,0.1,-0.2,0.051317,-0.1192,-50
48.5,0.10697,-0.19935,0.1,-0.2,0.051105,-0.11936,-50
48.6,0.10548,-0.19915,0.1,-0.2,0.051127,-0.11945,-50
48.7,0.10552,-0.19976,0.1,-0.2,0.050915,-0.11948,-50
48.8,0.10467,-0.19978,0.1,-0.2,0.050864,-0.11953,-50
48.9,0.10275,-0.20115,0.1,-0.2,0.050728,-0.11955,-50
49,0.10175,-0.20113,0.1,-0.2,0.050499,-0.11959,-50
49.1,0.10139,-0.20156,0.1,-0.2,0.050377,-0.11953,-50
49.2,0.099907,-0.20147,0.1,-0.2,0.050325,-0.11949,-50
49.3,0.099795,-0.20143,0.1,-0.2,0.05017,-0.11941,-50
49.4,0.099941,-0.20116,0.1,-0.2,0.05016,-0.11933,-50
49.5,0.10022,-0.19988,0.1,-0.2,0.050176,-0.11925,-50
49.6,0.10043,-0.20006,0.1,-0.2,0.050204,-0.11916,-50
49.7,0.10019,-0.19945,0.1,-0.2,0.050222,-0.11918,-50
49.8,0.10056,-0.20042,0.1,-0.2,0.050194,-0.11916,-50
49.9,0.099209,-0.20017,0.1,-0.2,0.050227,-0.11921,-50
