0,-0.97113,-0.97122,-0.1,0.2,0.01,0.01,73916
0.1,-0.017905,-0.16906,-0.1,0.2,0,0.02,1.1767e+05
0.2,0.15322,0.023292,-0.1,0.2,-0.01,0.03,51299
0.3,0.085182,0.036483,-0.1,0.2,-0.02,0.04,61842
0.4,0.018408,0.045514,-0.1,0.2,-0.03,0.05,79294
0.5,-0.034691,0.055101,-0.1,0.2,-0.037512,0.06,33096
0.6,-0.091946,0.065949,-0.1,0.2,-0.029132,0.07,19956
0.7,-0.10149,0.09137,-0.1,0.2,-0.026684,0.08,20008
0.8,-0.093573,0.11456,-0.1,0.2,-0.029104,0.09,32855
0.9,-0.087687,0.13318,-0.1,0.2,-0.032919,0.1,33176
1,-0.089006,0.15055,-0.1,0.2,-0.03605,0.11,33937
1.1,-0.093744,0.16694,-0.1,0.2,-0.038061,0.12,30759
1.2,-0.095976,0.18464,-0.1,0.2,-0.039268,0.12491,4273.5
1.3,-0.097509,0.19871,-0.1,0.2,-0.039175,0.12366,4214.1
1.4,-0.10155,0.20016,-0.1,0.2,-0.038178,0.12302,4272.3
1.5,-0.099873,0.20172,-0.1,0.2,-0.038334,0.12226,4213.8
1.6,-0.098857,0.20066,-0.1,0.2,-0.038732,0.12227,4270.4
1.7,-0.10086,0.20029,-0.1,0.2,-0.038294,0.12208,4215.1
1.8,-0.10106,0.1998,-0.1,0.2,-0.038079,0.12215,4272.1
1.9,-0.10137,0.19991,-0.1,0.2,-0.037768,0.12209,4275.4
2,-0.098867,0.20081,-0.1,0.2,-0.038298,0.12186,4270.6
2.1,-0.10049,0.19972,-0.1,0.2,-0.03802,0.12199,4274
2.2,-0.10048,0.19936,-0.1,0.2,-0.037964,0.12226,4213.6
2.3,-0.10039,0.19965,-0.1,0.2,-0.037918,0.12235,4271.8
2.4,-0.099956,0.20077,-0.1,0.2,-0.037915,0.12194,4214.2
2.5,-0.10024,0.19961,-0.1,0.2,-0.037887,0.1222,4271.5
2.6,-0.098369,0.20033,-0.1,0.2,-0.038434,0.12217,4212.8
2.7,-0.10037,0.20022,-0.1,0.2,-0.038051,0.12196,4270.3
2.8,-0.10005,0.20036,-0.1,0.2,-0.038047,0.12182,4215
2.9,-0.10025,0.19936,-0.1,0.2,-0.038037,0.12216,4272.4
3,-0.098911,0.20081,-0.1,0.2,-0.038366,0.12181,4274.9
3.1,-0.10184,0.19875,-0.1,0.2,-0.037716,0.1223,4270.9
3.2,-0.099917,0.2003,-0.1,0.2,-0.037957,0.12211,4273.6
3.3,-0.099614,0.2,-0.1,0.2,-0.038088,0.12217,4214.4
3.4,-0.099893,0.1999,-0.1,0.2,-0.038077,0.12221,4272.2
3.5,-0.098349,0.20108,-0.1,0.2,-0.038524,0.12181,4213.4
3.6,-0.10077,0.19959,-0.1,0.2,-0.038055,0.12197,4270.1
3.7,-0.10033,0.20031,-0.1,0.2,-0.038024,0.12178,4213.5
3.8,-0.10079,0.19869,-0.1,0.2,-0.037935,0.12243,4270.4
3.9,-0.099507,0.20165,-0.1,0.2,-0.038062,0.12153,4215.2
4,-0.10037,0.19917,-0.1,0.2,-0.037973,0.12207,4273
4.1,-0.10023,0.19979,-0.1,0.2,-0.037946,0.12209,4274.8
4.2,-0.10056,0.20005,-0.1,0.2,-0.037782,0.12199,4272.1
4.3,-0.098535,0.2012,-0.1,0.2,-0.038256,0.12156,4274.1
4.4,-0.10071,0.19843,-0.1,0.2,-0.037961,0.12235,4214.3
4.5,-0.097094,0.20273,-0.1,0.2,-0.038777,0.12111,4270.8
4.6,-0.10069,0.19941,-0.1,0.2,-0.038207,0.12148,4213.3
4.7,-0.09959,0.20038,-0.1,0.2,-0.038394,0.12132,4270.4
4.8,-0.10278,0.19783,-0.1,0.2,-0.037601,0.12217,4213.4
4.9,-0.10045,0.19981,-0.1,0.2,-0.037838,0.12213,4269.1
5,-0.098926,0.20069,-0.1,0.2,-0.038235,0.12188,4213.9
5.1,-0.098286,0.20109,-0.1,0.2,-0.03856,0.12151,4271.8
5.2,-0.10114,0.19926,-0.1,0.2,-0.037997,0.1218,4273.5
5.3,-0.10039,0.19983,-0.1,0.2,-0.03801,0.12183,4271.7
5.4,-0.10068,0.19918,-0.1,0.2,-0.03792,0.12218,4274.4
5.5,-0.099653,0.2003,-0.1,0.2,-0.038113,0.12201,4213.5
5.6,-0.0996,0.20035,-0.1,0.2,-0.038178,0.12188,4271.3
5.7,-0.099399,0.20093,-0.1,0.2,-0.038231,0.12148,4213.4
5.8,-0.099609,0.19988,-0.1,0.2,-0.038298,0.12165,4271.3
5.9,-0.099507,0.20006,-0.1,0.2,-0.038398,0.12165,4213.5
6,-0.10253,0.19798,-0.1,0.2,-0.037648,0.1224,4269.6
6.1,-0.099004,0.20117,-0.1,0.2,-0.038224,0.12182,4214.2
6.2,-0.10122,0.19924,-0.1,0.2,-0.037763,0.12215,4271.4
6.3,-0.096703,0.20256,-0.1,0.2,-0.038822,0.12116,4272.2
6.4,-0.10142,0.19798,-0.1,0.2,-0.038076,0.12216,4272.7
6.5,-0.097284,0.20252,-0.1,0.2,-0.038921,0.121,4270.6
6.6,-0.10234,0.19861,-0.1,0.2,-0.037905,0.1216,4213.5
6.7,-0.10095,0.19953,-0.1,0.2,-0.037935,0.12173,4272.4
6.8,-0.10139,0.19888,-0.1,0.2,-0.037733,0.12217,4213.9
6.9,-0.10001,0.20011,-0.1,0.2,-0.037899,0.12205,4270
7,-0.099521,0.20061,-0.1,0.2,-0.038032,0.1218,4213
7.1,-0.10096,0.19923,-0.1,0.2,-0.037687,0.12212,4269.9
7.2,-0.099853,0.20012,-0.1,0.2,-0.037854,0.12205,4214.3
7.3,-0.099805,0.20014,-0.1,0.2,-0.037888,0.122,4273.2
7.4,-0.099258,0.20039,-0.1,0.2,-0.038082,0.12188,4274.5
7.5,-0.09767,0.20131,-0.1,0.2,-0.038653,0.12145,4273.8
7.6,-0.10013,0.19938,-0.1,0.2,-0.038327,0.12178,4272.8
7.7,-0.10028,0.19935,-0.1,0.2,-0.038286,0.12202,4215.5
7.8,-0.096928,0.20217,-0.1,0.2,-0.039169,0.12117,4272
7.9,-0.097729,0.20125,-0.1,0.2,-0.039415,0.12084,4214.6
8,-0.10061,0.19853,-0.1,0.2,-0.039016,0.12156,4271.6
8.1,-0.099087,0.19987,-0.1,0.2,-0.039382,0.12159,4215.3
8.2,-0.10007,0.20022,-0.1,0.2,-0.039201,0.1214,4271.4
8.3,-0.098525,0.20093,-0.1,0.2,-0.039648,0.1211,4215.7
8.4,-0.10047,0.2,-0.1,0.2,-0.039292,0.12109,4274.5
8.5,-0.099013,0.20037,-0.1,0.2,-0.039647,0.12102,4274
8.6,-0.10009,0.19984,-0.1,0.2,-0.039504,0.12109,4274.6
8.7,-0.10063,0.20015,-0.1,0.2,-0.039281,0.12094,4272.8
8.8,-0.099692,0.20028,-0.1,0.2,-0.039467,0.12088,4214.4
8.9,-0.10043,0.19972,-0.1,0.2,-0.039305,0.121,4271.8
9,-0.099604,0.20022,-0.1,0.2,-0.039486,0.12092,4214.6
9.1,-0.10067,0.19973,-0.1,0.2,-0.039225,0.121,4270.8
9.2,-0.099878,0.20006,-0.1,0.2,-0.03935,0.12098,4214.8
9.3,-0.10026,0.19949,-0.1,0.2,-0.039295,0.12122,4273.1
9.4,-0.09939,0.2001,-0.1,0.2,-0.039519,0.12119,4274.9
9.5,-0.098852,0.20059,-0.1,0.2,-0.039769,0.12098,4271.9
9.6,-0.10153,0.19978,-0.1,0.2,-0.0391,0.12093,4275.8
9.7,-0.10071,0.20085,-0.1,0.2,-0.039008,0.12048,4274.3
9.8,-0.099536,0.19997,-0.1,0.2,-0.039301,0.12069,4273
9.9,-0.099712,0.19939,-0.1,0.2,-0.039399,0.12101,4215.5
10,-0.1013,0.19912,-0.1,-0.2,-0.049399,0.11101,49474
10.1,-0.11886,0.18541,-0.1,-0.2,-0.059393,0.10101,19954
10.2,-0.16923,0.15379,-0.1,-0.2,-0.049541,0.091012,19949
10.3,-0.18101,0.13829,-0.1,-0.2,-0.042478,0.081012,19955
10.4,-0.17107,0.12511,-0.1,-0.2,-0.040082,0.071012,20009
10.5,-0.16324,0.10875,-0.1,-0.2,-0.038518,0.061012,19953
10.6,-0.16166,0.089827,-0.1,-0.2,-0.035571,0.051012,20009
10.7,-0.15907,0.072586,-0.1,-0.2,-0.032183,0.041012,19954
10.8,-0.15432,0.055048,-0.1,-0.2,-0.029356,0.031012,19953
10.9,-0.14894,0.038486,-0.1,-0.2,-0.02712,0.021012,19951
11,-0.14747,0.02043,-0.1,-0.2,-0.023963,0.011012,19957
11.1,-0.14136,0.004669,-0.1,-0.2,-0.021952,0.001012,19953
11.2,-0.13998,-0.014667,-0.1,-0.2,-0.018791,-0.008988,19954
11.3,-0.13559,-0.031927,-0.1,-0.2,-0.016238,-0.018988,20009
11.4,-0.13302,-0.049836,-0.1,-0.2,-0.013279,-0.028988,19954
11.5,-0.12627,-0.064738,-0.1,-0.2,-0.011592,-0.038988,20009
11.6,-0.1257,-0.084723,-0.1,-0.2,-0.008383,-0.048988,19953
11.7,-0.1225,-0.10083,-0.1,-0.2,-0.005566,-0.058988,20009
11.8,-0.11914,-0.11886,-0.1,-0.2,-0.002708,-0.068988,32859
11.9,-0.11567,-0.1361,-0.1,-0.2,0.000155,-0.078988,33121
12,-0.11207,-0.15262,-0.1,-0.2,0.003033,-0.088988,33934
12.1,-0.10625,-0.16931,-0.1,-0.2,0.005209,-0.098988,30705
12.2,-0.10276,-0.18735,-0.1,-0.2,0.005827,-0.10242,4271.5
12.3,-0.10064,-0.19906,-0.1,-0.2,0.005322,-0.10117,4214.1
12.4,-0.10039,-0.20138,-0.1,-0.2,0.005162,-0.10025,4269.6
12.5,-0.097954,-0.20056,-0.1,-0.2,0.004432,-0.099923,4216.5
12.6,-0.10167,-0.20233,-0.1,-0.2,0.005161,-0.099118,4272.5
12.7,-0.099761,-0.20034,-0.1,-0.2,0.004878,-0.099116,4274.5
12.8,-0.10043,-0.2001,-0.1,-0.2,0.005046,-0.099166,4271.9
12.9,-0.099184,-0.19967,-0.1,-0.2,0.004737,-0.099243,4274.3
13,-0.10017,-0.19969,-0.1,-0.2,0.004919,-0.09942,4214.1
13.1,-0.10043,-0.19994,-0.1,-0.2,0.005061,-0.099458,4271.8
13.2,-0.10016,-0.2006,-0.1,-0.2,0.004989,-0.099133,4214.6
13.3,-0.1007,-0.19984,-0.1,-0.2,0.005222,-0.099338,4271.6
13.4,-0.098842,-0.19927,-0.1,-0.2,0.004783,-0.099543,4212.4
13.5,-0.097353,-0.19895,-0.1,-0.2,0.004137,-0.099792,4269.1
13.6,-0.10191,-0.20092,-0.1,-0.2,0.005089,-0.099538,4214.5
13.7,-0.10074,-0.20099,-0.1,-0.2,0.005003,-0.099109,4273.2
13.8,-0.10031,-0.20019,-0.1,-0.2,0.004987,-0.09911,4274.4
13.9,-0.10076,-0.20035,-0.1,-0.2,0.005157,-0.099014,4271
14,-0.09833,-0.19883,-0.1,-0.2,0.004574,-0.099445,4273
14.1,-0.10097,-0.20019,-0.1,-0.2,0.005132,-0.099414,4213.6
14.2,-0.099463,-0.20034,-0.1,-0.2,0.004788,-0.099153,4272.1
14.3,-0.099507,-0.20012,-0.1,-0.2,0.004689,-0.099101,4213.9
14.4,-0.09914,-0.2003,-0.1,-0.2,0.004457,-0.098904,4270.8
14.5,-0.10002,-0.19935,-0.1,-0.2,0.004645,-0.099319,4213.6
14.6,-0.099829,-0.19973,-0.1,-0.2,0.004618,-0.099375,4269.8
14.7,-0.10007,-0.19954,-0.1,-0.2,0.004689,-0.099585,4214.1
14.8,-0.10051,-0.2006,-0.1,-0.2,0.004788,-0.099271,4272.6
14.9,-0.099673,-0.19986,-0.1,-0.2,0.004615,-0.099343,4273.3
15,-0.1019,-0.20075,0.1,-0.2,0.014615,-0.089343,92988
15.1,-0.063917,-0.17639,0.1,-0.2,0.024615,-0.089357,70299
15.2,-0.039223,-0.16634,0.1,-0.2,0.034615,-0.09692,33071
15.3,0.003868,-0.16252,0.1,-0.2,0.044615,-0.10692,91757
15.4,0.063795,-0.17044,0.1,-0.2,0.050238,-0.11692,44236
15.5,0.084313,-0.17974,0.1,-0.2,0.051478,-0.12441,4270.1
15.6,0.095053,-0.1961,0.1,-0.2,0.050624,-0.12362,4214.2
15.7,0.1009,-0.20155,0.1,-0.2,0.049389,-0.12193,4274
15.8,0.10111,-0.20053,0.1,-0.2,0.049313,-0.12183,4274.7
15.9,0.10243,-0.20024,0.1,-0.2,0.048805,-0.12167,4274.1
16,0.10093,-0.2002,0.1,-0.2,0.048879,-0.12165,4271.9
16.1,0.1005,-0.20167,0.1,-0.2,0.04871,-0.12081,4215.3
16.2,0.10138,-0.19914,0.1,-0.2,0.048401,-0.12132,4271.6
16.3,0.10108,-0.19929,0.1,-0.2,0.048296,-0.12156,4213.2
16.4,0.098901,-0.20056,0.1,-0.2,0.048765,-0.12136,4269.9
16.5,0.099624,-0.20002,0.1,-0.2,0.048742,-0.12139,4214.9
16.6,0.10022,-0.19989,0.1,-0.2,0.048609,-0.1214,4269.7
16.7,0.10125,-0.2003,0.1,-0.2,0.04818,-0.12111,4214.6
16.8,0.099932,-0.19936,0.1,-0.2,0.04845,-0.12155,4273.3
16.9,0.098471,-0.20051,0.1,-0.2,0.048926,-0.12138,4273.1
17,0.098979,-0.19988,0.1,-0.2,0.049056,-0.12151,4274
17.1,0.099497,-0.20078,0.1,-0.2,0.048988,-0.12109,4272.2
17.2,0.10014,-0.19838,0.1,-0.2,0.048998,-0.12196,4214.6
17.3,0.10082,-0.20035,0.1,-0.2,0.048693,-0.12154,4273.2
17.4,0.10003,-0.20094,0.1,-0.2,0.048735,-0.12113,4214.4
17.5,0.10042,-0.20006,0.1,-0.2,0.048621,-0.12117,4269.5
17.6,0.10064,-0.20022,0.1,-0.2,0.048458,-0.12103,4214.7
17.7,0.10017,-0.19976,0.1,-0.2,0.048523,-0.12119,4273.4
17.8,0.099409,-0.19997,0.1,-0.2,0.048747,-0.12126,4215.7
17.9,0.099595,-0.19934,0.1,-0.2,0.048852,-0.1216,4272.9
18,0.10075,-0.20022,0.1,-0.2,0.0485,-0.12131,4274.7
18.1,0.097832,-0.20076,0.1,-0.2,0.04927,-0.1212,4273.7
18.2,0.10155,-0.19899,0.1,-0.2,0.048532,-0.12154,4271.8
18.3,0.10066,-0.19949,0.1,-0.2,0.048558,-0.1217,4214.4
18.4,0.10007,-0.20012,0.1,-0.2,0.048622,-0.12161,4273
18.5,0.10021,-0.20023,0.1,-0.2,0.048544,-0.12148,4216.7
18.6,0.099272,-0.20106,0.1,-0.2,0.048749,-0.12105,4270.9
18.7,0.099443,-0.20008,0.1,-0.2,0.048826,-0.12114,4215.8
18.8,0.099575,-0.19891,0.1,-0.2,0.048981,-0.12173,4273.8
18.9,0.10023,-0.2003,0.1,-0.2,0.048791,-0.12141,4277.3
19,0.099927,-0.20012,0.1,-0.2,0.048835,-0.12139,4272.4
19.1,0.09853,-0.20111,0.1,-0.2,0.049236,-0.12099,4274.9
19.2,0.10134,-0.19949,0.1,-0.2,0.048632,-0.12116,4214.7
19.3,0.10327,-0.19826,0.1,-0.2,0.047863,-0.12174,4271.5
19.4,0.099546,-0.20078,0.1,-0.2,0.048414,-0.12137,4215
19.5,0.099189,-0.20066,0.1,-0.2,0.048599,-0.12117,4271.9
19.6,0.1008,-0.19917,0.1,-0.2,0.048298,-0.12155,4214.1
19.7,0.099302,-0.1998,0.1,-0.2,0.048633,-0.12167,4272
19.8,0.099692,-0.20035,0.1,-0.2,0.048584,-0.12146,4216.8
19.9,0.099321,-0.20026,0.1,-0.2,0.048758,-0.12141,4274.3
20,0.09894,-0.19995,0.1,-0.2,0.049026,-0.12154,4275.9
20.1,0.099985,-0.20033,0.1,-0.2,0.048833,-0.12132,4273.7
20.2,0.10174,-0.19936,0.1,-0.2,0.048304,-0.1215,4273.7
20.3,0.10091,-0.19915,0.1,-0.2,0.048319,-0.12187,4213.6
20.4,0.098081,-0.20157,0.1,-0.2,0.048971,-0.12122,4272.3
20.5,0.099399,-0.20029,0.1,-0.2,0.048898,-0.1212,4215.1
20.6,0.10027,-0.20011,0.1,-0.2,0.048696,-0.12112,4270.9
20.7,0.099888,-0.20009,0.1,-0.2,0.048753,-0.12111,4213.6
20.8,0.10074,-0.19914,0.1,-0.2,0.04857,-0.12148,4268.6
20.9,0.09893,-0.20138,0.1,-0.2,0.048923,-0.12083,4214.6
21,0.099487,-0.19936,0.1,-0.2,0.049015,-0.1213,4272.5
21.1,0.10026,-0.19982,0.1,-0.2,0.048849,-0.12127,4275.7
21.2,0.1003,-0.20013,0.1,-0.2,0.048765,-0.12116,4273.1
21.3,0.10191,-0.19872,0.1,-0.2,0.048274,-0.12166,4273.2
21.4,0.099609,-0.1998,0.1,-0.2,0.048699,-0.12176,4214.3
21.5,0.10059,-0.2004,0.1,-0.2,0.048414,-0.12145,4273.3
21.6,0.099643,-0.20044,0.1,-0.2,0.048582,-0.12133,4213.6
21.7,0.099204,-0.20013,0.1,-0.2,0.048796,-0.12138,4270.6
21.8,0.10009,-0.19973,0.1,-0.2,0.04866,-0.12148,4212.4
21.9,0.099795,-0.20052,0.1,-0.2,0.048696,-0.12121,4270.1
22,0.10063,-0.19947,0.1,-0.2,0.048503,-0.12146,4214.1
22.1,0.099267,-0.20088,0.1,-0.2,0.048765,-0.12106,4272.4
22.2,0.099531,-0.20005,0.1,-0.2,0.048833,-0.12114,4274.3
22.3,0.10041,-0.19914,0.1,-0.2,0.048694,-0.12152,4271.1
22.4,0.10069,-0.19962,0.1,-0.2,0.048535,-0.12157,4274
22.5,0.099326,-0.20069,0.1,-0.2,0.048796,-0.12127,4213.4
22.6,0.099878,-0.19995,0.1,-0.2,0.048763,-0.12136,4272
22.7,0.099902,-0.20002,0.1,-0.2,0.048774,-0.12134,4213.2
22.8,0.10009,-0.19977,0.1,-0.2,0.048744,-0.12145,4270.7
22.9,0.10015,-0.20044,0.1,-0.2,0.048661,-0.12119,4214.5
23,0.10026,-0.19927,0.1,-0.2,0.048671,-0.12159,4269.9
23.1,0.1007,-0.20033,0.1,-0.2,0.048435,-0.12129,4215.2
23.2,0.098984,-0.20037,0.1,-0.2,0.048855,-0.12127,4272.7
23.3,0.10183,-0.19868,0.1,-0.2,0.048214,-0.12176,4273.2
23.4,0.099023,-0.20051,0.1,-0.2,0.04874,-0.12154,4272.3
23.5,0.099106,-0.20101,0.1,-0.2,0.048826,-0.12112,4272.9
23.6,0.099668,-0.20031,0.1,-0.2,0.048786,-0.12105,4213.9
23.7,0.099639,-0.20035,0.1,-0.2,0.048839,-0.12094,4272.5
23.8,0.10033,-0.19922,0.1,-0.2,0.048734,-0.12132,4214.1
23.9,0.10003,-0.1998,0.1,-0.2,0.048788,-0.12136,4271.1
24,0.10028,-0.19941,0.1,-0.2,0.048748,-0.12161,4212.7
24.1,0.10088,-0.20038,0.1,-0.2,0.048447,-0.12127,4270.7
24.2,0.099165,-0.2002,0.1,-0.2,0.048848,-0.12133,4215.6
24.3,0.10046,-0.19876,0.1,-0.2,0.048684,-0.1219,4271.6
24.4,0.099472,-0.2009,0.1,-0.2,0.048827,-0.12138,4273.9
24.5,0.099394,-0.2004,0.1,-0.2,0.048928,-0.1213,4273.9
24.6,0.099902,-0.20037,0.1,-0.2,0.048841,-0.12114,4271.2
24.7,0.10066,-0.19943,0.1,-0.2,0.048664,-0.12141,4213.5
24.8,0.099668,-0.20079,0.1,-0.2,0.048796,-0.12101,4272.4
24.9,0.099604,-0.20078,0.1,-0.2,0.048835,-0.12072,4214
25,0.10012,-0.19865,0.1,0.2,0.058835,-0.11072,49476
25.1,0.12066,-0.1827,0.1,0.2,0.068114,-0.10072,19954
25.2,0.16742,-0.15346,0.1,0.2,0.059109,-0.090722,20010
25.3,0.182,-0.13603,0.1,0.2,0.051386,-0.080722,19952
25.4,0.17204,-0.12401,0.1,0.2,0.048804,-0.070722,20007
25.5,0.16443,-0.10738,0.1,0.2,0.046953,-0.060723,19951
25.6,0.16029,-0.089661,0.1,0.2,0.044608,-0.050723,20008
25.7,0.15737,-0.071844,0.1,0.2,0.041549,-0.040723,19949
25.8,0.15365,-0.054867,0.1,0.2,0.038692,-0.030723,19953
25.9,0.14941,-0.038056,0.1,0.2,0.036183,-0.020723,19953
26,0.14629,-0.018935,0.1,0.2,0.03336,-0.010723,19952
26.1,0.14258,-0.00275,0.1,0.2,0.030756,-0.000723,19952
26.2,0.13941,0.015888,0.1,0.2,0.027908,0.009277,19953
26.3,0.13675,0.033963,0.1,0.2,0.024842,0.019277,20009
26.4,0.1315,0.050535,0.1,0.2,0.022507,0.029277,19952
26.5,0.1279,0.068122,0.1,0.2,0.019944,0.039277,20008
26.6,0.12499,0.085265,0.1,0.2,0.017203,0.049277,19952
26.7,0.12096,0.10236,0.1,0.2,0.014709,0.059277,20010
26.8,0.11778,0.12022,0.1,0.2,0.012009,0.069277,32855
26.9,0.11573,0.13644,0.1,0.2,0.008966,0.079277,33128
27,0.11103,0.15346,0.1,0.2,0.006335,0.089277,33930
27.1,0.10762,0.17144,0.1,0.2,0.003506,0.099277,30700
27.2,0.10286,0.18795,0.1,0.2,0.00316,0.10236,4270.5
27.3,0.099839,0.20108,0.1,0.2,0.004127,0.10005,4215.4
27.4,0.098545,0.20159,0.1,0.2,0.004766,0.099119,4273.5
27.5,0.098696,0.20054,0.1,0.2,0.004946,0.099021,4274.9
27.6,0.099673,0.20064,0.1,0.2,0.004824,0.098847,4271.8
27.7,0.098613,0.19888,0.1,0.2,0.005115,0.099381,4273.3
27.8,0.098818,0.19949,0.1,0.2,0.005299,0.099465,4273
27.9,0.1006,0.20048,0.1,0.2,0.004981,0.099272,4271.6
28,0.099228,0.19984,0.1,0.2,0.005306,0.099295,4214.1
28.1,0.099853,0.20005,0.1,0.2,0.00525,0.099277,4271.8
28.2,0.10171,0.20116,0.1,0.2,0.004754,0.098869,4213.5
28.3,0.10147,0.20002,0.1,0.2,0.004495,0.099049,4270.9
28.4,0.099258,0.19967,0.1,0.2,0.004938,0.099072,4215.6
28.5,0.099448,0.19924,0.1,0.2,0.004974,0.099398,4273.1
28.6,0.099004,0.20013,0.1,0.2,0.005243,0.099182,4275.4
28.7,0.099834,0.20034,0.1,0.2,0.005163,0.099059,4272.7
28.8,0.10124,0.2001,0.1,0.2,0.004709,0.099184,4275.3
28.9,0.099038,0.19936,0.1,0.2,0.005169,0.099359,4214.5
29,0.10096,0.20045,0.1,0.2,0.004767,0.099196,4271.9
29.1,0.10016,0.19981,0.1,0.2,0.004832,0.099308,4215.9
29.2,0.099258,0.19985,0.1,0.2,0.005099,0.099282,4271.6
29.3,0.10061,0.20124,0.1,0.2,0.004884,0.098734,4213.9
29.4,0.10011,0.19958,0.1,0.2,0.004884,0.099066,4271.4
29.5,0.099683,0.19929,0.1,0.2,0.004943,0.099355,4216.3
29.6,0.099824,0.19992,0.1,0.2,0.004966,0.09931,4274.1
29.7,0.10005,0.20048,0.1,0.2,0.004971,0.099064,4276.4
29.8,0.10004,0.20014,0.1,0.2,0.004962,0.09905,4272.9
29.9,0.099795,0.19972,0.1,0.2,0.005009,0.099191,4275
30,0.10043,0.19969,0.1,0.2,0.004813,0.099375,4215.2
30.1,0.098784,0.19916,-0.1,0.2,-0.005187,0.089375,1.0706e+05
30.2,0.071946,0.18005,-0.1,0.2,-0.015187,0.08664,78244
30.3,0.050217,0.16996,-0.1,0.2,-0.025187,0.091497,67663
30.4,0.009612,0.15728,-0.1,0.2,-0.035187,0.1015,39547
30.5,-0.038212,0.16004,-0.1,0.2,-0.045187,0.1115,52657
30.6,-0.076718,0.16562,-0.1,0.2,-0.046707,0.1215,35305
30.7,-0.10497,0.18188,-0.1,0.2,-0.042694,0.12613,4276.6
30.8,-0.10838,0.19884,-0.1,0.2,-0.040322,0.12394,4272.8
30.9,-0.10535,0.20287,-0.1,0.2,-0.039706,0.12224,4275.4
31,-0.10423,0.20218,-0.1,0.2,-0.039243,0.12141,4213.9
31.1,-0.10189,0.20087,-0.1,0.2,-0.039274,0.12129,4273.6
31.2,-0.10047,0.20044,-0.1,0.2,-0.039315,0.12121,4214
31.3,-0.09896,0.20025,-0.1,0.2,-0.039683,0.12125,4271
31.4,-0.10027,0.19997,-0.1,0.2,-0.039434,0.12121,4213.6
31.5,-0.10068,0.20019,-0.1,0.2,-0.039209,0.12104,4269.6
31.6,-0.1011,0.19861,-0.1,0.2,-0.039064,0.1217,4214.5
31.7,-0.099907,0.20054,-0.1,0.2,-0.0392,0.12135,4273.1
31.8,-0.10035,0.19956,-0.1,0.2,-0.039124,0.12158,4273.6
31.9,-0.10002,0.20062,-0.1,0.2,-0.039105,0.12123,4271.9
32,-0.10019,0.19915,-0.1,0.2,-0.03912,0.12171,4275.5
32.1,-0.099194,0.20086,-0.1,0.2,-0.039331,0.12128,4212.6
32.2,-0.098994,0.20071,-0.1,0.2,-0.039505,0.12106,4271.9
32.3,-0.10111,0.19933,-0.1,0.2,-0.039046,0.12132,4213.5
32.4,-0.10034,0.19952,-0.1,0.2,-0.039123,0.12152,4271.2
32.5,-0.098632,0.20038,-0.1,0.2,-0.039601,0.12143,4213.2
32.6,-0.10093,0.19947,-0.1,0.2,-0.039141,0.12158,4269.2
32.7,-0.099463,0.20094,-0.1,0.2,-0.039364,0.12114,4214
32.8,-0.10132,0.19953,-0.1,0.2,-0.038888,0.12131,4271.6
32.9,-0.099541,0.19967,-0.1,0.2,-0.039264,0.12155,4274.1
33,-0.10022,0.20034,-0.1,0.2,-0.039106,0.1213,4273.7
33.1,-0.099292,0.20012,-0.1,0.2,-0.039358,0.12135,4272.5
33.2,-0.099346,0.20026,-0.1,0.2,-0.039459,0.12127,4212.9
33.3,-0.10034,0.19991,-0.1,0.2,-0.039245,0.12127,4272.5
33.4,-0.099385,0.19965,-0.1,0.2,-0.039534,0.12152,4213.8
33.5,-0.099751,0.20028,-0.1,0.2,-0.039497,0.12133,4271
33.6,-0.10168,0.19954,-0.1,0.2,-0.038936,0.12141,4213.8
33.7,-0.10067,0.19941,-0.1,0.2,-0.039004,0.12168,4269.8
33.8,-0.10002,0.2002,-0.1,0.2,-0.03908,0.12155,4214.6
33.9,-0.0996,0.20051,-0.1,0.2,-0.039186,0.12134,4272.4
34,-0.099053,0.20031,-0.1,0.2,-0.039425,0.12132,4274.5
34.1,-0.1004,0.20008,-0.1,0.2,-0.039132,0.12122,4273.8
34.2,-0.099302,0.20055,-0.1,0.2,-0.039377,0.12104,4270.9
34.3,-0.10072,0.1993,-0.1,0.2,-0.039106,0.12135,4213.5
34.4,-0.10143,0.19936,-0.1,0.2,-0.038776,0.1215,4272.5
34.5,-0.098159,0.20129,-0.1,0.2,-0.039495,0.12103,4213.3
34.6,-0.1004,0.19981,-0.1,0.2,-0.039127,0.12113,4270.2
34.7,-0.099849,0.19983,-0.1,0.2,-0.039244,0.12124,4215.1
34.8,-0.099941,0.19956,-0.1,0.2,-0.039271,0.12144,4270.7
34.9,-0.099414,0.20019,-0.1,0.2,-0.039429,0.12135,4213.9
35,-0.10085,0.19945,-0.1,0.2,-0.039118,0.12153,4271.8
35.1,-0.099233,0.20052,-0.1,0.2,-0.039437,0.12133,4273.7
35.2,-0.099595,0.20066,-0.1,0.2,-0.039419,0.12105,4273.9
35.3,-0.0998,0.19967,-0.1,0.2,-0.039463,0.12129,4272.4
35.4,-0.10064,0.19928,-0.1,0.2,-0.039278,0.12155,4214.4
35.5,-0.09939,0.20078,-0.1,0.2,-0.03949,0.12117,4271.1
35.6,-0.10125,0.19959,-0.1,0.2,-0.039037,0.1213,4214.2
35.7,-0.09977,0.19959,-0.1,0.2,-0.039327,0.12156,4270.7
35.8,-0.10061,0.19929,-0.1,0.2,-0.039149,0.12181,4215.7
35.9,-0.099385,0.20033,-0.1,0.2,-0.039398,0.12165,4270.9
36,-0.10088,0.20006,-0.1,0.2,-0.039014,0.12152,4275
36.1,-0.099346,0.20098,-0.1,0.2,-0.039269,0.12114,4271.4
36.2,-0.09749,0.20121,-0.1,0.2,-0.039946,0.12086,4273.5
36.3,-0.10248,0.199,-0.1,0.2,-0.038841,0.12113,4273.7
36.4,-0.10082,0.19968,-0.1,0.2,-0.038934,0.12122,4272.1
36.5,-0.10019,0.19988,-0.1,0.2,-0.039006,0.12128,4214.3
36.6,-0.099805,0.19936,-0.1,0.2,-0.039169,0.12163,4272.8
36.7,-0.099233,0.2005,-0.1,0.2,-0.039356,0.12137,4214.3
36.8,-0.10094,0.19872,-0.1,0.2,-0.03901,0.12193,4269.8
36.9,-0.099556,0.20109,-0.1,0.2,-0.03918,0.12132,4215.3
37,-0.099692,0.20011,-0.1,0.2,-0.039232,0.12139,4273.7
37.1,-0.099316,0.20099,-0.1,0.2,-0.03934,0.12096,4273.9
37.2,-0.10057,0.19987,-0.1,0.2,-0.039078,0.12104,4270.2
37.3,-0.099643,0.19975,-0.1,0.2,-0.039294,0.12123,4275
37.4,-0.09999,0.19879,-0.1,0.2,-0.039354,0.12181,4214.9
37.5,-0.10105,0.19967,-0.1,0.2,-0.039002,0.12173,4272.5
37.6,-0.099775,0.2007,-0.1,0.2,-0.039162,0.1214,4213.1
37.7,-0.10002,0.20047,-0.1,0.2,-0.039094,0.12122,4271.9
37.8,-0.099985,0.19952,-0.1,0.2,-0.039158,0.12153,4214.9
37.9,-0.099927,0.2005,-0.1,0.2,-0.039133,0.12123,4270.1
38,-0.10076,0.19944,-0.1,0.2,-0.038913,0.12148,4214.6
38.1,-0.099287,0.20019,-0.1,0.2,-0.039246,0.12144,4271.6
38.2,-0.10014,0.20093,-0.1,0.2,-0.03902,0.12093,4275
38.3,-0.099477,0.2002,-0.1,0.2,-0.039211,0.12099,4272.1
38.4,-0.10068,0.19925,-0.1,0.2,-0.038978,0.12131,4274
38.5,-0.1,0.19908,-0.1,0.2,-0.039136,0.12173,4214.3
38.6,-0.099341,0.20037,-0.1,0.2,-0.03932,0.12151,4270.9
38.7,-0.10061,0.19968,-0.1,0.2,-0.039038,0.1216,4213.9
38.8,-0.10037,0.20037,-0.1,0.2,-0.038965,0.12137,4270.8
38.9,-0.10031,0.20047,-0.1,0.2,-0.038882,0.12116,4213.9
39,-0.09958,0.20012,-0.1,0.2,-0.039077,0.12122,4269.9
39.1,-0.099512,0.19953,-0.1,0.2,-0.039231,0.12151,4215.8
39.2,-0.099013,0.20078,-0.1,0.2,-0.039406,0.12113,4273.4
39.3,-0.099927,0.20003,-0.1,0.2,-0.039285,0.12114,4275.5
39.4,-0.10101,0.19931,-0.1,0.2,-0.03899,0.1214,4272.9
39.5,-0.099399,0.19929,-0.1,0.2,-0.039397,0.1218,4274.7
39.6,-0.10122,0.19951,-0.1,0.2,-0.038936,0.12182,4215.2
39.7,-0.10031,0.19981,-0.1,0.2,-0.039014,0.12189,4272.7
39.8,-0.099888,0.20166,-0.1,0.2,-0.038956,0.12105,4215.5
39.9,-0.10074,0.19911,-0.1,0.2,-0.038791,0.1216,4271.9
40,-0.098999,0.20027,-0.1,0.2,-0.039216,0.12152,4212.9
40.1,-0.09979,0.20033,-0.1,-0.2,-0.049216,0.11152,49474
40.2,-0.11765,0.1862,-0.1,-0.2,-0.059216,0.10152,26729
40.3,-0.16398,0.15561,-0.1,-0.2,-0.051076,0.091524,20009
40.4,-0.18158,0.1374,-0.1,-0.2,-0.043031,0.081524,19953
40.5,-0.17408,0.12478,-0.1,-0.2,-0.039754,0.071524,20008
40.6,-0.16545,0.10902,-0.1,-0.2,-0.037934,0.061524,19951
40.7,-0.16106,0.090999,-0.1,-0.2,-0.035559,0.051524,19955
40.8,-0.1589,0.072591,-0.1,-0.2,-0.032167,0.041524,19954
40.9,-0.15377,0.055541,-0.1,-0.2,-0.029491,0.031524,19956
41,-0.1485,0.038925,-0.1,-0.2,-0.027308,0.021524,19952
41.1,-0.14607,0.021104,-0.1,-0.2,-0.024546,0.011524,19950
41.2,-0.14197,0.005499,-0.1,-0.2,-0.022202,0.001524,20011
41.3,-0.13964,-0.013827,-0.1,-0.2,-0.019246,-0.008476,19951
41.4,-0.13574,-0.031062,-0.1,-0.2,-0.01664,-0.018476,20009
41.5,-0.13383,-0.049836,-0.1,-0.2,-0.013429,-0.028476,19952
41.6,-0.12927,-0.06674,-0.1,-0.2,-0.010808,-0.038476,20009
41.7,-0.12637,-0.084274,-0.1,-0.2,-0.007865,-0.048476,19949
41.8,-0.1207,-0.10076,-0.1,-0.2,-0.005715,-0.058476,19955
41.9,-0.11889,-0.11848,-0.1,-0.2,-0.002722,-0.068476,32920
42,-0.11578,-0.13451,-0.1,-0.2,0.000137,-0.078476,33127
42.1,-0.11113,-0.15106,-0.1,-0.2,0.002668,-0.088476,33992
42.2,-0.10755,-0.16773,-0.1,-0.2,0.005312,-0.098476,30704
42.3,-0.10376,-0.18616,-0.1,-0.2,0.006228,-0.1026,4270.9
42.4,-0.10163,-0.19942,-0.1,-0.2,0.005852,-0.10107,4215.5
42.5,-0.098344,-0.20185,-0.1,-0.2,0.004802,-0.099681,4273.9
42.6,-0.098657,-0.20084,-0.1,-0.2,0.004584,-0.099433,4274.2
42.7,-0.10052,-0.20125,-0.1,-0.2,0.004953,-0.099081,4272.3
42.8,-0.10037,-0.20024,-0.1,-0.2,0.005039,-0.09913,4272
42.9,-0.10112,-0.20035,-0.1,-0.2,0.005329,-0.099074,4212.4
43,-0.099458,-0.19945,-0.1,-0.2,0.005006,-0.099268,4272
43.1,-0.10026,-0.20031,-0.1,-0.2,0.005127,-0.099101,4213.7
43.2,-0.099814,-0.1997,-0.1,-0.2,0.005068,-0.099258,4270.1
43.3,-0.099971,-0.20018,-0.1,-0.2,0.005069,-0.099142,4213.6
43.4,-0.099087,-0.19927,-0.1,-0.2,0.004836,-0.099442,4269.7
43.5,-0.099805,-0.20074,-0.1,-0.2,0.004824,-0.09901,4215.7
43.6,-0.1009,-0.20089,-0.1,-0.2,0.0051,-0.098737,4273
43.7,-0.10092,-0.19968,-0.1,-0.2,0.005323,-0.099053,4274.4
43.8,-0.099179,-0.19938,-0.1,-0.2,0.004953,-0.099206,4272.4
43.9,-0.10063,-0.20107,-0.1,-0.2,0.005168,-0.098686,4271.1
44,-0.09833,-0.19869,-0.1,-0.2,0.004648,-0.099275,4212.7
44.1,-0.10028,-0.19878,-0.1,-0.2,0.005081,-0.09988,4272.9
44.2,-0.10032,-0.20101,-0.1,-0.2,0.005049,-0.099241,4214.9
44.3,-0.10063,-0.20119,-0.1,-0.2,0.00511,-0.098772,4269.9
44.4,-0.10035,-0.19964,-0.1,-0.2,0.005192,-0.099099,4214.4
44.5,-0.099458,-0.19956,-0.1,-0.2,0.004979,-0.099221,4268.9
44.6,-0.10003,-0.20007,-0.1,-0.2,0.005063,-0.099169,4213.7
44.7,-0.099956,-0.19947,-0.1,-0.2,0.005093,-0.09944,4271.9
44.8,-0.10066,-0.2002,-0.1,-0.2,0.005299,-0.099349,4273.2
44.9,-0.099302,-0.19952,-0.1,-0.2,0.005007,-0.099507,4272.3
45,-0.10049,-0.2007,-0.1,-0.2,0.005197,-0.099177,4271.6
45.1,-0.099189,-0.19975,0.1,-0.2,0.015197,-0.089177,1.0708e+05
45.2,-0.065548,-0.17672,0.1,-0.2,0.025197,-0.088887,70357
45.3,-0.038847,-0.16574,0.1,-0.2,0.035197,-0.096885,89879
45.4,-0.005402,-0.15856,0.1,-0.2,0.045197,-0.10688,59711
45.5,0.036713,-0.16348,0.1,-0.2,0.055197,-0.11689,52711
45.6,0.079365,-0.17402,0.1,-0.2,0.056464,-0.12688,30704
45.7,0.10605,-0.19151,0.1,-0.2,0.051391,-0.12649,4271.8
45.8,0.10497,-0.20372,0.1,-0.2,0.050086,-0.12329,4275.3
45.9,0.1048,-0.2034,0.1,-0.2,0.049258,-0.12184,4214.6
46,0.10383,-0.20225,0.1,-0.2,0.048859,-0.12109,4272.4
46.1,0.10225,-0.19982,0.1,-0.2,0.048798,-0.12145,4213.2
46.2,0.10159,-0.20033,0.1,-0.2,0.048488,-0.12121,4271.9
46.3,0.10038,-0.19987,0.1,-0.2,0.048598,-0.12134,4214
46.4,0.10027,-0.20019,0.1,-0.2,0.04854,-0.12123,4270.8
46.5,0.098398,-0.2004,0.1,-0.2,0.049082,-0.12121,4215
46.6,0.098535,-0.19978,0.1,-0.2,0.049362,-0.12143,4272.7
46.7,0.099824,-0.20029,0.1,-0.2,0.049156,-0.12119,4275.6
46.8,0.10107,-0.19917,0.1,-0.2,0.048831,-0.12153,4270.8
46.9,0.099101,-0.20052,0.1,-0.2,0.049237,-0.12133,4273.5
47,0.10175,-0.1994,0.1,-0.2,0.048593,-0.12147,4213.7
47.1,0.099766,-0.2008,0.1,-0.2,0.048855,-0.12111,4271.8
47.2,0.10142,-0.19886,0.1,-0.2,0.048458,-0.12162,4213.9
47.3,0.099419,-0.2,0.1,-0.2,0.048842,-0.12163,4271.1
47.4,0.098901,-0.20076,0.1,-0.2,0.049074,-0.12133,4213.2
47.5,0.099551,-0.19965,0.1,-0.2,0.049084,-0.12157,4269.6
47.6,0.10055,-0.19973,0.1,-0.2,0.048846,-0.12159,4215.6
47.7,0.09935,-0.2013,0.1,-0.2,0.049018,-0.12098,4271.5
47.8,0.10023,-0.19968,0.1,-0.2,0.048908,-0.12124,4274.7
47.9,0.099609,-0.19935,0.1,-0.2,0.049133,-0.1216,4272.1
48,0.10047,-0.20056,0.1,-0.2,0.048855,-0.12117,4275.1
48.1,0.10054,-0.19922,0.1,-0.2,0.048807,-0.12159,4214.6
48.2,0.10086,-0.20037,0.1,-0.2,0.048563,-0.12126,4272.3
48.3,0.098735,-0.19977,0.1,-0.2,0.049143,-0.12159,4214.9
48.4,0.099785,-0.20098,0.1,-0.2,0.048952,-0.12103,4271.3
48.5,0.099761,-0.20023,0.1,-0.2,0.048979,-0.12102,4213.2
48.6,0.099487,-0.19973,0.1,-0.2,0.049144,-0.12123,4270
48.7,0.10089,-0.19945,0.1,-0.2,0.048807,-0.12137,4213.7
48.8,0.099297,-0.19942,0.1,-0.2,0.049224,-0.12172,4273.1
48.9,0.10125,-0.19986,0.1,-0.2,0.0487,-0.12156,4274.4
49,0.10094,-0.20038,0.1,-0.2,0.048524,-0.12131,4272.4
49.1,0.099956,-0.19969,0.1,-0.2,0.048724,-0.12157,4273.8
49.2,0.099482,-0.20049,0.1,-0.2,0.04885,-0.12134,4213.9
49.3,0.098769,-0.20068,0.1,-0.2,0.049142,-0.12114,4271
49.4,0.10035,-0.19906,0.1,-0.2,0.048918,-0.1216,4214
49.5,0.099516,-0.20022,0.1,-0.2,0.049088,-0.12145,4270.2
49.6,0.099741,-0.20021,0.1,-0.2,0.049092,-0.12137,4213.1
49.7,0.10145,-0.19889,0.1,-0.2,0.048665,-0.1218,4268.4
49.8,0.10024,-0.19997,0.1,-0.2,0.048789,-0.12174,4215.1
49.9,0.099609,-0.2004,0.1,-0.2,0.048923,-0.12158,4273.4
50,0.098154,-0.20138,0.1,-0.2,0.049382,-0.12109,4274.6
50.1,0.10013,-0.20023,0.1,-0.2,0.049064,-0.12101,4274.9
50.2,0.10115,-0.20035,0.1,-0.2,0.048651,-0.12075,4271.3
50.3,0.10126,-0.19875,0.1,-0.2,0.048516,-0.12137,4214.3
50.4,0.097875,-0.20116,0.1,-0.2,0.04932,-0.12093,4272.4
50.5,0.10031,-0.20002,0.1,-0.2,0.048932,-0.1209,4215.3
50.6,0.099824,-0.19971,0.1,-0.2,0.04904,-0.12108,4271.1
50.7,0.10041,-0.19979,0.1,-0.2,0.048881,-0.1211,4215.3
50.8,0.10046,-0.19948,0.1,-0.2,0.048823,-0.12132,4270
50.9,0.099424,-0.20034,0.1,-0.2,0.049069,-0.12117,4215.3
51,0.09979,-0.19976,0.1,-0.2,0.049073,-0.12132,4273.1
51.1,0.09917,-0.19996,0.1,-0.2,0.049319,-0.12139,4275
51.2,0.10239,-0.20006,0.1,-0.2,0.048376,-0.12106,4274.9
51.3,0.099053,-0.19971,0.1,-0.2,0.049069,-0.12144,4272.5
51.4,0.09893,-0.20119,0.1,-0.2,0.04921,-0.12087,4215
51.5,0.099761,-0.19959,0.1,-0.2,0.049178,-0.12117,4273
51.6,0.10133,-0.19958,0.1,-0.2,0.048721,-0.1212,4215.8
51.7,0.10104,-0.19951,0.1,-0.2,0.048579,-0.12136,4270.6
51.8,0.099873,-0.19958,0.1,-0.2,0.048831,-0.1216,4214.9
51.9,0.1001,-0.20041,0.1,-0.2,0.048748,-0.12132,4272
52,0.10001,-0.19956,0.1,-0.2,0.048796,-0.12159,4216.2
52.1,0.099785,-0.20035,0.1,-0.2,0.048822,-0.12138,4274.1
52.2,0.099976,-0.20007,0.1,-0.2,0.048793,-0.12137,4276.7
52.3,0.099878,-0.20012,0.1,-0.2,0.048827,-0.12133,4274.4
52.4,0.099751,-0.19991,0.1,-0.2,0.048902,-0.12141,4272
52.5,0.10018,-0.19994,0.1,-0.2,0.048809,-0.1214,4214.4
52.6,0.10002,-0.20024,0.1,-0.2,0.048805,-0.12127,4273.8
52.7,0.10087,-0.19989,0.1,-0.2,0.048527,-0.12127,4214.2
52.8,0.098637,-0.2005,0.1,-0.2,0.049076,-0.12119,4269.6
52.9,0.099131,-0.19986,0.1,-0.2,0.049195,-0.12134,4215.3
53,0.10139,-0.19833,0.1,-0.2,0.048725,-0.12198,4269.1
53.1,0.10023,-0.20185,0.1,-0.2,0.048658,-0.1209,4215.6
53.2,0.10077,-0.19918,0.1,-0.2,0.048534,-0.12145,4272.3
53.3,0.099702,-0.20016,0.1,-0.2,0.048748,-0.12137,4273
53.4,0.099697,-0.20139,0.1,-0.2,0.048693,-0.12069,4273.9
53.5,0.10082,-0.19917,0.1,-0.2,0.048454,-0.12116,4271.6
53.6,0.098789,-0.2005,0.1,-0.2,0.048931,-0.12099,4213.1
53.7,0.099751,-0.19994,0.1,-0.2,0.048849,-0.12104,4272.1
53.8,0.098921,-0.19973,0.1,-0.2,0.049195,-0.12126,4214.3
53.9,0.1018,-0.19815,0.1,-0.2,0.048576,-0.12194,4269.7
54,0.099121,-0.2015,0.1,-0.2,0.048965,-0.12114,4213.8
54.1,0.099287,-0.20033,0.1,-0.2,0.049088,-0.12116,4272.8
54.2,0.10129,-0.19847,0.1,-0.2,0.048682,-0.12182,4274.1
54.3,0.1011,-0.20038,0.1,-0.2,0.048445,-0.12141,4272.4
54.4,0.098701,-0.2017,0.1,-0.2,0.048898,-0.12076,4274.4
54.5,0.099277,-0.19917,0.1,-0.2,0.049071,-0.12139,4273.2
54.6,0.099477,-0.20016,0.1,-0.2,0.049111,-0.12124,4272.4
54.7,0.10102,-0.19899,0.1,-0.2,0.048757,-0.12163,4212.7
54.8,0.10085,-0.19956,0.1,-0.2,0.048636,-0.12171,4270.9
54.9,0.10043,-0.2004,0.1,-0.2,0.048589,-0.12146,4214.8
55,0.098442,-0.20136,0.1,-0.2,0.049079,-0.12099,4269.9
55.1,0.1003,-0.19952,0.1,0.2,0.059079,-0.11099,49481
55.2,0.12219,-0.18257,0.1,0.2,0.067797,-0.10099,20007
55.3,0.16861,-0.15334,0.1,0.2,0.058618,-0.090991,19953
55.4,0.17936,-0.13743,0.1,0.2,0.051964,-0.080991,20008
55.5,0.1718,-0.12429,0.1,0.2,0.049108,-0.070991,19951
55.6,0.16309,-0.1071,0.1,0.2,0.047591,-0.060991,19953
55.7,0.16181,-0.089734,0.1,0.2,0.044595,-0.050991,19952
55.8,0.1583,-0.070965,0.1,0.2,0.041385,-0.040991,19954
55.9,0.15433,-0.054774,0.1,0.2,0.038489,-0.030991,19951
56,0.1494,-0.037607,0.1,0.2,0.036054,-0.020991,19953
56.1,0.14655,-0.01977,0.1,0.2,0.033222,-0.010991,20011
56.2,0.14267,-0.00316,0.1,0.2,0.030615,-0.000991,19954
56.3,0.13825,0.014637,0.1,0.2,0.028199,0.009009,20008
56.4,0.13537,0.032327,0.1,0.2,0.025473,0.019009,19952
56.5,0.1321,0.050608,0.1,0.2,0.022715,0.029009,20007
56.6,0.12883,0.067184,0.1,0.2,0.019991,0.039009,19951
56.7,0.12576,0.085084,0.1,0.2,0.017126,0.049009,19952
56.8,0.12034,0.10144,0.1,0.2,0.014993,0.059009,19954
56.9,0.11912,0.12098,0.1,0.2,0.011741,0.069009,32864
57,0.1151,0.13601,0.1,0.2,0.009099,0.079009,33177
57.1,0.11169,0.15351,0.1,0.2,0.006177,0.089009,33938
57.2,0.10847,0.17154,0.1,0.2,0.003162,0.099009,30759
57.3,0.10261,0.18764,0.1,0.2,0.003007,0.10219,4215.5
57.4,0.098716,0.19902,0.1,0.2,0.004141,0.1008,4272
57.5,0.097431,0.20189,0.1,0.2,0.005058,0.099427,4274.8
57.6,0.098447,0.2004,0.1,0.2,0.005134,0.099456,4271.3
57.7,0.10072,0.20071,0.1,0.2,0.004614,0.099358,4273.1
57.8,0.097495,0.19967,0.1,0.2,0.005511,0.099322,4214.6
57.9,0.099482,0.19937,0.1,0.2,0.005296,0.099671,4272.4
58,0.099966,0.19964,0.1,0.2,0.005212,0.099808,4213.8
58.1,0.10107,0.20051,0.1,0.2,0.004894,0.099615,4270.1
58.2,0.10144,0.20141,0.1,0.2,0.004675,0.099034,4213.2
58.3,0.099839,0.19975,0.1,0.2,0.004925,0.099222,4269.9
58.4,0.099409,0.20006,0.1,0.2,0.00511,0.099121,4215
58.5,0.099033,0.19971,0.1,0.2,0.005316,0.099214,4272.1
58.6,0.10096,0.20058,0.1,0.2,0.004887,0.09904,4273.2
58.7,0.099746,0.1999,0.1,0.2,0.005085,0.09908,4271.7
58.8,0.099136,0.19882,0.1,0.2,0.005252,0.099596,4273.3
58.9,0.10169,0.20045,0.1,0.2,0.004617,0.099448,4212.8
59,0.098847,0.20015,0.1,0.2,0.005265,0.099207,4272
59.1,0.10026,0.20018,0.1,0.2,0.005021,0.099219,4214.6
59.2,0.10004,0.19993,0.1,0.2,0.005031,0.099273,4270.2
59.3,0.099971,0.20028,0.1,0.2,0.005075,0.099119,4214.1
59.4,0.099634,0.19971,0.1,0.2,0.005153,0.099263,4269.5
59.5,0.10077,0.2002,0.1,0.2,0.004873,0.099224,4214.3
59.6,0.099214,0.19956,0.1,0.2,0.005205,0.099352,4271.4
59.7,0.10075,0.20034,0.1,0.2,0.004878,0.099246,4273.1
59.8,0.10055,0.19965,0.1,0.2,0.004766,0.099479,4273.7
59.9,0.10007,0.20068,0.1,0.2,0.004895,0.099067,4271.5
60,0.099453,0.1995,0.1,0.2,0.005037,0.099334,4214.4
60.1,0.099946,0.19998,0.1,0.2,0.004983,0.099318,4271.1
60.2,0.10079,0.20049,-0.1,0.2,-0.005017,0.089318,92892
60.3,0.067463,0.17676,-0.1,0.2,-0.015017,0.088739,70324
60.4,0.048454,0.16993,-0.1,0.2,-0.025017,0.09331,67726
60.5,0.008019,0.16148,-0.1,0.2,-0.035017,0.10331,59690
60.6,-0.028962,0.16148,-0.1,0.2,-0.045017,0.11331,52700
60.7,-0.072957,0.16942,-0.1,0.2,-0.047933,0.12331,30698
60.8,-0.10287,0.18329,-0.1,0.2,-0.043873,0.1273,4275.1
60.9,-0.10891,0.2015,-0.1,0.2,-0.040772,0.12374,4271.9
61,-0.10632,0.20297,-0.1,0.2,-0.039939,0.12222,4216
61.1,-0.10391,0.20275,-0.1,0.2,-0.039714,0.12125,4273.1
61.2,-0.10257,0.2008,-0.1,0.2,-0.039531,0.12115,4216.3
61.3,-0.10272,0.19939,-0.1,0.2,-0.039003,0.12141,4270.8
61.4,-0.10061,0.20068,-0.1,0.2,-0.039083,0.12105,4216.1
61.5,-0.10054,0.20004,-0.1,0.2,-0.039,0.12108,4270.6
61.6,-0.099717,0.20062,-0.1,0.2,-0.039126,0.12083,4215.3
61.7,-0.10081,0.19917,-0.1,0.2,-0.03889,0.12122,4272.7
61.8,-0.10008,0.19993,-0.1,0.2,-0.038964,0.1212,4274.4
61.9,-0.099976,0.1998,-0.1,0.2,-0.039004,0.1213,4275
62,-0.099741,0.20003,-0.1,0.2,-0.039079,0.12128,4271.3
62.1,-0.098774,0.2004,-0.1,0.2,-0.039421,0.12119,4215.1
62.2,-0.10055,0.19931,-0.1,0.2,-0.03911,0.12146,4272.1
62.3,-0.10114,0.19935,-0.1,0.2,-0.038845,0.12163,4215.3
62.4,-0.099717,0.2006,-0.1,0.2,-0.039049,0.12134,4270.8
62.5,-0.099678,0.20049,-0.1,0.2,-0.039094,0.12117,4215.4
62.6,-0.09917,0.19972,-0.1,0.2,-0.039367,0.12144,4274.3
62.7,-0.10033,0.2,-0.1,0.2,-0.039117,0.12133,4276.4
62.8,-0.10017,0.2003,-0.1,0.2,-0.039069,0.12118,4273.1
62.9,-0.099492,0.2003,-0.1,0.2,-0.039253,0.12112,4274.8
63,-0.099111,0.1997,-0.1,0.2,-0.039515,0.12137,4275.2
63.1,-0.098071,0.20158,-0.1,0.2,-0.039895,0.12068,4271.7
63.2,-0.10117,0.199,-0.1,0.2,-0.03931,0.12114,4213.9
63.3,-0.099956,0.20039,-0.1,0.2,-0.03944,0.1209,4271.9
63.4,-0.099487,0.20083,-0.1,0.2,-0.039555,0.12057,4214.9
63.5,-0.1013,0.19939,-0.1,0.2,-0.039117,0.12082,4269.6
63.6,-0.10065,0.19901,-0.1,0.2,-0.039173,0.12127,4215.5
63.7,-0.099746,0.19897,-0.1,0.2,-0.039421,0.12174,4273.6
63.8,-0.10049,0.19972,-0.1,0.2,-0.039227,0.1217,4276
63.9,-0.098969,0.20047,-0.1,0.2,-0.039593,0.12154,4269.9
64,-0.10068,0.1999,-0.1,0.2,-0.039218,0.12152,4274.4
64.1,-0.099106,0.20063,-0.1,0.2,-0.03956,0.12132,4212.7
64.2,-0.10025,0.19972,-0.1,0.2,-0.039388,0.12146,4270.9
64.3,-0.10064,0.20001,-0.1,0.2,-0.039197,0.12138,4213.8
64.4,-0.099824,0.20041,-0.1,0.2,-0.039325,0.12122,4269.9
64.5,-0.10097,0.19962,-0.1,0.2,-0.039011,0.12136,4213.6
64.6,-0.10061,0.19973,-0.1,0.2,-0.038974,0.12144,4269.4
64.7,-0.099893,0.20002,-0.1,0.2,-0.039097,0.12145,4214.8
64.8,-0.098886,0.20087,-0.1,0.2,-0.039382,0.12111,4271.9
64.9,-0.099839,0.20013,-0.1,0.2,-0.039274,0.12109,4276.2
65,-0.098994,0.20024,-0.1,0.2,-0.039558,0.12108,4271.6
65.1,-0.098535,0.20066,-0.1,0.2,-0.039851,0.12087,4273.4
65.2,-0.1019,0.19764,-0.1,0.2,-0.0392,0.12188,4213.3
65.3,-0.099702,0.20089,-0.1,0.2,-0.039465,0.12129,4271.7
65.4,-0.10055,0.19981,-0.1,0.2,-0.039268,0.1214,4213
65.5,-0.10007,0.19968,-0.1,0.2,-0.039359,0.12158,4271.3
65.6,-0.10152,0.20009,-0.1,0.2,-0.038851,0.12134,4213.1
65.7,-0.10019,0.20045,-0.1,0.2,-0.03896,0.12118,4269.2
65.8,-0.099966,0.19983,-0.1,0.2,-0.039042,0.12133,4215.6
65.9,-0.099429,0.1999,-0.1,0.2,-0.039236,0.12143,4273.2
66,-0.099834,0.19984,-0.1,0.2,-0.039216,0.12148,4274.4
66.1,-0.098154,0.2012,-0.1,0.2,-0.039691,0.12102,4270.9
66.2,-0.099687,0.19969,-0.1,0.2,-0.039569,0.12124,4274.6
66.3,-0.10021,0.20062,-0.1,0.2,-0.039386,0.12086,4213.4
66.4,-0.10144,0.19883,-0.1,0.2,-0.039044,0.12139,4271.6
66.5,-0.099888,0.19953,-0.1,0.2,-0.039324,0.1216,4213.9
66.6,-0.10018,0.19958,-0.1,0.2,-0.039292,0.12173,4270.3
66.7,-0.099575,0.20038,-0.1,0.2,-0.039414,0.12154,4212.4
66.8,-0.10045,0.19993,-0.1,0.2,-0.039204,0.12154,4269.1
66.9,-0.099839,0.20081,-0.1,0.2,-0.039245,0.12116,4214.7
67,-0.10087,0.1998,-0.1,0.2,-0.038969,0.12126,4271.9
67.1,-0.098051,0.20048,-0.1,0.2,-0.039715,0.12124,4273.8
67.2,-0.10026,0.19959,-0.1,0.2,-0.03939,0.12138,4271.5
67.3,-0.10065,0.20043,-0.1,0.2,-0.039144,0.12105,4273.9
67.4,-0.10015,0.20047,-0.1,0.2,-0.03916,0.12087,4213.6
67.5,-0.09956,0.19978,-0.1,0.2,-0.039362,0.1211,4272.8
67.6,-0.099761,0.19981,-0.1,0.2,-0.039412,0.12119,4214.7
67.7,-0.10103,0.19988,-0.1,0.2,-0.039023,0.1211,4270.9
67.8,-0.099223,0.20017,-0.1,0.2,-0.039412,0.12113,4213.9
67.9,-0.10128,0.19934,-0.1,0.2,-0.038935,0.12132,4269.4
68,-0.10025,0.20033,-0.1,0.2,-0.038999,0.12112,4215.4
68.1,-0.098642,0.20047,-0.1,0.2,-0.039467,0.12107,4272
68.2,-0.1004,0.19981,-0.1,0.2,-0.039153,0.12111,4273.9
68.3,-0.099829,0.19962,-0.1,0.2,-0.039296,0.12132,4273.1
68.4,-0.099648,0.19942,-0.1,0.2,-0.039423,0.12159,4272.5
68.5,-0.10062,0.20022,-0.1,0.2,-0.039132,0.12133,4214.6
68.6,-0.1004,0.2,-0.1,0.2,-0.039097,0.12135,4271.6
68.7,-0.10014,0.20002,-0.1,0.2,-0.039106,0.12134,4214.4
68.8,-0.099326,0.19914,-0.1,0.2,-0.039436,0.12187,4271.2
68.9,-0.1002,0.20079,-0.1,0.2,-0.03919,0.12131,4214.7
69,-0.099683,0.20062,-0.1,0.2,-0.039268,0.12111,4269.1
69.1,-0.098344,0.20019,-0.1,0.2,-0.039779,0.12124,4215
69.2,-0.10022,0.19959,-0.1,0.2,-0.039498,0.12137,4272.7
69.3,-0.10131,0.20015,-0.1,0.2,-0.039061,0.12112,4274.2
69.4,-0.09914,0.19994,-0.1,0.2,-0.03955,0.12132,4274.1
69.5,-0.10111,0.19914,-0.1,0.2,-0.039137,0.12161,4270.9
69.6,-0.099766,0.20103,-0.1,0.2,-0.039281,0.12107,4213.9
69.7,-0.099018,0.20013,-0.1,0.2,-0.03958,0.12119,4272.6
69.8,-0.10163,0.19918,-0.1,0.2,-0.038951,0.12141,4214
69.9,-0.10044,0.20004,-0.1,0.2,-0.039029,0.12134,4270
70,-0.099814,0.20038,-0.1,0.2,-0.039127,0.12119,4214.3
70.1,-0.098325,0.20044,-0.1,0.2,-0.039642,0.12117,4269.6
70.2,-0.10073,0.2,-0.1,-0.2,-0.049642,0.11117,49477
70.3,-0.11973,0.18513,-0.1,-0.2,-0.059261,0.10117,20008
70.4,-0.16786,0.15357,-0.1,-0.2,-0.04994,0.09117,19953
70.5,-0.18072,0.13829,-0.1,-0.2,-0.042796,0.08117,20012
70.6,-0.17254,0.12411,-0.1,-0.2,-0.039848,0.07117,19952
70.7,-0.16465,0.10887,-0.1,-0.2,-0.038074,0.06117,19955
70.8,-0.16075,0.090007,-0.1,-0.2,-0.035607,0.05117,19953
70.9,-0.15908,0.072288,-0.1,-0.2,-0.032095,0.04117,19953
71,-0.15329,0.056259,-0.1,-0.2,-0.029661,0.03117,19953
71.1,-0.14831,0.039013,-0.1,-0.2,-0.027471,0.02117,19956
71.2,-0.14674,0.021573,-0.1,-0.2,-0.024499,0.01117,20009
71.3,-0.14227,0.003331,-0.1,-0.2,-0.022004,0.00117,19952
71.4,-0.14077,-0.01432,-0.1,-0.2,-0.018767,-0.00883,20010
71.5,-0.13666,-0.030764,-0.1,-0.2,-0.016069,-0.01883,19952
71.6,-0.13291,-0.048601,-0.1,-0.2,-0.013339,-0.02883,20013
71.7,-0.12818,-0.065856,-0.1,-0.2,-0.010958,-0.03883,19951
71.8,-0.12485,-0.084337,-0.1,-0.2,-0.008299,-0.04883,19957
71.9,-0.12137,-0.10059,-0.1,-0.2,-0.005736,-0.05883,19954
72,-0.11889,-0.11786,-0.1,-0.2,-0.002853,-0.06883,32863
72.1,-0.11413,-0.13312,-0.1,-0.2,-0.00059,-0.07883,33178
72.2,-0.11159,-0.15052,-0.1,-0.2,0.00229,-0.08883,33933
72.3,-0.10795,-0.16833,-0.1,-0.2,0.005063,-0.09883,30763
72.4,-0.10453,-0.18601,-0.1,-0.2,0.006186,-0.10309,4276.9
72.5,-0.10224,-0.20005,-0.1,-0.2,0.005835,-0.10125,4272.7
72.6,-0.099404,-0.20289,-0.1,-0.2,0.004953,-0.099464,4276
72.7,-0.099824,-0.20073,-0.1,-0.2,0.005006,-0.099458,4214.6
72.8,-0.09959,-0.20165,-0.1,-0.2,0.004852,-0.098739,4273.2
72.9,-0.098857,-0.19978,-0.1,-0.2,0.00461,-0.098966,4214.2
73,-0.10077,-0.19976,-0.1,-0.2,0.005063,-0.099215,4271.9
73.1,-0.099092,-0.19817,-0.1,-0.2,0.004785,-0.099987,4214.4
73.2,-0.099878,-0.20074,-0.1,-0.2,0.004775,-0.099432,4272.1
73.3,-0.10042,-0.20076,-0.1,-0.2,0.004875,-0.099157,4215.6
73.4,-0.10058,-0.20108,-0.1,-0.2,0.00493,-0.098733,4273.3
73.5,-0.10017,-0.19925,-0.1,-0.2,0.004994,-0.099231,4276.3
73.6,-0.099194,-0.19963,-0.1,-0.2,0.00471,-0.099254,4272.7
73.7,-0.099712,-0.19949,-0.1,-0.2,0.004766,-0.099479,4275.4
73.8,-0.099531,-0.20092,-0.1,-0.2,0.00457,-0.098918,4215
73.9,-0.10096,-0.19984,-0.1,-0.2,0.004996,-0.099219,4272.8
74,-0.099858,-0.19981,-0.1,-0.2,0.004827,-0.099244,4215.4
74.1,-0.098027,-0.19858,-0.1,-0.2,0.004285,-0.099749,4270.7
74.2,-0.10084,-0.2005,-0.1,-0.2,0.004794,-0.099522,4213.2
74.3,-0.10043,-0.20046,-0.1,-0.2,0.004792,-0.099336,4270.7
74.4,-0.10109,-0.20075,-0.1,-0.2,0.005043,-0.099094,4214.2
74.5,-0.09896,-0.199,-0.1,-0.2,0.00462,-0.099525,4272
74.6,-0.10077,-0.19992,-0.1,-0.2,0.005009,-0.099591,4275.7
74.7,-0.10043,-0.20042,-0.1,-0.2,0.005018,-0.099371,4272.5
74.8,-0.099458,-0.19982,-0.1,-0.2,0.004787,-0.099425,4273.3
74.9,-0.099917,-0.20059,-0.1,-0.2,0.004789,-0.099128,4213.6
75,-0.099438,-0.1996,-0.1,-0.2,0.004652,-0.099344,4270.7
75.1,-0.098501,-0.19869,-0.1,-0.2,0.004349,-0.099858,4213.3
75.2,-0.10152,-0.20126,0.1,-0.2,0.014349,-0.089858,92992
75.3,-0.069665,-0.1785,0.1,-0.2,0.024349,-0.088072,78276
75.4,-0.044586,-0.16783,0.1,-0.2,0.034349,-0.094523,67697
75.5,-0.006256,-0.15786,0.1,-0.2,0.044349,-0.10452,59764
75.6,0.035878,-0.16172,0.1,-0.2,0.054349,-0.11452,52651
75.7,0.075253,-0.16936,0.1,-0.2,0.056573,-0.12452,30762
75.8,0.10471,-0.18603,0.1,-0.2,0.05198,-0.12699,4274.4
75.9,0.10686,-0.20239,0.1,-0.2,0.049831,-0.12358,4214.2
76,0.10593,-0.20288,0.1,-0.2,0.048881,-0.12218,4272.7
76.1,0.10377,-0.20182,0.1,-0.2,0.048708,-0.12165,4214.7
76.2,0.10178,-0.20108,0.1,-0.2,0.048708,-0.12137,4270.6
76.3,0.10133,-0.20084,0.1,-0.2,0.048396,-0.12101,4214.6
76.4,0.098779,-0.20065,0.1,-0.2,0.048932,-0.12095,4269.4
76.5,0.098681,-0.19971,0.1,-0.2,0.049224,-0.12125,4214.4
76.6,0.10038,-0.19917,0.1,-0.2,0.048954,-0.12153,4271.8
76.7,0.099697,-0.20077,0.1,-0.2,0.049018,-0.12108,4273.3
76.8,0.10007,-0.19998,0.1,-0.2,0.048957,-0.12115,4273.2
76.9,0.10046,-0.19982,0.1,-0.2,0.048844,-0.12121,4270.9
77,0.10224,-0.19786,0.1,-0.2,0.048343,-0.12208,4213.1
77.1,0.099341,-0.20094,0.1,-0.2,0.048779,-0.12155,4272.1
77.2,0.099692,-0.20024,0.1,-0.2,0.048789,-0.12152,4214.4
77.3,0.099472,-0.20115,0.1,-0.2,0.048823,-0.121,4270.7
77.4,0.099951,-0.19968,0.1,-0.2,0.048801,-0.12126,4213.9
77.5,0.099443,-0.19975,0.1,-0.2,0.04899,-0.12142,4270.9
77.6,0.10006,-0.19964,0.1,-0.2,0.048921,-0.12154,4213.8
77.7,0.10009,-0.20083,0.1,-0.2,0.048819,-0.12107,4273.8
77.8,0.09979,-0.19969,0.1,-0.2,0.048943,-0.12134,4274.4
77.9,0.099526,-0.19998,0.1,-0.2,0.049073,-0.12136,4273.9
78,0.10047,-0.19896,0.1,-0.2,0.048932,-0.12182,4270.5
78.1,0.10005,-0.20114,0.1,-0.2,0.048863,-0.12113,4215.4
78.2,0.10038,-0.19911,0.1,-0.2,0.048835,-0.12167,4272.6
78.3,0.10012,-0.2009,0.1,-0.2,0.048768,-0.12113,4214.8
78.4,0.099873,-0.20013,0.1,-0.2,0.048835,-0.12118,4271.6
78.5,0.10072,-0.19943,0.1,-0.2,0.048627,-0.12141,4213
78.6,0.10076,-0.2004,0.1,-0.2,0.048434,-0.12111,4270.9
78.7,0.098647,-0.20046,0.1,-0.2,0.048972,-0.12109,4214.6
78.8,0.098945,-0.2003,0.1,-0.2,0.049117,-0.12103,4272.8
78.9,0.10026,-0.19934,0.1,-0.2,0.048925,-0.12131,4273.2
79,0.10179,-0.19929,0.1,-0.2,0.048396,-0.12144,4273.4
79.1,0.098647,-0.20078,0.1,-0.2,0.049037,-0.12119,4271.1
79.2,0.099302,-0.19935,0.1,-0.2,0.049166,-0.12161,4214.6
79.3,0.10106,-0.19971,0.1,-0.2,0.048714,-0.12155,4272.6
79.4,0.10023,-0.20012,0.1,-0.2,0.048759,-0.12147,4214.5
79.5,0.09958,-0.20121,0.1,-0.2,0.048832,-0.12093,4270.7
79.6,0.10022,-0.20007,0.1,-0.2,0.04873,-0.12099,4214.3
79.7,0.10062,-0.19925,0.1,-0.2,0.048624,-0.12134,4268.8
79.8,0.10105,-0.19928,0.1,-0.2,0.048403,-0.12155,4214
79.9,0.09895,-0.20034,0.1,-0.2,0.048875,-0.12145,4271.5
80,0.10043,-0.19998,0.1,-0.2,0.048589,-0.1214,4274
80.1,0.099687,-0.2008,0.1,-0.2,0.048678,-0.12104,4272.8
80.2,0.10078,-0.19996,0.1,-0.2,0.048385,-0.12105,4270.8
80.3,0.098847,-0.20002,0.1,-0.2,0.048886,-0.1212,4214.8
80.4,0.099199,-0.19936,0.1,-0.2,0.049058,-0.12156,4272.6
80.5,0.099868,-0.20069,0.1,-0.2,0.048896,-0.1211,4215.7
80.6,0.10027,-0.20001,0.1,-0.2,0.048785,-0.12113,4270.2
80.7,0.10091,-0.19989,0.1,-0.2,0.048525,-0.12111,4215.3
80.8,0.10014,-0.19928,0.1,-0.2,0.04869,-0.12151,4271.9
80.9,0.099819,-0.20016,0.1,-0.2,0.048757,-0.12138,4275.2
81,0.101,-0.19943,0.1,-0.2,0.048436,-0.12157,4270.9
81.1,0.099653,-0.20098,0.1,-0.2,0.048603,-0.12109,4274.5
81.2,0.099888,-0.2001,0.1,-0.2,0.048598,-0.12114,4214.2
81.3,0.09936,-0.20003,0.1,-0.2,0.048802,-0.1212,4271.7
81.4,0.1,-0.19967,0.1,-0.2,0.048735,-0.12134,4214.5
81.5,0.099673,-0.19967,0.1,-0.2,0.048855,-0.1215,4271.5
81.6,0.10039,-0.19948,0.1,-0.2,0.048716,-0.12167,4212.6
81.7,0.10014,-0.20039,0.1,-0.2,0.04868,-0.12142,4271
81.8,0.099204,-0.20038,0.1,-0.2,0.048949,-0.12136,4214.5
81.9,0.099062,-0.20016,0.1,-0.2,0.049142,-0.12138,4272.5
82,0.10051,-0.19962,0.1,-0.2,0.048862,-0.12149,4275.7
82.1,0.10052,-0.20054,0.1,-0.2,0.048698,-0.12114,4273.7
82.2,0.10006,-0.1997,0.1,-0.2,0.048795,-0.12138,4275.1
82.3,0.099468,-0.20076,0.1,-0.2,0.048929,-0.12102,4215.2
82.4,0.099643,-0.2,0.1,-0.2,0.048985,-0.12111,4272.4
82.5,0.10011,-0.19927,0.1,-0.2,0.048949,-0.12146,4214.4
82.6,0.10085,-0.20022,0.1,-0.2,0.048641,-0.12118,4272
82.7,0.10048,-0.20003,0.1,-0.2,0.048607,-0.12118,4214.5
82.8,0.10001,-0.19978,0.1,-0.2,0.048707,-0.12132,4269.6
82.9,0.10006,-0.2001,0.1,-0.2,0.048682,-0.12125,4217.2
83,0.10109,-0.19819,0.1,-0.2,0.048474,-0.12207,4273
83.1,0.099536,-0.20088,0.1,-0.2,0.04868,-0.12152,4276.6
83.2,0.099429,-0.20035,0.1,-0.2,0.048786,-0.12146,4272.9
83.3,0.099399,-0.2006,0.1,-0.2,0.04886,-0.12123,4274.8
83.4,0.099345,-0.20081,0.1,-0.2,0.048929,-0.12092,4214.5
83.5,0.099907,-0.1998,0.1,-0.2,0.048888,-0.12109,4272.3
83.6,0.099941,-0.19983,0.1,-0.2,0.048911,-0.12117,4215.6
83.7,0.099321,-0.19989,0.1,-0.2,0.04914,-0.12127,4271.2
83.8,0.10006,-0.19946,0.1,-0.2,0.049063,-0.12149,4213.8
83.9,0.10021,-0.20058,0.1,-0.2,0.048936,-0.12111,4272
84,0.10046,-0.19918,0.1,-0.2,0.048889,-0.12155,4216.5
84.1,0.10014,-0.20049,0.1,-0.2,0.048861,-0.12123,4274.4
84.2,0.1002,-0.19906,0.1,-0.2,0.048908,-0.12175,4276
84.3,0.10036,-0.19928,0.1,-0.2,0.048863,-0.12199,4271.7
84.4,0.099995,-0.20079,0.1,-0.2,0.048831,-0.12152,4275.8
84.5,0.10028,-0.20016,0.1,-0.2,0.048731,-0.12149,4214.1
84.6,0.099575,-0.20085,0.1,-0.2,0.04885,-0.12113,4272.3
84.7,0.099507,-0.20034,0.1,-0.2,0.048944,-0.12109,4215.2
84.8,0.099028,-0.20016,0.1,-0.2,0.049191,-0.12112,4271.9
84.9,0.10146,-0.19995,0.1,-0.2,0.048558,-0.12097,4213.5
85,0.10221,-0.19811,0.1,-0.2,0.048183,-0.12178,4269.2
85.1,0.10027,-0.2002,0.1,-0.2,0.048389,-0.12157,4214.3
85.2,0.097597,-0.20147,0.1,0.2,0.058389,-0.11157,49470
85.3,0.11777,-0.18518,0.1,0.2,0.068389,-0.10157,26733
85.4,0.16484,-0.15616,0.1,0.2,0.060049,-0.091568,20008
85.5,0.18074,-0.13823,0.1,0.2,0.05241,-0.081568,19949
85.6,0.17309,-0.12567,0.1,0.2,0.049359,-0.071568,19954
85.7,0.1657,-0.10873,0.1,0.2,0.047282,-0.061568,19953
85.8,0.16141,-0.091404,0.1,0.2,0.044854,-0.051568,19955
85.9,0.15893,-0.07244,0.1,0.2,0.041476,-0.041568,19951
86,0.15476,-0.055433,0.1,0.2,0.038509,-0.031568,19950
86.1,0.14915,-0.038505,0.1,0.2,0.036237,-0.021568,20011
86.2,0.146,-0.021797,0.1,0.2,0.033636,-0.011568,19953
86.3,0.14226,-0.004449,0.1,0.2,0.031119,-0.001568,20008
86.4,0.13894,0.013177,0.1,0.2,0.028481,0.008432,19951
86.5,0.13578,0.031209,0.1,0.2,0.025741,0.018432,20008
86.6,0.1332,0.049538,0.1,0.2,0.022742,0.028432,19949
86.7,0.12904,0.066457,0.1,0.2,0.020123,0.038432,19957
86.8,0.12484,0.083267,0.1,0.2,0.017668,0.048432,19953
86.9,0.12122,0.10164,0.1,0.2,0.01508,0.058432,19953
87,0.12074,0.12049,0.1,0.2,0.011471,0.068432,32916
87.1,0.11545,0.13462,0.1,0.2,0.009012,0.078432,33126
87.2,0.11071,0.15145,0.1,0.2,0.006561,0.088432,33994
87.3,0.10753,0.16759,0.1,0.2,0.003895,0.098432,30701
87.4,0.10371,0.18716,0.1,0.2,0.00306,0.10204,4274.6
87.5,0.099204,0.19839,0.1,0.2,0.004126,0.10092,4274.7
87.6,0.09852,0.2022,0.1,0.2,0.004806,0.099384,4273.9
87.7,0.099311,0.20028,0.1,0.2,0.004761,0.099521,4272.1
87.8,0.099131,0.20082,0.1,0.2,0.004932,0.099149,4214.1
87.9,0.098388,0.19996,0.1,0.2,0.005305,0.099154,4272.2
88,0.10108,0.20107,0.1,0.2,0.004806,0.098796,4213.9
88.1,0.10043,0.19926,0.1,0.2,0.004742,0.099279,4271.4
88.2,0.1002,0.19945,0.1,0.2,0.004708,0.099477,4215.1
88.3,0.098667,0.1996,0.1,0.2,0.005177,0.099461,4269.8
88.4,0.10045,0.20106,0.1,0.2,0.004934,0.098987,4213.5
88.5,0.098237,0.19984,0.1,0.2,0.005543,0.09899,4272.1
88.6,0.10097,0.20037,0.1,0.2,0.004982,0.098982,4274
88.7,0.099302,0.19943,0.1,0.2,0.005294,0.0992,4272.4
88.8,0.10076,0.19961,0.1,0.2,0.004926,0.099442,4272.2
88.9,0.099263,0.20035,0.1,0.2,0.005319,0.099104,4214.7
89,0.10245,0.20253,0.1,0.2,0.004615,0.098127,4271.4
89.1,0.098344,0.19854,0.1,0.2,0.00535,0.098866,4213.6
89.2,0.099189,0.19893,0.1,0.2,0.005322,0.099269,4270.1
89.3,0.10038,0.19918,0.1,0.2,0.005007,0.099648,4215.6
89.4,0.10077,0.20089,0.1,0.2,0.004901,0.099148,4272.6
89.5,0.10007,0.1995,0.1,0.2,0.004928,0.099461,4274.9
89.6,0.099453,0.2002,0.1,0.2,0.005171,0.09924,4271.8
89.7,0.1006,0.2005,0.1,0.2,0.00493,0.099093,4273.3
89.8,0.10093,0.20007,0.1,0.2,0.004688,0.099186,4274.5
89.9,0.099531,0.19968,0.1,0.2,0.004955,0.099264,4271.6
90,0.10002,0.20006,0.1,0.2,0.004899,0.09922,4213.8
90.1,0.098926,0.19979,0.1,0.2,0.005247,0.099223,4271.9
90.2,0.10089,0.20033,0.1,0.2,0.00481,0.099183,4213.9
90.3,0.10006,0.19922,-0.1,0.2,-0.00519,0.089183,1.0707e+05
90.4,0.071082,0.17894,-0.1,0.2,-0.01519,0.087121,78246
90.5,0.048567,0.17006,-0.1,0.2,-0.02519,0.092051,67667
90.6,0.011243,0.15928,-0.1,0.2,-0.03519,0.10205,39610
90.7,-0.037451,0.16029,-0.1,0.2,-0.04519,0.11205,52704
90.8,-0.07853,0.1675,-0.1,0.2,-0.04627,0.12205,30699
90.9,-0.10272,0.18539,-0.1,0.2,-0.042919,0.12516,4272.3
91,-0.10756,0.19918,-0.1,0.2,-0.040532,0.12316,4214.4
91.1,-0.1061,0.20111,-0.1,0.2,-0.039699,0.1223,4271.8
91.2,-0.10462,0.20112,-0.1,0.2,-0.039271,0.12182,4214.5
91.3,-0.1011,0.20052,-0.1,0.2,-0.03963,0.12185,4269.9
91.4,-0.10187,0.20077,-0.1,0.2,-0.039056,0.12137,4215.4
91.5,-0.10106,0.2004,-0.1,0.2,-0.038907,0.12122,4272.6
91.6,-0.09915,0.2003,-0.1,0.2,-0.039331,0.12126,4275.3
91.7,-0.10128,0.19982,-0.1,0.2,-0.038799,0.12121,4272.4
91.8,-0.098505,0.19991,-0.1,0.2,-0.039497,0.12146,4274.6
91.9,-0.0998,0.20111,-0.1,0.2,-0.039242,0.12082,4214.2
92,-0.09935,0.19952,-0.1,0.2,-0.039476,0.12123,4273
92.1,-0.10065,0.19918,-0.1,0.2,-0.039232,0.12151,4214.4
92.2,-0.098955,0.20068,-0.1,0.2,-0.039594,0.12121,4269.5
92.3,-0.10112,0.19914,-0.1,0.2,-0.03916,0.12155,4212.4
92.4,-0.10054,0.20072,-0.1,0.2,-0.03906,0.1211,4269.9
92.5,-0.10019,0.19974,-0.1,0.2,-0.03912,0.12132,4215.6
92.6,-0.10061,0.19944,-0.1,0.2,-0.038991,0.12153,4272.4
92.7,-0.10038,0.20001,-0.1,0.2,-0.03895,0.12146,4275.6
92.8,-0.098745,0.20104,-0.1,0.2,-0.039332,0.12107,4272.3
92.9,-0.099726,0.20092,-0.1,0.2,-0.039178,0.12068,4274.6
93,-0.099653,0.19968,-0.1,0.2,-0.039293,0.12097,4215.7
93.1,-0.099844,0.19929,-0.1,0.2,-0.039349,0.1213,4273.1
93.2,-0.10145,0.19891,-0.1,0.2,-0.038916,0.12162,4213.4
93.3,-0.099946,0.19971,-0.1,0.2,-0.039159,0.12172,4272
93.4,-0.10088,0.19971,-0.1,0.2,-0.038877,0.12175,4214.5
93.5,-0.099878,0.20038,-0.1,0.2,-0.039011,0.12158,4270.4
93.6,-0.099018,0.20064,-0.1,0.2,-0.03928,0.12138,4216
93.7,-0.10004,0.20073,-0.1,0.2,-0.039059,0.12102,4273.7
93.8,-0.099751,0.2002,-0.1,0.2,-0.039144,0.12103,4275.9
93.9,-0.098882,0.20042,-0.1,0.2,-0.039452,0.12095,4272.7
94,-0.10042,0.19938,-0.1,0.2,-0.03921,0.12121,4274.8
94.1,-0.10103,0.19914,-0.1,0.2,-0.038987,0.1215,4214.9
94.2,-0.099961,0.19987,-0.1,0.2,-0.039146,0.12153,4273.1
94.3,-0.09937,0.20009,-0.1,0.2,-0.039349,0.12152,4214.9
94.4,-0.10141,0.19991,-0.1,0.2,-0.038792,0.1214,4272.2
94.5,-0.098926,0.20103,-0.1,0.2,-0.039263,0.12104,4213.5
94.6,-0.098139,0.19998,-0.1,0.2,-0.039757,0.1213,4271.5
94.7,-0.10056,0.19962,-0.1,0.2,-0.039325,0.12134,4215.9
94.8,-0.10137,0.19952,-0.1,0.2,-0.038967,0.12143,4272.1
94.9,-0.099194,0.20073,-0.1,0.2,-0.039364,0.12115,4274.6
95,-0.1004,0.20013,-0.1,0.2,-0.039136,0.12109,4274.6
95.1,-0.1006,0.19962,-0.1,0.2,-0.039035,0.12127,4272.2
95.2,-0.10018,0.20012,-0.1,0.2,-0.039041,0.12118,4214.2
95.3,-0.099184,0.19988,-0.1,0.2,-0.03935,0.12134,4273.5
95.4,-0.1003,0.19931,-0.1,0.2,-0.039196,0.12161,4215.2
95.5,-0.09977,0.2001,-0.1,0.2,-0.039283,0.12152,4270.5
95.6,-0.099433,0.20018,-0.1,0.2,-0.039422,0.12147,4213.6
95.7,-0.10046,0.20035,-0.1,0.2,-0.039154,0.12124,4270.6
95.8,-0.10011,0.20024,-0.1,0.2,-0.039173,0.12117,4213.7
95.9,-0.099658,0.1997,-0.1,0.2,-0.039339,0.1214,4273.9
96,-0.09998,0.20009,-0.1,0.2,-0.039287,0.12131,4274.3
96.1,-0.10095,0.20051,-0.1,0.2,-0.038918,0.12095,4272.8
96.2,-0.10027,0.2007,-0.1,0.2,-0.038911,0.12067,4272.1
96.3,-0.10068,0.19875,-0.1,0.2,-0.038854,0.12134,4214.2
96.4,-0.099775,0.19924,-0.1,0.2,-0.039085,0.12166,4272.9
96.5,-0.098608,0.19998,-0.1,0.2,-0.039506,0.12171,4215.3
96.6,-0.10062,0.19983,-0.1,0.2,-0.039086,0.12164,4271
96.7,-0.10001,0.20033,-0.1,0.2,-0.039129,0.12147,4213.3
96.8,-0.09978,0.20122,-0.1,0.2,-0.03911,0.12091,4269.8
96.9,-0.098842,0.20144,-0.1,0.2,-0.039376,0.12043,4214
97,-0.10012,0.19947,-0.1,0.2,-0.039247,0.1208,4272.8
97.1,-0.10015,0.19883,-0.1,0.2,-0.039297,0.12134,4274.8
97.2,-0.10004,0.19971,-0.1,0.2,-0.039308,0.12135,4274.6
97.3,-0.10019,0.19923,-0.1,0.2,-0.039307,0.12169,4272
97.4,-0.10004,0.20043,-0.1,0.2,-0.039275,0.12139,4214.2
97.5,-0.099756,0.20049,-0.1,0.2,-0.039322,0.1212,4271.5
97.6,-0.10072,0.2,-0.1,0.2,-0.039053,0.12118,4214.9
97.7,-0.099971,0.19933,-0.1,0.2,-0.03923,0.12157,4271
97.8,-0.098784,0.20046,-0.1,0.2,-0.039591,0.12138,4213.9
97.9,-0.099863,0.20103,-0.1,0.2,-0.039371,0.12084,4272.4
98,-0.10095,0.19873,-0.1,0.2,-0.039147,0.1215,4275.3
98.1,-0.10013,0.1995,-0.1,0.2,-0.039267,0.12167,4271.9
98.2,-0.099028,0.20059,-0.1,0.2,-0.039562,0.12141,4273.6
98.3,-0.10124,0.20014,-0.1,0.2,-0.039004,0.12122,4274.1
98.4,-0.10125,0.20038,-0.1,0.2,-0.038727,0.12098,4273.3
98.5,-0.099116,0.19995,-0.1,0.2,-0.039228,0.12121,4214.7
98.6,-0.098662,0.1994,-0.1,0.2,-0.039616,0.12161,4273
98.7,-0.10034,0.19984,-0.1,0.2,-0.039302,0.12151,4215.6
98.8,-0.09999,0.20012,-0.1,0.2,-0.039312,0.12144,4269.7
98.9,-0.09936,0.20157,-0.1,0.2,-0.039391,0.12071,4215.2
99,-0.10022,0.19939,-0.1,0.2,-0.039314,0.12115,4272.6
99.1,-0.10063,0.19856,-0.1,0.2,-0.039261,0.12178,4274.4
99.2,-0.099873,0.19993,-0.1,0.2,-0.03937,0.12169,4271.4
99.3,-0.10058,0.1999,-0.1,0.2,-0.039161,0.12166,4274.8
99.4,-0.099834,0.20019,-0.1,0.2,-0.039285,0.1216,4213.3
99.5,-0.10019,0.1997,-0.1,0.2,-0.039226,0.12175,4271
99.6,-0.099609,0.20147,-0.1,0.2,-0.039253,0.12101,4214.1
99.7,-0.099756,0.1994,-0.1,0.2,-0.039356,0.12148,4272.2
99.8,-0.10122,0.19903,-0.1,0.2,-0.038981,0.12178,4213.4
99.9,-0.099409,0.20082,-0.1,0.2,-0.039273,0.12138,4269.2
